표준링크ID,출발표준노드,도착표준노드,지도상거리,도로등급코드,도로유형코드,도로명,연결로유형코드,통행제한차량유형코드,적용시작일자
1500000100,1500000100,1500000200,27.96,104,0,달구벌대로,0,0,2020-09-01
1500000200,1500000200,1500000100,27.89,104,0,달구벌대로,0,0,2020-09-01
1500000503,1500000300,1500000302,215.56,104,0,달구벌대로,0,0,2020-09-01
1500000504,1500000302,1500000301,95.65,104,0,달구벌대로,0,0,2020-09-01
1500000505,1500000301,1500000303,403.4,104,0,달구벌대로,0,0,2020-09-01
1500000506,1500000303,1500000600,67.41,104,0,달구벌대로,0,0,2020-09-01
1500000603,1500000301,1500000302,95.08,104,0,달구벌대로,0,0,2020-09-01
1500000604,1500000302,1500000300,215.6,104,0,달구벌대로,0,0,2020-09-01
1500000605,1500000600,1500000303,67.23,104,0,달구벌대로,0,0,2020-09-01
1500000606,1500000303,1500000301,402.95,104,0,달구벌대로,0,0,2020-09-01
1500000700,1500000500,1500000400,295.19,104,0,달구벌대로,0,0,2020-09-01
1500000800,1500000400,1500000500,295.3,104,0,달구벌대로,0,0,2020-09-01
1500001100,1500000600,1500000800,505.37,104,0,달구벌대로,0,0,2020-09-01
1500001200,1500000800,1500000600,506.92,104,0,달구벌대로,0,0,2020-09-01
1500001500,1500000900,1500001000,23.94,104,0,명덕로,0,0,2020-09-01
1500001600,1500001000,1500000900,23.94,104,0,명덕로,0,0,2020-09-01
1500001701,1500001000,1500001001,109.84,104,0,명덕로,0,0,2020-09-01
1500001702,1500001001,1500001100,204.09,104,0,명덕로,0,0,2020-09-01
1500001801,1500001100,1500001001,203.68,104,0,명덕로,0,0,2020-09-01
1500001802,1500001001,1500001000,110.25,104,0,명덕로,0,0,2020-09-01
1500001900,1500001000,1500001500,169.87,102,0,신천대로,0,5,2020-09-01
1500002000,1500001500,1500001000,169.87,102,0,신천대로,0,5,2020-09-01
1500002100,1500001100,1500001200,117.55,104,0,명덕로,0,0,2020-09-01
1500002200,1500001200,1500001100,117.55,104,0,명덕로,0,0,2020-09-01
1500002500,1500001200,1500001300,387.05,104,0,명덕로,0,0,2020-09-01
1500002600,1500001300,1500001200,391.63,104,0,명덕로,0,0,2020-09-01
1500002901,1500001300,1500001301,230.63,104,0,명덕로,0,0,2020-09-01
1500002902,1500001301,1500001800,469.76,104,0,명덕로,0,0,2020-09-01
1500003001,1500001800,1500001301,469.13,104,0,명덕로,0,0,2020-09-01
1500003002,1500001301,1500001300,227.8,104,0,명덕로,0,0,2020-09-01
1500003100,1500001300,1500002100,494.06,104,0,이천로,0,0,2020-09-01
1500003200,1500002100,1500001300,491.33,104,0,이천로,0,0,2020-09-01
1500003300,1500001400,1500001600,415.33,104,0,명덕로,0,0,2020-09-01
1500003400,1500001600,1500001400,415.33,104,0,명덕로,0,0,2020-09-01
1500003501,1500001400,1500001401,131.78,104,0,명덕로,0,0,2020-09-01
1500003502,1500001401,1500002000,721,104,0,명덕로,0,0,2020-09-01
1500003601,1500002000,1500001401,718.96,104,0,명덕로,0,0,2020-09-01
1500003602,1500001401,1500001400,133.82,104,0,명덕로,0,0,2020-09-01
1500003701,1500001400,1500001402,83.84,104,0,남산로,0,0,2020-09-01
1500003704,1500001403,1500002700,201.33,104,0,남산로,0,0,2020-09-01
1500003706,1500001404,1500001403,151.86,104,0,남산로,0,0,2020-09-01
1500003707,1500001402,1500001405,198.09,104,0,남산로,0,0,2020-09-01
1500003708,1500001405,1500001404,179.63,104,0,남산로,0,0,2020-09-01
1500003802,1500001402,1500001400,84,104,0,남산로,0,0,2020-09-01
1500003803,1500002700,1500001403,200.93,104,0,남산로,0,0,2020-09-01
1500003805,1500001403,1500001404,151.86,104,0,남산로,0,0,2020-09-01
1500003807,1500001404,1500001405,179.63,104,0,남산로,0,0,2020-09-01
1500003808,1500001405,1500001402,198.33,104,0,남산로,0,0,2020-09-01
1500003900,1500001500,1500001900,349.07,102,0,신천대로,0,5,2020-09-01
1500004000,1500001900,1500001500,353.98,102,0,신천대로,0,5,2020-09-01
1500004100,1500001600,1500001700,37.44,104,0,명덕로,0,0,2020-09-01
1500004200,1500001700,1500001600,37.44,104,0,명덕로,0,0,2020-09-01
1500004300,1500001700,1500001800,261.04,104,0,명덕로,0,0,2020-09-01
1500004400,1500001800,1500001700,261.04,104,0,명덕로,0,0,2020-09-01
1500004700,1500001800,1500002400,500.35,104,0,중앙대로,0,0,2020-09-01
1500004800,1500002400,1500001800,500.35,104,0,중앙대로,0,0,2020-09-01
1500004900,1500001900,1500000200,277.6,102,0,신천대로,0,5,2020-09-01
1500005000,1500000200,1500001900,273.04,102,0,신천대로,0,5,2020-09-01
1500005100,1500001900,1500002600,520.75,102,2,신천대로,0,5,2020-09-01
1500005200,1500002600,1500001900,525.29,102,2,신천대로,0,5,2020-09-01
1500005700,1500002100,1500002200,169.27,104,0,명륜로,0,0,2020-09-01
1500005800,1500002200,1500002100,169.27,104,0,명륜로,0,0,2020-09-01
1500005901,1500002100,1500002101,413.99,104,0,명륜로,0,0,2020-09-01
1500005902,1500002101,1500002400,182.26,104,0,명륜로,0,0,2020-09-01
1500006001,1500002400,1500002101,180.53,104,0,명륜로,0,0,2020-09-01
1500006002,1500002101,1500002100,421.51,104,0,명륜로,0,0,2020-09-01
1500006100,1500002100,1500000500,429.12,104,0,이천로,0,0,2020-09-01
1500006200,1500000500,1500002100,426,104,0,이천로,0,0,2020-09-01
1500006300,1500002200,1500002300,284.73,104,0,명륜로,0,0,2020-09-01
1500006400,1500002300,1500002200,284.72,104,0,명륜로,0,0,2020-09-01
1500006701,1500002300,1500002301,81.53,104,0,동덕로,0,0,2020-09-01
1500006702,1500002301,1500000400,200.96,104,0,동덕로,0,0,2020-09-01
1500006801,1500000400,1500002301,198.96,104,0,동덕로,0,0,2020-09-01
1500006802,1500002301,1500002300,83.53,104,0,동덕로,0,0,2020-09-01
1500006900,1500002400,1500002500,227.74,104,0,명륜로,0,0,2020-09-01
1500007000,1500002500,1500002400,227.74,104,0,명륜로,0,0,2020-09-01
1500007101,1500002400,1500002401,104.16,104,0,중앙대로,0,0,2020-09-01
1500007103,1500002401,1500002402,104.49,104,0,중앙대로,0,0,2020-09-01
1500007105,1500002402,1500002403,85.75,104,0,중앙대로,0,0,2020-09-01
1500007106,1500002403,1500000700,187.28,104,0,중앙대로,0,0,2020-09-01
1500007202,1500002401,1500002400,102.93,104,0,중앙대로,0,0,2020-09-01
1500007204,1500002402,1500002401,102.24,104,0,중앙대로,0,0,2020-09-01
1500007205,1500000700,1500002403,187.37,104,0,중앙대로,0,0,2020-09-01
1500007206,1500002403,1500002402,85.75,104,0,중앙대로,0,0,2020-09-01
1500007300,1500000200,1500002600,247.62,102,0,신천대로,0,5,2020-09-01
1500007400,1500002600,1500000200,247.62,102,0,신천대로,0,5,2020-09-01
1500007500,1500002500,1500000800,551.45,104,0,명륜로,0,0,2020-09-01
1500007600,1500000800,1500002500,551.45,104,0,명륜로,0,0,2020-09-01
1500007900,1500000400,1500003500,473.32,104,0,동덕로,0,0,2020-09-01
1500008000,1500003500,1500000400,473.32,104,0,동덕로,0,0,2020-09-01
1500008100,1500002600,1500002800,131.62,102,0,신천대로,0,5,2020-09-01
1500008200,1500002800,1500002600,131.62,102,0,신천대로,0,5,2020-09-01
1500008300,1500002700,1500000600,136.06,104,0,남산로,0,0,2020-09-01
1500008400,1500000600,1500002700,136.06,104,0,남산로,0,0,2020-09-01
1500008700,1500000500,1500003700,492.9,104,0,공평로,0,0,2020-09-01
1500008800,1500003700,1500000500,489.1,104,0,공평로,0,0,2020-09-01
1500009100,1500002800,1500003100,174.74,102,0,신천대로,0,5,2020-09-01
1500009200,1500003100,1500002800,174.74,102,0,신천대로,0,5,2020-09-01
1500009300,1500000600,1500004100,426.43,104,0,달성로,0,0,2020-09-01
1500009400,1500004100,1500000600,426.43,104,0,달성로,0,0,2020-09-01
1500010100,1500000700,1500003400,190.36,104,0,중앙대로,0,0,2020-09-01
1500010200,1500003400,1500000700,190.36,104,0,중앙대로,0,0,2020-09-01
1500010500,1500003100,1500003900,323.93,102,0,신천대로,0,5,2020-09-01
1500010600,1500003900,1500003100,311.36,102,0,신천대로,0,5,2020-09-01
1500010900,1500000800,1500003600,149.3,104,0,서성로,0,0,2020-09-01
1500011000,1500003600,1500000800,155.21,104,0,서성로,0,0,2020-09-01
1500012100,1500003400,1500005400,423.7,104,0,중앙대로,0,0,2020-09-01
1500012200,1500005400,1500003400,425.48,104,0,중앙대로,0,0,2020-09-01
1500012500,1500003500,1500004400,203.98,104,0,동덕로,0,0,2020-09-01
1500012600,1500004400,1500003500,203.98,104,0,동덕로,0,0,2020-09-01
1500012700,1500003600,1500004500,213.69,104,0,서성로,0,0,2020-09-01
1500012800,1500004500,1500003600,213.69,104,0,서성로,0,0,2020-09-01
1500013100,1500003700,1500004600,199.09,104,0,공평로,0,0,2020-09-01
1500013200,1500004600,1500003700,199.09,104,0,공평로,0,0,2020-09-01
1500013300,1500003800,1500003900,18.53,104,0,국채보상로,0,0,2020-09-01
1500013400,1500003900,1500003800,18.53,104,0,국채보상로,0,0,2020-09-01
1500013700,1500003900,1500006200,624.74,102,0,신천대로,0,5,2020-09-01
1500013800,1500006200,1500003900,621.11,102,0,신천대로,0,5,2020-09-01
1500014300,1500004100,1500005200,207.91,104,0,달성로,0,0,2020-09-01
1500014400,1500005200,1500004100,207.91,104,0,달성로,0,0,2020-09-01
1500014500,1500004200,1500004300,206.32,104,0,국채보상로,0,0,2020-09-01
1500014600,1500004300,1500004200,206.32,104,0,국채보상로,0,0,2020-09-01
1500014900,1500004300,1500004400,219.55,104,0,국채보상로,0,0,2020-09-01
1500015000,1500004400,1500004300,219.55,104,0,국채보상로,0,0,2020-09-01
1500015300,1500004400,1500004600,349.21,104,0,국채보상로,0,0,2020-09-01
1500015400,1500004600,1500004400,349.21,104,0,국채보상로,0,0,2020-09-01
1500015500,1500004400,1500005100,152.28,104,0,동덕로,0,0,2020-09-01
1500015600,1500005100,1500004400,152.28,104,0,동덕로,0,0,2020-09-01
1500015700,1500004500,1500004700,50.55,104,0,서성로,0,0,2020-09-01
1500015800,1500004700,1500004500,50.55,104,0,서성로,0,0,2020-09-01
1500016100,1500004600,1500005600,151.66,104,0,공평로,0,0,2020-09-01
1500016200,1500005600,1500004600,151.66,104,0,공평로,0,0,2020-09-01
1500016300,1500004700,1500005000,200.24,104,0,국채보상로,0,0,2020-09-01
1500016400,1500005000,1500004700,200.24,104,0,국채보상로,0,0,2020-09-01
1500016700,1500004700,1500005500,112.33,104,0,서성로,0,0,2020-09-01
1500016800,1500005500,1500004700,112.33,104,0,서성로,0,0,2020-09-01
1500017300,1500004900,1500005200,251.08,104,0,국채보상로,0,0,2020-09-01
1500017400,1500005200,1500004900,251.08,104,0,국채보상로,0,0,2020-09-01
1500017900,1500005000,1500005300,85.01,104,0,국채보상로,0,0,2020-09-01
1500018000,1500005300,1500005000,85.01,104,0,국채보상로,0,0,2020-09-01
1500018300,1500005100,1500005900,219.74,104,0,동덕로,0,0,2020-09-01
1500018400,1500005900,1500005100,217.07,104,0,동덕로,0,0,2020-09-01
1500018500,1500005200,1500005300,178.78,104,0,국채보상로,0,0,2020-09-01
1500018600,1500005300,1500005200,178.78,104,0,국채보상로,0,0,2020-09-01
1500018700,1500005200,1500006100,314.23,104,0,달성로,0,0,2020-09-01
1500018800,1500006100,1500005200,318.47,104,0,달성로,0,0,2020-09-01
1500019100,1500005400,1500005700,120.36,104,0,중앙대로,0,0,2020-09-01
1500019200,1500005700,1500005400,120.36,104,0,중앙대로,0,0,2020-09-01
1500019900,1500005600,1500006500,277.88,104,0,공평로,0,0,2020-09-01
1500020000,1500006500,1500005600,277.88,104,0,공평로,0,0,2020-09-01
1500020300,1500005800,1500005900,160.34,104,0,태평로,0,0,2020-09-01
1500020400,1500005900,1500005800,160.34,104,0,태평로,0,0,2020-09-01
1500020500,1500005800,1500006000,225.31,104,0,태평로,0,0,2020-09-01
1500020600,1500006000,1500005800,225.31,104,0,태평로,0,0,2020-09-01
1500020700,1500005900,1500006500,318.04,104,0,태평로,0,0,2020-09-01
1500020800,1500006500,1500005900,315.37,104,0,태평로,0,0,2020-09-01
1500020900,1500005900,1540008000,214.7,104,0,신암로,0,0,2020-09-01
1500021000,1540008000,1500005900,221.11,104,0,신암로,0,0,2020-09-01
1500021100,1500006000,1500006200,211.62,104,0,태평로,0,0,2020-09-01
1500021200,1500006200,1500006000,211.62,104,0,태평로,0,0,2020-09-01
1500021900,1500006200,1500006300,18.77,104,0,태평로,0,0,2020-09-01
1500022000,1500006300,1500006200,18.77,104,0,태평로,0,0,2020-09-01
1500022300,1500006300,1510008900,90.85,104,3,태평로,0,0,2020-09-01
1500022400,1510008900,1500006300,90.85,104,3,태평로,0,0,2020-09-01
1500022700,1500006500,1500006800,603.82,104,0,태평로,0,0,2020-09-01
1500022800,1500006800,1500006500,603.82,104,0,태평로,0,0,2020-09-01
1500023301,1500006600,1500006601,137.28,104,0,서성로,0,0,2020-09-01
1500023302,1500006601,1500006900,150.46,104,0,서성로,0,0,2020-09-01
1500023401,1500006900,1500006601,151.71,104,0,서성로,0,0,2020-09-01
1500023402,1500006601,1500006600,137.84,104,0,서성로,0,0,2020-09-01
1500023500,1500006700,1500006800,58.45,104,0,중앙대로,0,0,2020-09-01
1500023600,1500006800,1500006700,58.45,104,0,중앙대로,0,0,2020-09-01
1500023900,1500006800,1540008700,299.14,104,0,중앙대로,0,0,2020-09-01
1500024000,1540008700,1500006800,302.71,104,0,중앙대로,0,0,2020-09-01
1500024101,1500006900,1500006901,242.75,104,0,태평로,0,0,2020-09-01
1500024102,1500006901,1500007100,363.95,104,0,태평로,0,0,2020-09-01
1500024201,1500007100,1500006901,363.02,104,0,태평로,0,0,2020-09-01
1500024202,1500006901,1500006900,243.69,104,0,태평로,0,0,2020-09-01
1500024300,1500006900,1540009000,291.31,104,0,침산로,0,0,2020-09-01
1500024400,1540009000,1500006900,291.31,104,0,침산로,0,0,2020-09-01
1500024700,1500007100,1500007200,338.31,104,0,태평로,0,0,2020-09-01
1500024800,1500007200,1500007100,338.31,104,0,태평로,0,0,2020-09-01
1500024900,1500007100,1540009400,309.52,104,0,원대로,0,0,2020-09-01
1500025000,1540009400,1500007100,320.27,104,0,원대로,0,0,2020-09-01
1500025300,1500007200,1520005800,359.55,104,0,달서천로,0,0,2020-09-01
1500026100,1500002300,1500007300,322.95,104,0,동덕로,0,0,2020-09-01
1500026200,1500007300,1500001100,348.26,104,0,동덕로,0,0,2020-09-01
1500026300,1500001100,1500007300,358.58,104,0,동덕로,0,0,2020-09-01
1500026400,1500007300,1500002300,324.97,104,0,동덕로,0,0,2020-09-01
1500026500,1500000400,1500007400,318.27,104,0,달구벌대로,0,0,2020-09-01
1500026600,1500007400,1500000200,208.22,104,0,달구벌대로,0,0,2020-09-01
1500026700,1500000200,1500007400,214.6,104,0,달구벌대로,0,0,2020-09-01
1500026800,1500007400,1500000400,317.25,104,0,달구벌대로,0,0,2020-09-01
1500028100,1500004200,1500008300,213.46,104,0,국채보상로,0,0,2020-09-01
1500028201,1500008300,1500003901,73.07,104,0,국채보상로,0,0,2020-09-01
1500028202,1500003901,1500003900,137.42,104,0,국채보상로,0,0,2020-09-01
1500028700,1500007300,1500001900,239.56,104,0,동덕로,0,0,2020-09-01
1500028800,1500001900,1500007300,232.32,104,0,동덕로,0,0,2020-09-01
1500029901,1500003900,1500003901,136.74,104,0,국채보상로,0,0,2020-09-01
1500029902,1500003901,1500008300,73.53,104,0,국채보상로,0,0,2020-09-01
1500030000,1500008300,1500004200,213.67,104,0,국채보상로,0,0,2020-09-01
1500030500,1500008700,1500008400,198.42,104,0,동성로2길,0,0,2020-09-01
1500030600,1500008400,1500008700,200.11,104,0,동성로2길,0,0,2020-09-01
1500030700,1500007100,1500009600,157.27,104,0,달성로,0,0,2020-09-01
1500030800,1500006100,1500009600,312.02,104,0,달성로,0,0,2020-09-01
1500030900,1500009600,1500006100,310,104,0,달성로,0,0,2020-09-01
1500031000,1500009600,1500007100,166.91,104,0,달성로,0,0,2020-09-01
1500031900,1500005500,1500009000,144.56,104,0,서성로,0,0,2020-09-01
1500032000,1500006600,1500009000,169.5,104,0,서성로,0,0,2020-09-01
1500032100,1500009000,1500006600,166.58,104,0,서성로,0,0,2020-09-01
1500032200,1500009000,1500005500,141.64,104,0,서성로,0,0,2020-09-01
1500032301,1500009500,1500006801,69.16,104,0,태평로,0,0,2020-09-01
1500032302,1500006801,1500006800,284.09,104,0,태평로,0,0,2020-09-01
1500032400,1500009500,1500006900,274.61,104,0,태평로,0,0,2020-09-01
1500032500,1500006900,1500009500,276.49,104,0,태평로,0,0,2020-09-01
1500032601,1500006800,1500006801,283.05,104,0,태평로,0,0,2020-09-01
1500032602,1500006801,1500009500,72.17,104,0,태평로,0,0,2020-09-01
1500034700,1500005400,1500008600,274.7,104,0,국채보상로,0,0,2020-09-01
1500034800,1500004700,1500008600,349.98,104,0,국채보상로,0,0,2020-09-01
1500034900,1500008600,1500004700,345.95,104,0,국채보상로,0,0,2020-09-01
1500035000,1500008600,1500005400,271.53,104,0,국채보상로,0,0,2020-09-01
1500035100,1500007800,1500008200,168.43,104,0,종로,0,0,2020-09-01
1500035200,1500008200,1500008600,390.3,104,0,종로,0,0,2020-09-01
1500035300,1500008600,1500008200,387.76,104,0,종로,0,0,2020-09-01
1500035400,1500008200,1500007800,167.97,104,0,종로,0,0,2020-09-01
1500035600,1500008200,1500003400,130.11,104,0,남성로,0,0,2020-09-01
1500035700,1500003400,1500008200,132.76,104,0,남성로,0,0,2020-09-01
1500035901,1500000800,1500007801,142.77,104,0,달구벌대로,0,0,2020-09-01
1500035903,1500007801,1500007802,50.87,104,0,달구벌대로,0,0,2020-09-01
1500035904,1500007802,1500007800,223.11,104,0,달구벌대로,0,0,2020-09-01
1500036000,1500000700,1500007800,111.41,104,0,달구벌대로,0,0,2020-09-01
1500036100,1500007800,1500000700,112.02,104,0,달구벌대로,0,0,2020-09-01
1500036202,1500007801,1500000800,147.53,104,0,달구벌대로,0,0,2020-09-01
1500036203,1500007800,1500007802,222.1,104,0,달구벌대로,0,0,2020-09-01
1500036204,1500007802,1500007801,50.87,104,0,달구벌대로,0,0,2020-09-01
1500036300,1500003400,1500008000,165.08,104,0,동성로1길,0,0,2020-09-01
1500036600,1500008000,1500003400,167.47,104,0,동성로1길,0,0,2020-09-01
1500036701,1500000500,1500000501,140.86,104,0,달구벌대로,0,0,2020-09-01
1500036702,1500000501,1500007600,194.9,104,0,달구벌대로,0,0,2020-09-01
1500036800,1500000700,1500007600,255.94,104,0,달구벌대로,0,0,2020-09-01
1500036900,1500007600,1500000700,253.71,104,0,달구벌대로,0,0,2020-09-01
1500037001,1500007600,1500000501,190.99,104,0,달구벌대로,0,0,2020-09-01
1500037002,1500000501,1500000500,140.62,104,0,달구벌대로,0,0,2020-09-01
1500037100,1500005700,1500009200,136.54,104,0,중앙대로,0,0,2020-09-01
1500037200,1500006700,1500009200,147.03,104,0,중앙대로,0,0,2020-09-01
1500037300,1500009200,1500006700,143.86,104,0,중앙대로,0,0,2020-09-01
1500037400,1500009200,1500005700,134.03,104,0,중앙대로,0,0,2020-09-01
1500037501,1500008700,1500004601,124.59,104,0,국채보상로,0,0,2020-09-01
1500037502,1500004601,1500004600,161.86,104,0,국채보상로,0,0,2020-09-01
1500037600,1500008700,1500005400,290.53,104,0,국채보상로,0,0,2020-09-01
1500037700,1500005400,1500008700,290.08,104,0,국채보상로,0,0,2020-09-01
1500037801,1500004600,1500004601,161.12,104,0,국채보상로,0,0,2020-09-01
1500037802,1500004601,1500008700,125.8,104,0,국채보상로,0,0,2020-09-01
1500037900,1500008000,1500008400,425.17,104,0,동성로6길,0,0,2020-09-01
1500038200,1500008400,1500008000,438.1,104,0,동성로6길,0,0,2020-09-01
1500044500,1550016400,1510009400,933.14,104,0,신천동로,0,0,2020-09-01
1500044600,1510009400,1550016400,920.62,104,0,신천동로,0,0,2020-09-01
1500044700,1500006200,1500011200,175.61,102,0,신천대로,0,5,2020-09-01
1500044800,1500011200,1500006200,181.72,102,0,신천대로,0,5,2020-09-01
1510000100,1510000100,1510000200,414.18,103,0,안심로,0,0,2020-09-01
1510000200,1510000200,1510000100,412.56,103,0,안심로,0,0,2020-09-01
1510000300,1510000300,1510000100,511.84,103,0,안심로,0,0,2020-09-01
1510000400,1510000100,1510000300,510.85,103,0,안심로,0,0,2020-09-01
1510000500,1510000400,1510000300,568.56,103,0,안심로,0,0,2020-09-01
1510000600,1510000300,1510000400,568.19,103,0,안심로,0,0,2020-09-01
1510000701,1510000400,1510000401,451.52,103,0,안심로,0,0,2020-09-01
1510000702,1510000401,1510000500,29.87,103,0,안심로,0,0,2020-09-01
1510000801,1510000500,1510000401,29.85,103,0,안심로,0,0,2020-09-01
1510000802,1510000401,1510000400,451.63,103,0,안심로,0,0,2020-09-01
1510001101,1510000500,1510151500,131.14,103,0,안심로,0,0,2020-09-01
1510001102,1510151500,1510000600,226.26,103,0,안심로,0,0,2020-09-01
1510001201,1510000600,1510151500,229.4,103,0,안심로,0,0,2020-09-01
1510001202,1510151500,1510000500,136.78,103,0,안심로,0,0,2020-09-01
1510001500,1510000800,1510000900,101.88,103,0,안심로,0,0,2020-09-01
1510001600,1510000900,1510000800,100.64,103,0,안심로,0,0,2020-09-01
1510001901,1510001501,1510001500,239.87,103,0,안심로,0,0,2020-09-01
1510001912,1510000600,1510102000,91.43,103,0,안심로,0,0,2020-09-01
1510001924,1510102001,1510001501,176.35,103,0,안심로,0,0,2020-09-01
1510001925,1510102000,1510102002,107.61,103,0,안심로,0,0,2020-09-01
1510001926,1510102002,1510102001,116.53,103,0,안심로,0,0,2020-09-01
1510002001,1510001500,1510001501,239.79,103,0,안심로,0,0,2020-09-01
1510002022,1510102000,1510000600,88.24,103,0,안심로,0,0,2020-09-01
1510002023,1510001501,1510102001,176.27,103,0,안심로,0,0,2020-09-01
1510002025,1510102001,1510102002,117.06,103,0,안심로,0,0,2020-09-01
1510002026,1510102002,1510102000,110.12,103,0,안심로,0,0,2020-09-01
1510002100,1510001200,1510001000,557.75,103,0,안심로,0,0,2020-09-01
1510002200,1510001000,1510001200,553.74,103,0,안심로,0,0,2020-09-01
1510002301,1510000900,1510000901,229.35,103,0,안심로,0,0,2020-09-01
1510002302,1510000901,1510001300,410.96,103,0,안심로,0,0,2020-09-01
1510002401,1510001300,1510000901,416.25,103,0,안심로,0,0,2020-09-01
1510002402,1510000901,1510000900,228.76,103,0,안심로,0,0,2020-09-01
1510002500,1510001300,1510001200,136.37,103,0,안심로,0,0,2020-09-01
1510002600,1510001200,1510001300,138.27,103,0,안심로,0,0,2020-09-01
1510002902,1510104800,3600009400,310.54,103,0,대경로,0,0,2020-09-01
1510002903,1510001000,1510001001,200.42,103,0,안심로,0,0,2020-09-01
1510002904,1510001001,1510104800,512.44,103,0,안심로,0,0,2020-09-01
1510003001,3600009400,1510104800,316.7,103,0,대경로,0,0,2020-09-01
1510003003,1510104800,1510001001,502.62,103,0,안심로,0,0,2020-09-01
1510003004,1510001001,1510001000,199.72,103,0,안심로,0,0,2020-09-01
1510003100,1510001600,1510001500,265.79,104,0,동촌로,0,0,2020-09-01
1510003200,1510001500,1510001600,267.21,104,0,동촌로,0,0,2020-09-01
1510003701,1510002001,1510001700,213.26,103,0,동북로,0,0,2020-09-01
1510003702,1510002000,1510002001,104.24,103,0,동북로,0,0,2020-09-01
1510003801,1510001700,1510002001,211.22,103,0,동북로,0,0,2020-09-01
1510003802,1510002001,1510002000,105.28,103,0,동북로,0,0,2020-09-01
1510004300,1510002000,1510002200,176.24,103,0,동북로,0,0,2020-09-01
1510004400,1510002200,1510002000,171.74,103,0,동북로,0,0,2020-09-01
1510004700,1510002200,1510002500,255.31,103,0,동북로,0,0,2020-09-01
1510004800,1510002500,1510002200,248.45,103,0,동북로,0,0,2020-09-01
1510005100,1510002500,1510002400,220.8,103,0,동북로,0,0,2020-09-01
1510005200,1510002400,1510002500,198.85,103,0,동북로,0,0,2020-09-01
1510005300,1510002900,1510002400,168.72,103,0,동북로,0,0,2020-09-01
1510005400,1510002400,1510002900,168.43,103,0,동북로,0,0,2020-09-01
1510005700,1510002900,1510003000,25.39,103,0,동북로,0,0,2020-09-01
1510005800,1510003000,1510002900,25.3,103,0,동북로,0,0,2020-09-01
1510006100,1510003300,1510003000,434.31,103,0,동북로,0,0,2020-09-01
1510006200,1510003000,1510003300,435.83,103,0,동북로,0,0,2020-09-01
1510006700,1510003000,1510003400,729.17,103,1,동북로,0,0,2020-09-01
1510006800,1510003400,1510003000,727.11,103,1,동북로,0,0,2020-09-01
1510006902,1510003201,1510003500,311.03,104,0,동촌로,0,0,2020-09-01
1510006903,1510003200,1510003202,306.37,104,0,동촌로,0,0,2020-09-01
1510006904,1510003202,1510003201,101.37,104,0,동촌로,0,0,2020-09-01
1510007001,1510003500,1510003201,311.35,104,0,동촌로,0,0,2020-09-01
1510007003,1510003201,1510003202,101.17,104,0,동촌로,0,0,2020-09-01
1510007004,1510003202,1510003200,306.7,104,0,동촌로,0,0,2020-09-01
1510007302,1510003600,1510003301,372.36,104,0,아양로,0,0,2020-09-01
1510007303,1510003301,1510003302,75.89,104,0,아양로,0,0,2020-09-01
1510007304,1510003302,1510003300,287.13,104,0,아양로,0,0,2020-09-01
1510007402,1510003301,1510003600,377.07,104,0,아양로,0,0,2020-09-01
1510007403,1510003300,1510003302,286.67,104,0,아양로,0,0,2020-09-01
1510007404,1510003302,1510003301,76.16,104,0,아양로,0,0,2020-09-01
1510007500,1510003400,1510003300,295.22,103,0,동북로,0,0,2020-09-01
1510007600,1510003300,1510003400,293.13,103,0,동북로,0,0,2020-09-01
1510007700,1510003600,1510003700,48.68,104,0,아양로,0,0,2020-09-01
1510007800,1510003700,1510003600,41.86,104,0,아양로,0,0,2020-09-01
1510007900,1510003700,1510003900,232.32,104,3,아양로,0,0,2020-09-01
1510008000,1510003900,1510003700,230.58,104,3,아양로,0,0,2020-09-01
1510008101,1510003400,1510003401,335.55,103,0,동북로,0,0,2020-09-01
1510008103,1510003401,1510003402,278.44,103,0,동북로,0,0,2020-09-01
1510008104,1510003402,1540000500,134.28,103,0,동북로,0,0,2020-09-01
1510008202,1510003401,1510003400,335.76,103,0,동북로,0,0,2020-09-01
1510008203,1540000500,1510003402,134.33,103,0,동북로,0,0,2020-09-01
1510008204,1510003402,1510003401,275.74,103,0,동북로,0,0,2020-09-01
1510008300,1510004100,1510003500,919.63,104,0,동촌로,0,0,2020-09-01
1510008400,1510003500,1510004100,918.33,104,0,동촌로,0,0,2020-09-01
1510008500,1510004000,1510003900,20.37,104,0,아양로,0,0,2020-09-01
1510008600,1510003900,1510004000,20.37,104,0,아양로,0,0,2020-09-01
1510008700,1510004100,1510004000,268.27,104,0,아양로,0,0,2020-09-01
1510008800,1510004000,1510004100,268.32,104,0,아양로,0,0,2020-09-01
1510013500,1510000100,1510008100,675.83,104,0,경안로,0,0,2020-09-01
1510013600,1510008100,1510000100,675.83,104,0,경안로,0,0,2020-09-01
1510014700,1510005900,1510006000,249.2,104,0,국채보상로,0,0,2020-09-01
1510014800,1510006000,1510005900,251.18,104,0,국채보상로,0,0,2020-09-01
1510015100,1510005900,1510006600,152.23,104,0,화랑로,0,0,2020-09-01
1510015200,1510006600,1510005900,152.23,104,0,화랑로,0,0,2020-09-01
1510015301,1510006000,1510006001,169.3,104,0,국채보상로,0,0,2020-09-01
1510015302,1510006001,1510006100,89.47,104,0,국채보상로,0,0,2020-09-01
1510015401,1510006100,1510006001,88.88,104,0,국채보상로,0,0,2020-09-01
1510015402,1510006001,1510006000,169.89,104,0,국채보상로,0,0,2020-09-01
1510015500,1510006000,1510007100,168.81,104,0,동대구로,0,0,2020-09-01
1510015600,1510007100,1510006000,168.81,104,0,동대구로,0,0,2020-09-01
1510015700,1510006100,1510006400,93.8,104,0,국채보상로,0,0,2020-09-01
1510015800,1510006400,1510006100,93.8,104,0,국채보상로,0,0,2020-09-01
1510016702,1510006401,1510006500,133.5,104,0,국채보상로,0,0,2020-09-01
1510016703,1510006400,1510006402,57.19,104,0,국채보상로,0,0,2020-09-01
1510016704,1510006402,1510006401,221.68,104,0,국채보상로,0,0,2020-09-01
1510016801,1510006500,1510006401,133.17,104,0,국채보상로,0,0,2020-09-01
1510016803,1510006401,1510006402,221.68,104,0,국채보상로,0,0,2020-09-01
1510016804,1510006402,1510006400,57.53,104,0,국채보상로,0,0,2020-09-01
1510017100,1510006500,1510006700,287.48,104,0,국채보상로,0,0,2020-09-01
1510017200,1510006700,1510006500,287.48,104,0,국채보상로,0,0,2020-09-01
1510017701,1510006600,1510006601,302.26,104,0,화랑로,0,0,2020-09-01
1510017703,1510006601,1510006602,166.2,104,0,화랑로,0,0,2020-09-01
1510017704,1510006602,1510008000,162.68,104,0,화랑로,0,0,2020-09-01
1510017802,1510006601,1510006600,299.57,104,0,화랑로,0,0,2020-09-01
1510017803,1510008000,1510006602,171.17,104,0,화랑로,0,0,2020-09-01
1510017804,1510006602,1510006601,166.2,104,0,화랑로,0,0,2020-09-01
1510017900,1510006700,1550016400,128.89,104,0,신천동로,0,0,2020-09-01
1510018000,1510006700,1510006900,49.3,104,0,국채보상로,0,0,2020-09-01
1510018100,1510006900,1510006700,49.3,104,0,국채보상로,0,0,2020-09-01
1510018600,1510006900,1510007000,18.26,104,0,국채보상로,0,0,2020-09-01
1510018700,1510007000,1510006900,18.26,104,0,국채보상로,0,0,2020-09-01
1510018800,1510006900,1510009100,665.59,104,0,국채보상로155길,0,0,2020-09-01
1510019000,1510007000,1500003800,84.74,104,3,국채보상로,0,0,2020-09-01
1510019100,1500003800,1510007000,84.74,104,3,국채보상로,0,0,2020-09-01
1510019401,1510007100,1510007101,736,104,0,동대구로,0,0,2020-09-01
1510019402,1510007101,1510009900,182.92,104,0,동대구로,0,0,2020-09-01
1510019501,1510009900,1510007101,184.37,104,0,동대구로,0,0,2020-09-01
1510019502,1510007101,1510007100,742.4,104,0,동대구로,0,0,2020-09-01
1510022002,1510007802,1510009700,144.05,104,0,장등로,0,0,2020-09-01
1510022003,1510007800,1510007803,100.26,104,0,장등로,0,0,2020-09-01
1510022004,1510007803,1510007802,225.41,104,0,장등로,0,0,2020-09-01
1510022101,1510009700,1510007802,142.32,104,0,장등로,0,0,2020-09-01
1510022103,1510007802,1510007803,219.91,104,0,장등로,0,0,2020-09-01
1510022104,1510007803,1510007800,99.56,104,0,장등로,0,0,2020-09-01
1510022200,1510007900,1510008100,399.12,104,0,반야월로,0,0,2020-09-01
1510022300,1510008100,1510007900,399.12,104,0,반야월로,0,0,2020-09-01
1510022400,1510008000,1510008500,381.79,104,0,화랑로,0,0,2020-09-01
1510022500,1510008500,1510008000,381.79,104,0,화랑로,0,0,2020-09-01
1510022600,1510008000,1510011000,724.27,104,0,효신로,0,0,2020-09-01
1510022700,1510011000,1510008000,726.46,104,0,효신로,0,0,2020-09-01
1510022801,1510008100,1510008102,195.62,104,0,반야월로,0,0,2020-09-01
1510022802,1510008102,1510008200,247.72,104,0,반야월로,0,0,2020-09-01
1510022901,1510008200,1510008102,247.57,104,0,반야월로,0,0,2020-09-01
1510022902,1510008102,1510008100,195.78,104,0,반야월로,0,0,2020-09-01
1510023001,1510008200,1510008201,376.45,104,0,반야월로,0,0,2020-09-01
1510023002,1510008201,1510008400,185.19,104,0,반야월로,0,0,2020-09-01
1510023101,1510008400,1510008201,184.6,104,0,반야월로,0,0,2020-09-01
1510023102,1510008201,1510008200,377.04,104,0,반야월로,0,0,2020-09-01
1510023201,1510008300,1510008301,140.51,104,0,송라로,0,0,2020-09-01
1510023202,1510008301,1510009300,143.24,104,0,송라로,0,0,2020-09-01
1510023301,1510009300,1510008301,141.23,104,0,송라로,0,0,2020-09-01
1510023302,1510008301,1510008300,142.52,104,0,송라로,0,0,2020-09-01
1510023400,1510001501,1510014600,620.47,103,0,안심로,0,0,2020-09-01
1510023500,1510014600,1510001501,615.29,103,0,안심로,0,0,2020-09-01
1510023800,1510008500,1510009000,134.65,104,0,화랑로,0,0,2020-09-01
1510023900,1510009000,1510008500,134.65,104,0,화랑로,0,0,2020-09-01
1510024201,1510008600,1510008601,80.6,104,0,반야월로,0,0,2020-09-01
1510024202,1510008601,1510001500,703.78,104,0,반야월로,0,0,2020-09-01
1510024301,1510001500,1510008601,703.28,104,0,반야월로,0,0,2020-09-01
1510024302,1510008601,1510008600,81.11,104,0,반야월로,0,0,2020-09-01
1510025000,1510008900,1510009100,47.98,104,0,태평로,0,0,2020-09-01
1510025100,1510009100,1510008900,47.98,104,0,태평로,0,0,2020-09-01
1510025200,1510009000,1510009500,165.75,104,0,화랑로,0,0,2020-09-01
1510025300,1510009500,1510009000,165.75,104,0,화랑로,0,0,2020-09-01
1510025400,1510009000,1510002000,659.17,104,0,화랑로25길,0,0,2020-09-01
1510025500,1510002000,1510009000,671.92,104,0,화랑로25길,0,0,2020-09-01
1510025802,1510009101,1510009300,149.69,104,0,동부로,0,0,2020-09-01
1510025803,1510009100,1510009102,197.81,104,0,동부로,0,0,2020-09-01
1510025804,1510009102,1510009101,112.95,104,0,동부로,0,0,2020-09-01
1510025901,1510009300,1510009101,150.1,104,0,동부로,0,0,2020-09-01
1510025903,1510009101,1510009102,110.23,104,0,동부로,0,0,2020-09-01
1510025904,1510009102,1510009100,199.01,104,0,동부로,0,0,2020-09-01
1510026401,1510009300,1510009301,261.14,104,0,동부로,0,0,2020-09-01
1510026402,1510009301,1510009700,243.95,104,0,동부로,0,0,2020-09-01
1510026501,1510009700,1510009301,245.19,104,0,동부로,0,0,2020-09-01
1510026502,1510009301,1510009300,259.9,104,0,동부로,0,0,2020-09-01
1510026800,1510009400,1540008600,565.58,104,0,신천동로,0,0,2020-09-01
1510026900,1540008600,1510009400,567.43,104,0,신천동로,0,0,2020-09-01
1510027000,1510009500,1510001700,345.22,104,0,화랑로,0,0,2020-09-01
1510027100,1510001700,1510009500,345.22,104,0,화랑로,0,0,2020-09-01
1510027200,1510014600,1510001600,149.1,104,0,동촌로,0,0,2020-09-01
1510027300,1510001600,1510014600,160.22,104,0,동촌로,0,0,2020-09-01
1510028001,1510009700,1510009701,131.54,104,0,동부로,0,0,2020-09-01
1510028002,1510009701,1510009900,160.78,104,0,동부로,0,0,2020-09-01
1510028101,1510009900,1510009701,161.83,104,0,동부로,0,0,2020-09-01
1510028102,1510009701,1510009700,130.5,104,0,동부로,0,0,2020-09-01
1510028200,1510009800,1510010300,162.71,103,3,화랑로,0,0,2020-09-01
1510028300,1510010300,1510009800,162.71,103,3,화랑로,0,0,2020-09-01
1510028600,1510001700,1510010700,189.52,103,0,화랑로,0,0,2020-09-01
1510028700,1510010700,1510001700,192.08,103,0,화랑로,0,0,2020-09-01
1510028800,1510009900,1510010200,93.72,104,0,동부로,0,0,2020-09-01
1510028900,1510010200,1510009900,93.72,104,0,동부로,0,0,2020-09-01
1510029000,1510009900,1510011300,252.03,104,0,동대구로,0,0,2020-09-01
1510029100,1510011300,1510009900,248.33,104,0,동대구로,0,0,2020-09-01
1510029200,1510010000,1510010400,24.43,104,0,신암로,0,0,2020-09-01
1510029300,1510010400,1510010000,24.43,104,0,신암로,0,0,2020-09-01
1510029600,1510010200,1510010500,175.23,104,0,동부로,0,0,2020-09-01
1510029700,1510010500,1510010200,175.23,104,0,동부로,0,0,2020-09-01
1510030001,1510010400,1510010401,261.37,104,0,신암로,0,0,2020-09-01
1510030002,1510010401,1510011500,213.4,104,0,신암로,0,0,2020-09-01
1510030101,1510011500,1510010401,211.05,104,0,신암로,0,0,2020-09-01
1510030102,1510010401,1510010400,267.72,104,0,신암로,0,0,2020-09-01
1510030200,1510010500,1510011000,262.63,104,0,동부로,0,0,2020-09-01
1510030300,1510011000,1510010500,262.63,104,0,동부로,0,0,2020-09-01
1510030800,1510010700,1550020700,565.34,103,1,화랑로,0,5,2020-09-01
1510030900,1550020700,1510010700,573.55,103,1,화랑로,0,5,2020-09-01
1510031000,1510010700,1550020800,257.12,103,0,화랑로,0,0,2020-09-01
1510031100,1550020800,1510010700,258.21,103,0,화랑로,0,0,2020-09-01
1510031201,1510010800,1510010803,196.18,104,0,신암남로,0,0,2020-09-01
1510031202,1510010803,1510011200,199.36,104,0,신암남로,0,0,2020-09-01
1510031301,1510011200,1510010803,200.77,104,0,신암남로,0,0,2020-09-01
1510031302,1510010803,1510010800,194.77,104,0,신암남로,0,0,2020-09-01
1510031401,1510010800,1510010801,135.64,104,0,송라로,0,0,2020-09-01
1510031403,1510010801,1510010802,71.08,104,0,송라로,0,0,2020-09-01
1510031404,1510010802,1510011900,247.35,104,0,송라로,0,0,2020-09-01
1510031502,1510010801,1510010800,137.65,104,0,송라로,0,0,2020-09-01
1510031503,1510011900,1510010802,245.34,104,0,송라로,0,0,2020-09-01
1510031504,1510010802,1510010801,71.08,104,0,송라로,0,0,2020-09-01
1510031600,1550020700,1550020800,317.83,103,0,화랑로,0,0,2020-09-01
1510031700,1550020800,1550020700,306.82,103,0,화랑로,0,0,2020-09-01
1510031800,1510011000,1510011400,382.01,104,0,동부로,0,0,2020-09-01
1510031900,1510011400,1510011000,376.82,104,0,동부로,0,0,2020-09-01
1510032600,1510011300,1510011600,191.19,104,0,동대구로,0,0,2020-09-01
1510032700,1510011600,1510011300,191.23,104,0,동대구로,0,0,2020-09-01
1510033000,1510011400,1510002400,268.8,104,0,동부로,0,0,2020-09-01
1510033100,1510002400,1510011400,268.8,104,0,동부로,0,0,2020-09-01
1510033200,1510011400,1510002500,473,104,2,동부로,0,0,2020-09-01
1510033300,1510002500,1510011400,484.66,104,2,동부로,0,0,2020-09-01
1510033400,1510011500,1510011700,140.7,104,0,신암로,0,0,2020-09-01
1510033500,1510011700,1510011500,140.7,104,0,신암로,0,0,2020-09-01
1510033800,1510011600,1510011800,107.97,104,0,동대구로,0,0,2020-09-01
1510033900,1510011800,1510011600,105.3,104,0,동대구로,0,0,2020-09-01
1510034002,1510011601,1510003300,160.02,104,0,신암남로,0,0,2020-09-01
1510034003,1510011600,1510011602,409.49,104,0,신암남로,0,0,2020-09-01
1510034004,1510011602,1510011601,297.92,104,0,신암남로,0,0,2020-09-01
1510034101,1510003300,1510011601,153.79,104,0,신암남로,0,0,2020-09-01
1510034103,1510011601,1510011602,297.92,104,0,신암남로,0,0,2020-09-01
1510034104,1510011602,1510011600,389.48,104,0,신암남로,0,0,2020-09-01
1510034200,1510011700,1510011900,224.01,104,0,신암로,0,0,2020-09-01
1510034300,1510011900,1510011700,224.01,104,0,신암로,0,0,2020-09-01
1510034400,1510011700,1510012000,139.79,104,0,대현로,0,0,2020-09-01
1510034500,1510012000,1510011700,139.79,104,0,대현로,0,0,2020-09-01
1510034601,1510011800,1510011801,28.4,104,0,동대구로,0,0,2020-09-01
1510034602,1510011801,1510012200,296.47,104,0,동대구로,0,0,2020-09-01
1510034701,1510012200,1510011801,295.02,104,0,동대구로,0,0,2020-09-01
1510034702,1510011801,1510011800,29.85,104,0,동대구로,0,0,2020-09-01
1510034800,1510011900,1510012000,214,104,0,대현로,0,0,2020-09-01
1510034900,1510012000,1510011900,211.4,104,0,대현로,0,0,2020-09-01
1510035000,1510011900,1510012100,446.85,104,0,아양로,0,4,2020-09-01
1510035100,1510012100,1510011900,446.85,104,0,아양로,0,4,2020-09-01
1510035400,1510012000,1510012300,390.13,104,0,경대로,0,0,2020-09-01
1510035500,1510012300,1510012000,393.94,104,0,경대로,0,0,2020-09-01
1510035600,1510012100,1510012200,480.08,104,0,아양로,0,0,2020-09-01
1510035700,1510012200,1510012100,480.08,104,0,아양로,0,0,2020-09-01
1510036000,1510012200,1510012400,326.95,104,0,아양로,0,0,2020-09-01
1510036100,1510012400,1510012200,323.96,104,0,아양로,0,0,2020-09-01
1510036201,1510003200,1510003203,187.5,104,0,해동로,0,0,2020-09-01
1510036202,1510003203,1510012500,609.12,104,0,해동로,0,0,2020-09-01
1510036301,1510012500,1510003203,611.92,104,0,해동로,0,0,2020-09-01
1510036302,1510003203,1510003200,188.42,104,0,해동로,0,0,2020-09-01
1510036401,1510012300,1510012301,252.65,104,0,경대로,0,0,2020-09-01
1510036402,1510012301,1510012600,631.31,104,0,경대로,0,0,2020-09-01
1510036501,1510012600,1510012301,640.94,104,0,경대로,0,0,2020-09-01
1510036502,1510012301,1510012300,241.48,104,0,경대로,0,0,2020-09-01
1510036600,1510012400,1510003300,567.67,104,0,아양로,0,0,2020-09-01
1510036700,1510003300,1510012400,572.36,104,0,아양로,0,0,2020-09-01
1510037000,1510012500,1510003500,206.37,104,0,동촌로16길,0,0,2020-09-01
1510037100,1510003500,1510012500,206.37,104,0,동촌로16길,0,0,2020-09-01
1510037200,1510012500,1510004000,839.53,104,0,해동로,0,0,2020-09-01
1510037300,1510004000,1510012500,839.53,104,0,해동로,0,0,2020-09-01
1510037401,1510004000,1510004001,367.56,104,0,해동로,0,0,2020-09-01
1510037402,1510004001,1510012800,768.95,104,0,해동로,0,0,2020-09-01
1510037501,1510012800,1510004001,782.65,104,0,해동로,0,0,2020-09-01
1510037502,1510004001,1510004000,369.78,104,0,해동로,0,0,2020-09-01
1510037600,1510012600,1540000700,261.34,104,0,경대로,0,0,2020-09-01
1510037700,1540000700,1510012600,267.46,104,0,경대로,0,0,2020-09-01
1510038201,1510004100,1510004102,212.22,104,0,공항로,0,0,2020-09-01
1510038202,1510004102,1510012800,639.37,104,0,공항로,0,0,2020-09-01
1510038301,1510012800,1510004102,632.12,104,0,공항로,0,0,2020-09-01
1510038302,1510004102,1510004100,214.62,104,0,공항로,0,0,2020-09-01
1510038400,1510012800,1510012900,339.74,104,0,공항로,0,0,2020-09-01
1510038500,1510012900,1510012800,339.74,104,0,공항로,0,0,2020-09-01
1510038602,1510012901,1510013000,135.26,104,0,공항로,0,0,2020-09-01
1510038603,1510012900,1510012902,324.11,104,0,공항로,0,0,2020-09-01
1510038604,1510012902,1510012901,117.72,104,0,공항로,0,0,2020-09-01
1510038701,1510013000,1510012901,138.59,104,0,공항로,0,0,2020-09-01
1510038703,1510012901,1510012902,117.52,104,0,공항로,0,0,2020-09-01
1510038704,1510012902,1510012900,314.7,104,0,공항로,0,0,2020-09-01
1510042200,1510014600,1510009600,298.8,103,0,화랑로,0,0,2020-09-01
1510042300,1510009600,1510014600,298.8,103,0,화랑로,0,0,2020-09-01
1510042400,1510002800,1510014700,1519.49,101,0,중앙고속도로,0,5,2020-09-01
1510042500,1510014700,1510002800,1508.18,101,0,중앙고속도로,0,5,2020-09-01
1510042600,1510014700,1510015000,694.42,101,0,중앙고속도로,0,5,2020-09-01
1510042700,1510015000,1510014700,697.17,101,0,중앙고속도로,0,5,2020-09-01
1510043700,1510018100,1510004700,847.34,101,0,익산포항고속도로,0,5,2020-09-01
1510043800,1510003100,1510002800,1352.46,101,0,중앙고속도로,0,5,2020-09-01
1510043900,1510003100,1510017500,1357.81,101,0,경부고속도로,0,5,2020-09-01
1510044000,1510017500,1510002800,1210.31,101,0,중앙고속도로,0,5,2020-09-01
1510044100,1510002800,1510003100,1101.98,101,0,경부고속도로,0,5,2020-09-01
1510044200,1510017500,1510003100,1356.94,101,0,경부고속도로,0,5,2020-09-01
1510044300,1510017500,1510018100,2872.21,101,0,경부고속도로,0,5,2020-09-01
1510044400,1510002800,1510017500,1383.33,101,0,경부고속도로,0,5,2020-09-01
1510044500,1510018100,1510017500,2866.06,101,0,경부고속도로,0,5,2020-09-01
1510045001,1510008600,1510016601,92.24,104,0,반야월로,0,0,2020-09-01
1510045002,1510016601,1510016600,260.28,104,0,반야월로,0,0,2020-09-01
1510045101,1510016600,1510016601,263.45,104,0,반야월로,0,0,2020-09-01
1510045102,1510016601,1510008600,92.58,104,0,반야월로,0,0,2020-09-01
1510045202,1510017201,1510003200,407.44,104,0,동촌로,0,0,2020-09-01
1510045204,1510017202,1510017201,240.83,104,0,동촌로,0,0,2020-09-01
1510045206,1510017203,1510017202,154.42,104,0,동촌로,0,0,2020-09-01
1510045207,1510017200,1510017204,536.74,104,0,동촌로,0,0,2020-09-01
1510045209,1510017204,1510017205,32.44,104,0,동촌로,0,0,2020-09-01
1510045210,1510017205,1510017203,224.93,104,0,동촌로,0,0,2020-09-01
1510045301,1510003200,1510017201,401.78,104,0,동촌로,0,0,2020-09-01
1510045303,1510017201,1510017202,241.07,104,0,동촌로,0,0,2020-09-01
1510045305,1510017202,1510017203,154.67,104,0,동촌로,0,0,2020-09-01
1510045308,1510017204,1510017200,536.88,104,0,동촌로,0,0,2020-09-01
1510045309,1510017203,1510017205,226.8,104,0,동촌로,0,0,2020-09-01
1510045310,1510017205,1510017204,32.44,104,0,동촌로,0,0,2020-09-01
1510045402,1510101800,1510009600,171.54,103,0,화랑로,0,0,2020-09-01
1510045411,1510016700,1510205300,209.05,103,0,화랑로,0,0,2020-09-01
1510045421,1510205300,1510101800,211.28,103,0,화랑로,0,0,2020-09-01
1510045501,1510009600,1510101800,171.25,103,0,화랑로,0,0,2020-09-01
1510045512,1510101800,1510205300,209.41,103,0,화랑로,0,0,2020-09-01
1510045522,1510205300,1510016700,208.36,103,0,화랑로,0,0,2020-09-01
1510045600,1510004800,1510004900,1353.18,101,3,익산포항고속도로,0,5,2020-09-01
1510045700,1510004900,1510005000,148.67,101,0,익산포항고속도로,0,5,2020-09-01
1510045800,1510005000,1510005100,813.47,101,4,익산포항고속도로,0,5,2020-09-01
1510045900,1510005100,1510005200,1414.58,101,0,익산포항고속도로,0,5,2020-09-01
1510046000,1510005200,1510005300,627.59,101,4,익산포항고속도로,0,5,2020-09-01
1510046100,1510005300,1510005400,1971.66,101,0,익산포항고속도로,0,5,2020-09-01
1510046200,1510004700,1510004800,387.66,101,0,익산포항고속도로,0,5,2020-09-01
1510046300,1510004800,1510004700,383.75,101,0,익산포항고속도로,0,5,2020-09-01
1510046400,1510004900,1510004800,1375.27,101,3,익산포항고속도로,0,5,2020-09-01
1510046500,1510005000,1510004900,148.45,101,0,익산포항고속도로,0,5,2020-09-01
1510046600,1510005100,1510005000,812.49,101,4,익산포항고속도로,0,5,2020-09-01
1510046700,1510005200,1510005100,1410.75,101,0,익산포항고속도로,0,5,2020-09-01
1510046800,1510005400,1510005300,1978.25,101,0,익산포항고속도로,0,5,2020-09-01
1510046900,1510005300,1510005200,628.51,101,4,익산포항고속도로,0,5,2020-09-01
1510047000,1540004900,1510004600,259.77,101,3,경부고속도로,0,5,2020-09-01
1510047100,1510004600,1510018700,2101.35,101,0,경부고속도로,0,5,2020-09-01
1510047200,1510018700,1510004600,2106.61,101,0,경부고속도로,0,5,2020-09-01
1510047300,1510004600,1540004900,260.07,101,3,경부고속도로,0,5,2020-09-01
1510047400,1510017600,1510017800,1266.67,101,0,익산포항고속도로,0,5,2020-09-01
1510047500,1510017800,1510017600,1240.69,101,0,익산포항고속도로,0,5,2020-09-01
1510048600,1550020800,1510017300,101.79,104,0,효동로,0,0,2020-09-01
1510048701,1510017300,1510017301,521.28,104,0,효동로,0,0,2020-09-01
1510048702,1510017301,1510003600,701.06,104,0,효동로,0,0,2020-09-01
1510048801,1510003600,1510017301,701.18,104,0,효동로,0,0,2020-09-01
1510048802,1510017301,1510017300,518.61,104,0,효동로,0,0,2020-09-01
1510048900,1510017300,1550020800,101.84,104,0,효동로,0,0,2020-09-01
1510049000,1510016800,1510009800,197.56,103,0,화랑로,0,0,2020-09-01
1510049100,1510009800,1510016800,197.07,103,0,화랑로,0,0,2020-09-01
1510049700,1550020700,1510016900,210.71,103,0,화랑로,0,0,2020-09-01
1510049800,1510016900,1510016800,264.65,103,0,화랑로,0,0,2020-09-01
1510049900,1510016800,1510016900,266.14,103,0,화랑로,0,0,2020-09-01
1510050000,1510016900,1550020700,201.92,103,0,화랑로,0,0,2020-09-01
1510050102,1510104200,1510016500,103.33,104,0,반야월로,0,0,2020-09-01
1510050103,1510007900,1510104203,237.48,104,0,반야월로,0,0,2020-09-01
1510050104,1510104203,1510104200,274.18,104,0,반야월로,0,0,2020-09-01
1510050201,1510016500,1510104200,103.12,104,0,반야월로,0,0,2020-09-01
1510050203,1510104200,1510104203,274.29,104,0,반야월로,0,0,2020-09-01
1510050204,1510104203,1510007900,237.58,104,0,반야월로,0,0,2020-09-01
1510050300,1510016500,1510016400,163.89,104,0,반야월로,0,0,2020-09-01
1510050400,1510016400,1510016500,163.89,104,0,반야월로,0,0,2020-09-01
1510050500,1510016400,1510016300,201.91,104,0,반야월로,0,0,2020-09-01
1510050603,1510000902,1510000903,29.04,104,0,반야월로,0,0,2020-09-01
1510050604,1510000903,1510000900,49.54,104,0,반야월로,0,0,2020-09-01
1510050605,1510016300,1510000904,172.58,104,0,반야월로,0,0,2020-09-01
1510050606,1510000904,1510000902,157.27,104,0,반야월로,0,0,2020-09-01
1510050703,1510000900,1510000903,48.75,104,0,반야월로,0,0,2020-09-01
1510050704,1510000903,1510000902,33.48,104,0,반야월로,0,0,2020-09-01
1510050705,1510000902,1510000904,161.17,104,0,반야월로,0,0,2020-09-01
1510050706,1510000904,1510016300,172.71,104,0,반야월로,0,0,2020-09-01
1510050800,1510016300,1510016400,201.99,104,0,반야월로,0,0,2020-09-01
1510050900,1510000200,1510015500,444.11,103,0,안심로,0,0,2020-09-01
1510051000,1510015500,1510000701,124.52,103,0,안심로,0,0,2020-09-01
1510051100,1510000701,1510015500,120.88,103,0,안심로,0,0,2020-09-01
1510051200,1510015500,1510000200,445.73,103,0,안심로,0,0,2020-09-01
1510051300,1510000701,1510015600,108.04,103,0,안심로,0,0,2020-09-01
1510051400,1510015600,1510000701,111,103,0,안심로,0,0,2020-09-01
1510051500,1510015600,1510015800,176.14,103,0,안심로,0,0,2020-09-01
1510051600,1510015800,1510000700,102.61,103,0,안심로,0,0,2020-09-01
1510051700,1510000700,1510015800,99.85,103,0,안심로,0,0,2020-09-01
1510051800,1510004700,1510018600,594.25,101,0,익산포항고속도로,0,5,2020-09-01
1510051900,1510018500,1510018700,728.42,101,0,경부고속도로,0,5,2020-09-01
1510052000,1510018500,1510018100,427.84,101,0,경부고속도로,0,5,2020-09-01
1510052100,1510018600,1510004700,602.62,101,0,익산포항고속도로,0,5,2020-09-01
1510052200,1510018400,1510018600,302.79,101,0,익산포항고속도로,0,5,2020-09-01
1510052300,1510018300,1510018400,363.03,101,0,익산포항고속도로,0,5,2020-09-01
1510052400,1510018500,1510018600,475.77,101,0,익산포항고속도로,0,5,2020-09-01
1510052500,1510018300,1510018700,1710.97,101,0,경부고속도로,0,5,2020-09-01
1510052600,1510018400,1510018300,354.15,101,0,익산포항고속도로,0,5,2020-09-01
1510052700,1510018600,1510018400,297.09,101,0,익산포항고속도로,0,5,2020-09-01
1510052900,1510004700,1510018700,1137.94,101,0,경부고속도로,0,5,2020-09-01
1510053000,1510018100,1510018500,424.34,101,0,경부고속도로,0,5,2020-09-01
1510053100,1510018700,1510018500,719.83,101,0,경부고속도로,0,5,2020-09-01
1510053200,1510018300,1510018100,1062.35,101,0,경부고속도로,0,5,2020-09-01
1510053302,1510016701,1510010300,434.57,103,0,화랑로,0,0,2020-09-01
1510053303,1510016700,1510016702,197.92,103,0,화랑로,0,0,2020-09-01
1510053305,1510016702,1510016703,284.25,103,0,화랑로,0,0,2020-09-01
1510053306,1510016703,1510016701,260.56,103,0,화랑로,0,0,2020-09-01
1510053401,1510010300,1510016701,429.43,103,0,화랑로,0,0,2020-09-01
1510053404,1510016702,1510016700,198.51,103,0,화랑로,0,0,2020-09-01
1510053405,1510016701,1510016703,260.1,103,0,화랑로,0,0,2020-09-01
1510053406,1510016703,1510016702,284.25,103,0,화랑로,0,0,2020-09-01
1510053501,1510001600,1510001601,103.33,104,0,동촌로,0,0,2020-09-01
1510053502,1510001601,1510017000,264.55,104,0,동촌로,0,0,2020-09-01
1510053601,1510017000,1510017001,143.48,104,0,동촌로,0,0,2020-09-01
1510053602,1510017001,1510017200,500.41,104,0,동촌로,0,0,2020-09-01
1510053701,1510017000,1510001601,265.6,104,0,동촌로,0,0,2020-09-01
1510053702,1510001601,1510001600,104.63,104,0,동촌로,0,0,2020-09-01
1510053800,1510017800,1510018300,349.97,101,0,익산포항고속도로,0,5,2020-09-01
1510053900,1510018300,1510017800,367.6,101,0,익산포항고속도로,0,5,2020-09-01
1510054200,1510006500,1510015900,228.8,104,0,송라로,0,0,2020-09-01
1510054300,1510015900,1510008300,347.82,104,0,송라로,0,0,2020-09-01
1510054400,1510008300,1510015900,338.15,104,0,송라로,0,0,2020-09-01
1510054500,1510015900,1510006500,231.39,104,0,송라로,0,0,2020-09-01
1510054600,1510006400,1510016000,226.54,104,0,장등로,0,0,2020-09-01
1510054700,1510016000,1510007800,273.75,104,0,장등로,0,0,2020-09-01
1510054800,1510007800,1510016000,269.99,104,0,장등로,0,0,2020-09-01
1510054900,1510016000,1510006400,230.08,104,0,장등로,0,0,2020-09-01
1510055901,1510019200,1510019001,252.73,104,0,파계로,0,0,2020-09-01
1510055903,1510019001,1510019003,142.47,104,0,파계로,0,0,2020-09-01
1510055904,1510019003,1510019000,203.8,104,0,파계로,0,0,2020-09-01
1510056000,1510019000,1510013100,261.42,104,0,파계로,0,0,2020-09-01
1510056100,1510013100,1510019000,261.72,104,0,파계로,0,0,2020-09-01
1510056202,1510019001,1510019200,254.2,104,0,파계로,0,0,2020-09-01
1510056203,1510019000,1510019003,199.63,104,0,파계로,0,0,2020-09-01
1510056204,1510019003,1510019001,135.85,104,0,파계로,0,0,2020-09-01
1510056302,1510128800,1510129000,104.8,107,0,팔공로,0,0,2020-09-01
1510056303,1510129000,1510129100,141.18,107,0,팔공로,0,0,2020-09-01
1510056305,1510017900,1510017901,338.19,107,0,팔공로,0,0,2020-09-01
1510056306,1510017901,1510128800,524.77,107,0,팔공로,0,0,2020-09-01
1510056307,1510129100,1510129101,73.2,107,0,팔공로,0,0,2020-09-01
1510056308,1510129101,1510018900,106.78,107,0,팔공로,0,0,2020-09-01
1510056401,1510018900,1510129200,183.66,107,0,팔공로,0,0,2020-09-01
1510056402,1510129200,1510128700,185.18,107,0,팔공로,0,0,2020-09-01
1510056403,1510128700,1510128600,25.56,107,0,팔공로,0,0,2020-09-01
1510056404,1510128600,1510128500,205.8,107,0,팔공로,0,0,2020-09-01
1510056405,1510128500,1510128900,91.1,107,0,팔공로,0,0,2020-09-01
1510056406,1510128900,1510013100,1018.47,107,0,팔공로,0,0,2020-09-01
1510056501,1510013100,1510128900,1027.55,107,0,팔공로,0,0,2020-09-01
1510056502,1510128900,1510128500,91.43,107,0,팔공로,0,0,2020-09-01
1510056503,1510128500,1510128600,206.47,107,0,팔공로,0,0,2020-09-01
1510056504,1510128600,1510128700,25.56,107,0,팔공로,0,0,2020-09-01
1510056505,1510128700,1510129200,183.98,107,0,팔공로,0,0,2020-09-01
1510056506,1510129200,1510018900,184.14,107,0,팔공로,0,0,2020-09-01
1510056602,1510129100,1510129000,141.1,107,0,팔공로,0,0,2020-09-01
1510056603,1510129000,1510128800,109.29,107,0,팔공로,0,0,2020-09-01
1510056605,1510128800,1510017901,520.23,107,0,팔공로,0,0,2020-09-01
1510056606,1510017901,1510017900,331.57,107,0,팔공로,0,0,2020-09-01
1510056607,1510018900,1510129101,106.85,107,0,팔공로,0,0,2020-09-01
1510056608,1510129101,1510129100,73.31,107,0,팔공로,0,0,2020-09-01
1510057500,1510015800,1510015600,176.24,103,0,안심로,0,0,2020-09-01
1510057600,1510000700,1510016100,108.8,103,0,안심로,0,0,2020-09-01
1510057701,1510016100,1510016101,181.32,103,0,안심로,0,0,2020-09-01
1510057702,1510016101,1510000800,152.44,103,0,안심로,0,0,2020-09-01
1510057801,1510000800,1510016101,153.89,103,0,안심로,0,0,2020-09-01
1510057802,1510016101,1510016100,177.14,103,0,안심로,0,0,2020-09-01
1510057900,1510016100,1510000700,111.45,103,0,안심로,0,0,2020-09-01
1510058401,1510012900,1510205100,512.33,104,0,팔공로,0,0,2020-09-01
1510058402,1510205100,1510017600,356.21,104,0,팔공로,0,0,2020-09-01
1510058501,1510017600,1510205100,351.04,104,0,팔공로,0,0,2020-09-01
1510058502,1510205100,1510012900,510.08,104,0,팔공로,0,0,2020-09-01
1510058601,1510017900,1510205200,98.48,104,0,팔공로,0,0,2020-09-01
1510058602,1510205200,1510017600,281.26,104,0,팔공로,0,5,2020-09-01
1510058701,1510017600,1510205200,288.47,104,0,팔공로,0,0,2020-09-01
1510058702,1510205200,1510017900,91.98,104,0,팔공로,0,0,2020-09-01
1510059000,1510017400,1510011600,151.07,104,0,신암남로,0,0,2020-09-01
1510059100,1510017400,1510011200,476.69,104,0,신암남로,0,0,2020-09-01
1510059200,1510011200,1510017400,477.81,104,0,신암남로,0,0,2020-09-01
1510059300,1510011600,1510017400,152.64,104,0,신암남로,0,0,2020-09-01
1510059401,1510009300,1510009302,76.75,104,0,송라로,0,0,2020-09-01
1510059402,1510009302,1510017100,158.82,104,0,송라로,0,0,2020-09-01
1510059500,1510010800,1510017100,95.55,104,0,송라로,0,0,2020-09-01
1510059601,1510017200,1510017001,500.1,104,0,동촌로,0,0,2020-09-01
1510059602,1510017001,1510017000,142.48,104,0,동촌로,0,0,2020-09-01
1510059700,1510008400,1510016600,199.63,104,0,반야월로,0,0,2020-09-01
1510059800,1510016600,1510008400,203.16,104,0,반야월로,0,0,2020-09-01
1510060900,1510015500,1510016200,274.3,104,0,안심로69길,0,0,2020-09-01
1510061000,1510016200,1510015500,277.83,104,0,안심로69길,0,0,2020-09-01
1510061100,1510016700,1510017200,305.14,104,0,화랑로91길,0,0,2020-09-01
1510061200,1510017200,1510016700,305.96,104,0,화랑로91길,0,0,2020-09-01
1510061300,1510009600,1510017000,194.34,104,0,안심로,0,0,2020-09-01
1510061400,1510017000,1510009600,180.74,104,0,안심로,0,0,2020-09-01
1510061700,1510017100,1510010800,98.57,104,0,송라로,0,0,2020-09-01
1510061801,1510017100,1510009302,159.94,104,0,송라로,0,0,2020-09-01
1510061802,1510009302,1510009300,78.62,104,0,송라로,0,0,2020-09-01
1510279400,1510102100,1510101900,1004.01,104,1,범안로,0,5,2020-09-01
1510279500,1510101900,1510102100,999.24,104,1,범안로,0,5,2020-09-01
1510279601,1510102100,1510102003,236.86,104,0,범안로,0,5,2020-09-01
1510279602,1510102003,1510102000,171,104,0,범안로,0,5,2020-09-01
1510279701,1510102000,1510102003,170.32,104,0,범안로,0,5,2020-09-01
1510279702,1510102003,1510102100,235.69,104,0,범안로,0,5,2020-09-01
1510279800,1510008600,1510102100,135.57,104,0,범안로,0,5,2020-09-01
1510279900,1510102100,1510008600,146.06,104,0,범안로,0,5,2020-09-01
1510280000,1510102200,1510008600,292.99,104,0,범안로,0,5,2020-09-01
1510280100,1510008600,1510102200,282.21,104,0,범안로,0,5,2020-09-01
1510280200,1510102400,1510102200,642.55,104,0,범안로,0,5,2020-09-01
1510280300,1510102200,1510102400,653.77,104,0,범안로,0,5,2020-09-01
1510280400,1510102500,1510102200,973.84,104,1,범안로,0,5,2020-09-01
1510280500,1510102200,1510102500,991.03,104,1,범안로,0,5,2020-09-01
1510281000,1510102800,1510102500,1222.8,104,0,혁신대로,0,5,2020-09-01
1510281300,1510102500,1510102800,900.98,104,0,혁신대로,0,5,2020-09-01
1510282601,1510102800,1510103202,423.49,104,0,혁신대로,0,0,2020-09-01
1510282602,1510103202,1510103200,422.08,104,0,혁신대로,0,0,2020-09-01
1510282701,1510103200,1510103202,416.56,104,0,혁신대로,0,0,2020-09-01
1510282702,1510103202,1510102800,412.34,104,0,혁신대로,0,0,2020-09-01
1510283002,1510008101,1510008100,108.15,104,0,경안로,0,0,2020-09-01
1510283004,1510008103,1510008101,165.87,104,0,경안로,0,0,2020-09-01
1510283005,1510103200,1510008104,214.13,104,0,경안로,0,0,2020-09-01
1510283006,1510008104,1510008103,111.51,104,0,경안로,0,0,2020-09-01
1510283201,1510008100,1510008101,108.62,104,0,경안로,0,0,2020-09-01
1510283203,1510008101,1510008103,165.82,104,0,경안로,0,0,2020-09-01
1510283205,1510008103,1510008104,110.77,104,0,경안로,0,0,2020-09-01
1510283206,1510008104,1510103200,213.82,104,0,경안로,0,0,2020-09-01
1510284101,1510103200,1510104301,374.67,104,0,혁신대로,0,0,2020-09-01
1510284102,1510104301,1510104300,537.96,104,0,혁신대로,0,0,2020-09-01
1510284201,1510104300,1510104301,537.59,104,0,혁신대로,0,0,2020-09-01
1510284202,1510104301,1510103200,375.51,104,0,혁신대로,0,0,2020-09-01
1510285201,1510104300,1510104201,249.32,104,0,신서로,0,0,2020-09-01
1510285203,1510104201,1510104202,173.83,104,0,신서로,0,0,2020-09-01
1510285204,1510104202,1510104200,93.57,104,0,신서로,0,0,2020-09-01
1510285300,1510104200,1510000701,448.44,104,0,신서로,0,0,2020-09-01
1510285502,1510104201,1510104300,248.16,104,0,신서로,0,0,2020-09-01
1510285503,1510104200,1510104202,93.46,104,0,신서로,0,0,2020-09-01
1510285504,1510104202,1510104201,173.83,104,0,신서로,0,0,2020-09-01
1510285600,1510000701,1510104200,441.85,104,0,신서로,0,0,2020-09-01
1510286202,1510104602,1510104600,212.05,104,0,혁신대로,0,0,2020-09-01
1510286203,1510104300,1510104603,510.03,104,0,혁신대로,0,0,2020-09-01
1510286204,1510104603,1510104602,276.07,104,0,혁신대로,0,0,2020-09-01
1510286301,1510104600,1510104602,212.48,104,0,혁신대로,0,0,2020-09-01
1510286303,1510104602,1510104603,276.05,104,0,혁신대로,0,0,2020-09-01
1510286304,1510104603,1510104300,510.43,104,0,혁신대로,0,0,2020-09-01
1510287003,1510104801,1510104802,192.21,104,0,혁신대로,0,0,2020-09-01
1510287005,1510104600,1510104803,563.31,104,0,혁신대로,0,0,2020-09-01
1510287006,1510104803,1510104801,174.22,104,0,혁신대로,0,0,2020-09-01
1510287007,1510104802,1510104804,207.07,104,0,혁신대로,0,0,2020-09-01
1510287009,1510104804,1510104805,186.81,104,0,혁신대로,0,0,2020-09-01
1510287011,1510104805,1510104806,211.31,104,0,혁신대로,0,0,2020-09-01
1510287012,1510104806,1510104800,242.42,104,0,혁신대로,0,0,2020-09-01
1510287104,1510104802,1510104801,192.31,104,0,혁신대로,0,0,2020-09-01
1510287105,1510104801,1510104803,174.08,104,0,혁신대로,0,0,2020-09-01
1510287106,1510104803,1510104600,562.49,104,0,혁신대로,0,0,2020-09-01
1510287108,1510104804,1510104802,205.76,104,0,혁신대로,0,0,2020-09-01
1510287110,1510104805,1510104804,185.7,104,0,혁신대로,0,0,2020-09-01
1510287111,1510104800,1510104806,251.69,104,0,혁신대로,0,0,2020-09-01
1510287112,1510104806,1510104805,210.81,104,0,혁신대로,0,0,2020-09-01
1510344301,1510125600,1510013001,267.87,104,0,이시아강변로,0,5,2020-09-01
1510344302,1510013001,1510013000,98.4,104,0,팔공로23길,0,5,2020-09-01
1510344401,1510013000,1510013001,97.5,104,0,이시아강변로,0,5,2020-09-01
1510344402,1510013001,1510125600,256.19,104,0,이시아강변로,0,5,2020-09-01
1510344500,1510125700,1510125600,96.62,104,3,이시아강변로,0,5,2020-09-01
1510344600,1510125600,1510125700,103.73,104,3,이시아강변로,0,5,2020-09-01
1510344700,1510125800,1510125700,132.91,104,0,이시아강변로,0,5,2020-09-01
1510344800,1510125700,1510125800,127.76,104,0,이시아강변로,0,5,2020-09-01
1510345000,1510126700,1510125800,300.93,104,0,이시아강변로,0,5,2020-09-01
1510345200,1510126000,1510126100,96.5,104,0,이시아강변로,0,0,2020-09-01
1510345300,1510125800,1510126700,307.36,104,0,이시아강변로,0,5,2020-09-01
1510345400,1510126100,1510126200,197.96,104,0,이시아강변로,0,5,2020-09-01
1510345500,1510126100,1510126000,98.35,104,0,이시아강변로,0,0,2020-09-01
1510345600,1510126200,1510126100,197.15,104,0,이시아강변로,0,5,2020-09-01
1510345700,1510126200,1510126500,422.99,104,0,이시아강변로,0,5,2020-09-01
1510345800,1510126500,1510126200,423.48,104,0,이시아강변로,0,5,2020-09-01
1510345900,1510126600,1510126400,28.17,104,0,이시아강변로,0,0,2020-09-01
1510346000,1510126400,1510126600,31.13,104,0,이시아강변로,0,0,2020-09-01
1510346100,1510126500,1510126800,744.9,104,0,이시아강변로,0,5,2020-09-01
1510346300,1510126800,1510126500,744.53,104,0,이시아강변로,0,5,2020-09-01
1510346400,1510126200,1510126900,283.82,104,0,이시아강변로,0,5,2020-09-01
1510346600,1510127000,1510126700,176.53,104,0,이시아강변로,0,5,2020-09-01
1510346700,1510126800,1510127000,496.11,104,3,이시아강변로,0,5,2020-09-01
1510347100,1510126700,1510127000,180.74,104,0,이시아강변로,0,5,2020-09-01
1510347200,1510125800,1510127700,495.73,104,0,이시아강변로,0,5,2020-09-01
1510347300,1510127000,1510126800,495.99,104,3,이시아강변로,0,5,2020-09-01
1510347500,1510127800,1510126100,713.94,104,0,이시아강변로,0,5,2020-09-01
1510348000,1510127800,1510126600,288.04,104,0,이시아강변로,0,0,2020-09-01
1510348200,1510126600,1510127800,285.03,104,0,이시아강변로,0,0,2020-09-01
1510348400,1510127700,1510127000,299.25,104,0,이시아강변로,0,5,2020-09-01
1510348500,1510126900,1510127800,240.61,104,0,이시아강변로,0,5,2020-09-01
1510350200,1510127700,1510017600,331.37,104,0,이시아강변로,0,5,2020-09-01
1510350300,1510017600,1510127700,339.67,104,0,이시아강변로,0,5,2020-09-01
1510350600,1510127800,1510128500,380.5,104,0,이시아강변로,0,0,2020-09-01
1510350700,1510128500,1510127800,380.14,104,0,이시아강변로,0,0,2020-09-01
1510473100,1510167400,1540101200,306.07,104,0,동화천로,0,0,2020-09-01
1510473200,1540101200,1510167400,290.59,104,0,동화천로,0,0,2020-09-01
1510474900,1510167400,1510168000,360.76,104,0,동화천로,0,0,2020-09-01
1510475100,1510168000,1510167400,374.53,104,0,동화천로,0,0,2020-09-01
1510475700,1510019200,1510168000,727.54,104,0,동화천로77길,0,0,2020-09-01
1510475800,1510168000,1510019200,731.3,104,0,동화천로77길,0,0,2020-09-01
1510595500,1550126300,1510205500,211.28,104,3,범안로,0,5,2020-09-01
1510595600,1510205500,1550126300,213.74,104,3,범안로,0,5,2020-09-01
1510595700,1510205600,1510015000,227.6,101,0,중앙고속도로,0,5,2020-09-01
1510595800,1510015000,1510205600,227.27,101,0,중앙고속도로,0,5,2020-09-01
1510595900,1510205500,1510101900,558.76,104,0,범안로,0,5,2020-09-01
1510596000,1510101900,1510205500,559.56,104,0,범안로,0,5,2020-09-01
1510596300,1510101900,1510101901,432.39,104,0,범안로,0,5,2020-09-01
1510596400,1510101901,1510101900,429.26,104,0,범안로,0,5,2020-09-01
1510596500,1510101901,1510102000,159.93,104,0,범안로,0,5,2020-09-01
1510596600,1510102000,1510101901,166.35,104,0,범안로,0,5,2020-09-01
1510596700,1510001100,3600008900,1882.27,101,0,경부고속도로,0,5,2020-09-01
1510596800,3600008900,1510001100,1872.06,101,0,경부고속도로,0,5,2020-09-01
1510596900,1510001100,1510001400,159.71,101,3,경부고속도로,0,5,2020-09-01
1510597000,1510001400,1510001100,159.71,101,3,경부고속도로,0,5,2020-09-01
1510597300,1510001400,1510002300,3387.23,101,0,경부고속도로,0,5,2020-09-01
1510597400,1510002300,1510001400,3386.17,101,0,경부고속도로,0,5,2020-09-01
1510597500,1510002300,1510002600,304.91,101,3,경부고속도로,0,5,2020-09-01
1510597600,1510002600,1510002300,304.47,101,3,경부고속도로,0,5,2020-09-01
1510597700,1510002600,1510003100,294.52,101,0,경부고속도로,0,5,2020-09-01
1510597800,1510003100,1510002600,298.37,101,0,경부고속도로,0,5,2020-09-01
1510598100,1510005400,3600013200,1550.44,101,4,익산포항고속도로,0,5,2020-09-01
1510598200,3600013200,1510005400,1558.91,101,4,익산포항고속도로,0,5,2020-09-01
1520000102,1520000101,1520000200,517.09,103,0,달구벌대로,0,0,2020-09-01
1520000103,1520000100,1520000102,231.66,103,0,달구벌대로,0,0,2020-09-01
1520000104,1520000102,1520000101,192.73,103,0,달구벌대로,0,0,2020-09-01
1520000201,1520000200,1520000101,516.46,103,0,달구벌대로,0,0,2020-09-01
1520000203,1520000101,1520000102,192.35,103,0,달구벌대로,0,0,2020-09-01
1520000204,1520000102,1520000100,231.75,103,0,달구벌대로,0,0,2020-09-01
1520000301,1520000200,1520007300,441.8,104,0,달구벌대로,0,0,2020-09-01
1520000302,1520007300,1520000300,251,104,0,달구벌대로,0,0,2020-09-01
1520000401,1520007300,1520000200,443.75,104,0,달구벌대로,0,0,2020-09-01
1520000402,1520000300,1520007300,251.22,104,0,달구벌대로,0,0,2020-09-01
1520000501,1520000201,1520000600,463.44,103,0,서대구로,0,0,2020-09-01
1520000502,1520000200,1520000201,174.19,103,0,서대구로,0,0,2020-09-01
1520000601,1520000600,1520000201,464.59,103,0,서대구로,0,0,2020-09-01
1520000602,1520000201,1520000200,175.86,103,0,서대구로,0,0,2020-09-01
1520000700,1520000300,1520000400,298.72,104,0,달구벌대로,0,0,2020-09-01
1520000800,1520000400,1520000300,300.23,104,0,달구벌대로,0,0,2020-09-01
1520001100,1520000500,1500000300,200.36,104,0,달구벌대로,0,0,2020-09-01
1520001200,1500000300,1520000500,200.36,104,0,달구벌대로,0,0,2020-09-01
1520001301,1520000600,1520000601,68.76,103,0,서대구로,0,0,2020-09-01
1520001303,1520000601,1520000602,430.87,103,0,서대구로,0,0,2020-09-01
1520001304,1520000602,1520000700,274.36,103,0,서대구로,0,0,2020-09-01
1520001402,1520000601,1520000600,68.54,103,0,서대구로,0,0,2020-09-01
1520001403,1520000700,1520000602,275.3,103,0,서대구로,0,0,2020-09-01
1520001404,1520000602,1520000601,431.03,103,0,서대구로,0,0,2020-09-01
1520001501,1520000700,1520001000,566.47,103,0,서대구로,0,0,2020-09-01
1520001601,1520001000,1520000700,567.25,103,0,서대구로,0,0,2020-09-01
1520001900,1520001300,1520000900,659.96,101,0,중부내륙고속도로지선,0,5,2020-09-01
1520002000,1520000900,1520001300,666.57,101,0,중부내륙고속도로지선,0,5,2020-09-01
1520002200,1520001100,1520000900,837.26,101,0,중부내륙고속도로지선,0,5,2020-09-01
1520002300,1520000900,1520001500,824.2,102,0,신천대로,0,5,2020-09-01
1520002400,1520001500,1520000900,890.95,102,0,신천대로,0,5,2020-09-01
1520002500,1520001000,1520001200,389.95,103,0,서대구로,0,0,2020-09-01
1520002600,1520001200,1520001000,389.83,103,0,서대구로,0,0,2020-09-01
1520002800,1520001300,1520001100,995.83,101,0,중부내륙고속도로지선,0,5,2020-09-01
1520002900,1520001200,1520001400,158.23,103,0,서대구로,0,0,2020-09-01
1520003000,1520001400,1520001200,159.01,103,0,서대구로,0,0,2020-09-01
1520003100,1520001400,1520001600,191.6,103,0,서대구로,0,0,2020-09-01
1520003200,1520001600,1520001400,194.66,103,0,서대구로,0,0,2020-09-01
1520003300,1520001700,1520001600,94.36,103,3,서대구로,0,0,2020-09-01
1520003400,1520001600,1520001700,94.4,103,3,서대구로,0,0,2020-09-01
1520003501,1520001301,1520001300,107.55,101,0,중부내륙고속도로지선,0,5,2020-09-01
1520003502,1540000100,1520001301,1087.36,101,0,중부내륙고속도로지선,0,5,2020-09-01
1520003601,1520001300,1520001301,109.66,101,0,중부내륙고속도로지선,0,5,2020-09-01
1520003602,1520001301,1540000100,1081.04,101,0,중부내륙고속도로지선,0,5,2020-09-01
1520003701,1520001801,1520001800,116.63,103,0,서대구로,0,0,2020-09-01
1520003702,1520001700,1520001801,252.34,103,0,서대구로,0,0,2020-09-01
1520003801,1520001800,1520001801,116.63,103,0,서대구로,0,0,2020-09-01
1520003802,1520001801,1520001700,252.34,103,0,서대구로,0,0,2020-09-01
1520003901,1520001900,1520001501,235.99,102,0,신천대로,0,5,2020-09-01
1520003902,1520001501,1520001500,767.37,102,0,신천대로,0,5,2020-09-01
1520004001,1520001500,1520001501,770.07,102,0,신천대로,0,5,2020-09-01
1520004002,1520001501,1520001900,233.82,102,0,신천대로,0,5,2020-09-01
1520004100,1520001800,1540000200,606.99,103,0,서대구로,0,0,2020-09-01
1520004200,1540000200,1520001800,613.63,103,0,서대구로,0,0,2020-09-01
1520004300,1520000100,1520002000,399.74,104,0,당산로,0,0,2020-09-01
1520004400,1520002000,1520000100,399.74,104,0,당산로,0,0,2020-09-01
1520004700,1520002000,1520002300,374.14,104,0,당산로,0,0,2020-09-01
1520004800,1520002300,1520002000,374.14,104,0,당산로,0,0,2020-09-01
1520004900,1520002100,1520002200,222.53,104,0,평리로,0,0,2020-09-01
1520005000,1520002200,1520002100,222.53,104,0,평리로,0,0,2020-09-01
1520005100,1520002100,1560022500,375.43,104,0,평리로,0,0,2020-09-01
1520005200,1560022500,1520002100,375.43,104,0,평리로,0,0,2020-09-01
1520005301,1520002100,1520002101,61.74,104,0,와룡로,0,0,2020-09-01
1520005302,1520002101,1520003000,645.53,104,0,와룡로,0,0,2020-09-01
1520005401,1520003000,1520002101,645.58,104,0,와룡로,0,0,2020-09-01
1520005402,1520002101,1520002100,61.68,104,0,와룡로,0,0,2020-09-01
1520005501,1520002200,1520002201,375.74,104,0,평리로,0,0,2020-09-01
1520005502,1520002201,1520002300,254.61,104,0,평리로,0,0,2020-09-01
1520005601,1520002300,1520002201,256.67,104,0,평리로,0,0,2020-09-01
1520005602,1520002201,1520002200,368.98,104,0,평리로,0,0,2020-09-01
1520005700,1520000300,1520003200,624.06,104,0,통학로,0,0,2020-09-01
1520005800,1520003200,1520000300,624.06,104,0,통학로,0,0,2020-09-01
1520006101,1520002300,1520002301,196.46,104,0,평리로,0,0,2020-09-01
1520006102,1520002301,1520002700,239.64,104,0,평리로,0,0,2020-09-01
1520006201,1520002700,1520002301,244.83,104,0,평리로,0,0,2020-09-01
1520006202,1520002301,1520002300,194.33,104,0,평리로,0,0,2020-09-01
1520006300,1520002300,1520002900,430.91,104,0,당산로,0,0,2020-09-01
1520006400,1520002900,1520002300,430.91,104,0,당산로,0,0,2020-09-01
1520008501,1520002900,1520002901,28.53,104,0,당산로,0,0,2020-09-01
1520008502,1520002901,1520004000,407.71,104,0,당산로,0,0,2020-09-01
1520008601,1520004000,1520002901,408.09,104,0,당산로,0,0,2020-09-01
1520008602,1520002901,1520002900,28.15,104,0,당산로,0,0,2020-09-01
1520008900,1520003000,1520003900,394.01,104,0,와룡로,0,0,2020-09-01
1520009000,1520003900,1520003000,394.01,104,0,와룡로,0,0,2020-09-01
1520009300,1520003200,1520003300,304.59,104,0,평리로,0,0,2020-09-01
1520009400,1520003300,1520003200,304.59,104,0,평리로,0,0,2020-09-01
1520009500,1520003200,1520004300,690.73,104,0,통학로,0,0,2020-09-01
1520009600,1520004300,1520003200,690.73,104,0,통학로,0,0,2020-09-01
1520009700,1520003300,1520003400,361.77,104,0,평리로,0,0,2020-09-01
1520009800,1520003400,1520003300,361.77,104,0,평리로,0,0,2020-09-01
1520010100,1520003400,1520004500,572.71,104,0,달서로,0,0,2020-09-01
1520010200,1520004500,1520003400,572.71,104,0,달서로,0,0,2020-09-01
1520010700,1520003600,1520003700,70.43,104,0,국채보상로,0,0,2020-09-01
1520010800,1520003700,1520003600,70.43,104,0,국채보상로,0,0,2020-09-01
1520010900,1520003700,1520003800,278.37,104,0,국채보상로,0,0,2020-09-01
1520011000,1520003800,1520003700,278.37,104,0,국채보상로,0,0,2020-09-01
1520011100,1520003800,1520003900,276.87,104,0,국채보상로,0,0,2020-09-01
1520011200,1520003900,1520003800,276.87,104,0,국채보상로,0,0,2020-09-01
1520011501,1520003900,1520003901,307.84,104,0,국채보상로,0,0,2020-09-01
1520011503,1520003901,1520003902,214.76,104,0,국채보상로,0,0,2020-09-01
1520011504,1520003902,1520004000,283.34,104,0,국채보상로,0,0,2020-09-01
1520011602,1520003901,1520003900,307.68,104,0,국채보상로,0,0,2020-09-01
1520011603,1520004000,1520003902,283.49,104,0,국채보상로,0,0,2020-09-01
1520011604,1520003902,1520003901,214.76,104,0,국채보상로,0,0,2020-09-01
1520011700,1520003900,1520004700,638.07,104,0,와룡로,0,0,2020-09-01
1520011800,1520004700,1520003900,638.07,104,0,와룡로,0,0,2020-09-01
1520011900,1520004000,1520004100,246.78,104,0,국채보상로,0,0,2020-09-01
1520012000,1520004100,1520004000,246.78,104,0,국채보상로,0,0,2020-09-01
1520012100,1520004000,1520004600,564.78,104,0,당산로,0,0,2020-09-01
1520012200,1520004600,1520004000,564.78,104,0,당산로,0,0,2020-09-01
1520012700,1520004200,1520004300,251.34,104,0,국채보상로,0,0,2020-09-01
1520012800,1520004300,1520004200,251.34,104,0,국채보상로,0,0,2020-09-01
1520013101,1520004300,1520004301,83.64,104,0,국채보상로,0,0,2020-09-01
1520013103,1520004301,1520004302,156.14,104,0,국채보상로,0,0,2020-09-01
1520013104,1520004302,1520004400,144.48,104,0,국채보상로,0,0,2020-09-01
1520013202,1520004301,1520004300,83.39,104,0,국채보상로,0,0,2020-09-01
1520013203,1520004400,1520004302,144.72,104,0,국채보상로,0,0,2020-09-01
1520013204,1520004302,1520004301,156.14,104,0,국채보상로,0,0,2020-09-01
1520013500,1520004400,1520004500,361.57,104,0,국채보상로,0,0,2020-09-01
1520013600,1520004500,1520004400,361.57,104,0,국채보상로,0,0,2020-09-01
1520013700,1520004500,1520005100,416.63,104,0,달서로,0,0,2020-09-01
1520013800,1520005100,1520004500,416.63,104,0,달서로,0,0,2020-09-01
1520013900,1520004600,1520004700,715.67,104,0,문화로,0,0,2020-09-01
1520014000,1520004700,1520004600,715.67,104,0,문화로,0,0,2020-09-01
1520014300,1520004600,1520005400,529.85,104,0,당산로,0,0,2020-09-01
1520014400,1520005400,1520004600,529.85,104,0,당산로,0,0,2020-09-01
1520014701,1520004700,1520004701,371.96,104,0,와룡로,0,0,2020-09-01
1520014702,1520004701,1520005300,104.72,104,0,와룡로,0,0,2020-09-01
1520014801,1520005300,1520004701,105.63,104,0,와룡로,0,0,2020-09-01
1520014802,1520004701,1520004700,371.05,104,0,와룡로,0,0,2020-09-01
1520015100,1520001000,1520004900,394.73,104,0,문화로,0,0,2020-09-01
1520015200,1520004900,1520001000,394.73,104,0,문화로,0,0,2020-09-01
1520015300,1520004900,1520005000,335.95,104,0,문화로,0,0,2020-09-01
1520015400,1520005000,1520004900,335.95,104,0,문화로,0,0,2020-09-01
1520015700,1520005000,1520005100,746.08,104,0,문화로,0,0,2020-09-01
1520015800,1520005100,1520005000,746.08,104,0,문화로,0,0,2020-09-01
1520016100,1520005100,1520005700,404.3,104,0,달서로,0,0,2020-09-01
1520016200,1520005700,1520005100,404.3,104,0,달서로,0,0,2020-09-01
1520016300,1520005200,1520001100,90.87,104,0,북비산로,0,0,2020-09-01
1520016400,1520001100,1520005200,90.87,104,0,북비산로,0,0,2020-09-01
1520016501,1520005200,1520005201,325.64,104,0,북비산로,0,0,2020-09-01
1520016502,1520005201,1520005300,121.62,104,0,북비산로,0,0,2020-09-01
1520016601,1520005300,1520005201,121.71,104,0,북비산로,0,0,2020-09-01
1520016602,1520005201,1520005200,325.56,104,0,북비산로,0,0,2020-09-01
1520016701,1520005300,1520005301,420.53,104,0,북비산로,0,0,2020-09-01
1520016702,1520005301,1520005400,238.88,104,0,북비산로,0,0,2020-09-01
1520016801,1520005400,1520005301,239.08,104,0,북비산로,0,0,2020-09-01
1520016802,1520005301,1520005300,420.33,104,0,북비산로,0,0,2020-09-01
1520016901,1520005400,1520005401,192.25,104,0,북비산로,0,0,2020-09-01
1520016902,1520005401,1520001200,499.26,104,0,북비산로,0,0,2020-09-01
1520017001,1520001200,1520005401,499.51,104,0,북비산로,0,0,2020-09-01
1520017002,1520005401,1520005400,192,104,0,북비산로,0,0,2020-09-01
1520017100,1520001200,1520005500,393.12,104,0,북비산로,0,0,2020-09-01
1520017200,1520005500,1520001200,393.12,104,0,북비산로,0,0,2020-09-01
1520017300,1520005500,1520005600,357.12,104,0,북비산로,0,0,2020-09-01
1520017400,1520005600,1520005500,357.12,104,0,북비산로,0,0,2020-09-01
1520017500,1520005600,1520005700,741.73,104,0,북비산로,0,0,2020-09-01
1520017600,1520005700,1520005600,741.73,104,0,북비산로,0,0,2020-09-01
1520018100,1520001600,1520005900,542.22,104,0,달서천로,0,0,2020-09-01
1520018200,1520005900,1520001600,540.58,104,0,달서천로,0,0,2020-09-01
1520018300,1520001600,1520006100,964.5,104,0,달서천로,0,0,2020-09-01
1520018400,1520006100,1520001600,964.49,104,0,달서천로,0,0,2020-09-01
1520018500,1520005900,1520006000,1366.25,104,0,달서천로,0,0,2020-09-01
1520018600,1520006000,1520005900,1375.85,104,0,달서천로,0,0,2020-09-01
1520019100,1520006200,1540011800,365.98,104,0,달서로,0,0,2020-09-01
1520019200,1540011800,1520006200,365.98,104,0,달서로,0,0,2020-09-01
1520019900,1520001800,1520006800,390.89,104,0,서대구로63길,0,0,2020-09-01
1520020000,1520006800,1520001800,390.89,104,0,서대구로63길,0,0,2020-09-01
1520021900,1520006800,1540000300,222.89,104,0,팔달로,0,0,2020-09-01
1520022000,1540000300,1520006800,222.89,104,0,팔달로,0,0,2020-09-01
1520022700,1520007200,1540015700,312.43,104,3,매천로,0,0,2020-09-01
1520022800,1540015700,1520007200,312.43,104,3,매천로,0,0,2020-09-01
1520024100,1520004600,1520008000,359.14,104,0,문화로,0,0,2020-09-01
1520024200,1520008000,1520001000,388.51,104,0,문화로,0,0,2020-09-01
1520024300,1520001000,1520008000,390.3,104,0,문화로,0,0,2020-09-01
1520024400,1520008000,1520004600,358.01,104,0,문화로,0,0,2020-09-01
1520024500,1520004100,1520007800,269.56,104,0,국채보상로,0,0,2020-09-01
1520024600,1520007800,1520000700,256.37,104,0,국채보상로,0,0,2020-09-01
1520024700,1520000700,1520007800,256.34,104,0,국채보상로,0,0,2020-09-01
1520024800,1520007800,1520004100,269.4,104,0,국채보상로,0,0,2020-09-01
1520024901,1520002700,1520002702,134.11,104,0,평리로,0,0,2020-09-01
1520024902,1520002702,1520007500,132.19,104,0,평리로,0,0,2020-09-01
1520025000,1520007500,1520000600,253.98,104,0,평리로,0,0,2020-09-01
1520025100,1520000600,1520007500,252.29,104,0,평리로,0,0,2020-09-01
1520025201,1520007500,1520002702,132.95,104,0,평리로,0,0,2020-09-01
1520025202,1520002702,1520002700,133.38,104,0,평리로,0,0,2020-09-01
1520025300,1520000700,1520007900,346.42,104,0,국채보상로,0,0,2020-09-01
1520025400,1520007900,1520004200,139.71,104,0,국채보상로,0,0,2020-09-01
1520025500,1520004200,1520007900,139.74,104,0,국채보상로,0,0,2020-09-01
1520025600,1520007900,1520000700,346.39,104,0,국채보상로,0,0,2020-09-01
1520025700,1520000600,1520007700,416.14,104,0,평리로,0,0,2020-09-01
1520025800,1520007700,1520003200,319.57,104,0,평리로,0,0,2020-09-01
1520027300,1520006200,1520008600,96.08,104,0,달서로,0,0,2020-09-01
1520027400,1520005800,1520008600,501.59,104,0,달서천로,0,0,2020-09-01
1520027500,1520008600,1520006200,93.99,104,0,달서로,0,0,2020-09-01
1520027600,1520008600,1520005800,496.77,104,0,달서천로,0,0,2020-09-01
1520027700,1520005700,1520008600,523.48,104,0,달서로,0,0,2020-09-01
1520027800,1520008600,1520005700,528.2,104,0,달서로,0,0,2020-09-01
1520027900,1520008600,1520006100,682.27,104,0,달서천로,0,0,2020-09-01
1520028000,1520006100,1520008600,676.82,104,0,달서천로,0,0,2020-09-01
1520028300,1520003200,1520007700,320.23,104,0,평리로,0,0,2020-09-01
1520028400,1520007700,1520000600,415.82,104,0,평리로,0,0,2020-09-01
1520028500,1520000400,1520007400,105.41,104,0,달구벌대로,0,0,2020-09-01
1520028600,1520007400,1520000500,300.12,104,0,달구벌대로,0,0,2020-09-01
1520028700,1520000500,1520007400,298.98,104,0,달구벌대로,0,0,2020-09-01
1520028800,1520007400,1520000400,105.36,104,0,달구벌대로,0,0,2020-09-01
1520028900,1520003400,1520007600,396.56,104,0,달서로,0,0,2020-09-01
1520029000,1520007600,1520000500,176.63,104,0,달서로,0,0,2020-09-01
1520029100,1520000500,1520007600,171.89,104,0,달서로,0,0,2020-09-01
1520029200,1520007600,1520003400,391.93,104,0,달서로,0,0,2020-09-01
1520032500,1520007200,1520010300,142.7,104,0,매천로,0,0,2020-09-01
1520032600,1520010400,1520001900,656.72,102,2,신천대로,0,5,2020-09-01
1520032700,1520010300,1520007200,136.96,104,0,매천로,0,0,2020-09-01
1520032800,1520001900,1520010400,651.89,102,2,신천대로,0,5,2020-09-01
1520032900,1540065600,1520010500,662.25,102,2,신천대로,0,5,2020-09-01
1520033000,1520010500,1540065600,660.81,102,2,신천대로,0,5,2020-09-01
1520039800,1560151300,1520000900,1280.62,101,0,중부내륙고속도로지선,0,5,2020-09-01
1520039900,1520000900,1560151300,1271.16,101,0,중부내륙고속도로지선,0,5,2020-09-01
1520040200,1560151400,1520003600,508.77,104,0,새방로,0,0,2020-09-01
1520040300,1520003600,1560151400,513.54,104,0,새방로,0,0,2020-09-01
1520040400,1500004900,1520004500,801.78,104,0,국채보상로,0,0,2020-09-01
1520040500,1520004500,1500004900,798,104,0,국채보상로,0,0,2020-09-01
1520040600,1500007200,1520005700,613.3,104,0,북비산로,0,0,2020-09-01
1520040700,1520005700,1500007200,613.3,104,0,북비산로,0,0,2020-09-01
1520040800,1540009400,1520005800,300.41,104,0,달서천로,0,0,2020-09-01
1520040900,1520005800,1540009400,308.61,104,0,달서천로,0,0,2020-09-01
1520041000,1520005800,1500007200,359.55,104,0,달서천로,0,0,2020-09-01
1520041300,1520006000,1520006001,108.35,104,0,서재로,0,0,2020-09-01
1520041400,1520006001,1520006000,105.98,104,0,서재로,0,0,2020-09-01
1520041500,1520001900,1520010300,346.99,102,0,신천대로,0,5,2020-09-01
1520041600,1520010300,1520001900,354.6,102,0,신천대로,0,5,2020-09-01
1520041700,1520010300,1520010400,303.14,102,0,신천대로,0,5,2020-09-01
1520041800,1520010400,1520010300,305.24,102,0,신천대로,0,5,2020-09-01
1520041900,1520010400,1520010500,291.63,102,0,신천대로,0,5,2020-09-01
1520042000,1520010500,1520010400,291.45,102,0,신천대로,0,5,2020-09-01
1520042100,1520010500,1540001200,334.38,102,0,신천대로,0,5,2020-09-01
1520042200,1540001200,1520010500,332.45,102,0,신천대로,0,5,2020-09-01
1530000100,1530000100,1530000200,302.65,103,0,월배로,0,0,2020-09-01
1530000200,1530000200,1530000100,304.56,103,0,월배로,0,0,2020-09-01
1530000300,1530000200,1530000300,300.73,103,0,성당로,0,0,2020-09-01
1530000400,1530000300,1530000200,300.34,103,0,성당로,0,0,2020-09-01
1530000502,1530000300,1530000301,460.08,103,0,성당로,0,0,2020-09-01
1530000503,1530000301,1530000500,595.4,103,0,성당로,0,0,2020-09-01
1530000602,1530000500,1530000301,599.31,103,0,성당로,0,0,2020-09-01
1530000603,1530000301,1530000300,460.61,103,0,성당로,0,0,2020-09-01
1530001100,1530000600,1530000700,240.64,104,0,앞산순환로,0,0,2020-09-01
1530001200,1530000700,1530000600,237.24,104,0,앞산순환로,0,0,2020-09-01
1530001500,1530000700,1530001000,246.09,104,0,앞산순환로,0,0,2020-09-01
1530001600,1530001000,1530000700,250.19,104,0,앞산순환로,0,0,2020-09-01
1530001700,1530000700,1530001400,295.25,104,0,앞산순환로,0,0,2020-09-01
1530001800,1530001400,1530000700,290.82,104,0,앞산순환로,0,0,2020-09-01
1530002100,1530000800,1530001000,626.53,104,0,앞산순환로,0,0,2020-09-01
1530002200,1530001000,1530000800,616.28,104,0,앞산순환로,0,0,2020-09-01
1530002300,1530000800,1530001100,268.1,104,0,앞산순환로,0,0,2020-09-01
1530002400,1530001100,1530000800,253.41,104,0,앞산순환로,0,0,2020-09-01
1530002900,1530001000,1530001100,887.04,104,1,앞산순환로,0,5,2020-09-01
1530003000,1530001100,1530001000,877.41,104,1,앞산순환로,0,5,2020-09-01
1530003100,1530001100,1530001200,427.3,104,0,앞산순환로,0,5,2020-09-01
1530003200,1530001200,1530001100,430.61,104,0,앞산순환로,0,5,2020-09-01
1530003500,1530001200,1530002600,321.6,104,0,현충로,0,0,2020-09-01
1530003600,1530002600,1530001200,321.6,104,0,현충로,0,0,2020-09-01
1530003700,1530001300,1530001600,205.89,104,0,앞산순환로,0,0,2020-09-01
1530003800,1530001600,1530001300,205.89,104,0,앞산순환로,0,0,2020-09-01
1530003900,1530001300,1530001700,424.01,104,0,앞산순환로,0,0,2020-09-01
1530004000,1530001700,1530001300,421.01,104,0,앞산순환로,0,0,2020-09-01
1530004300,1530001400,1530002200,226.55,104,0,대명로14길,0,0,2020-09-01
1530004400,1530002200,1530001400,226.55,104,0,대명로14길,0,0,2020-09-01
1530005100,1530001700,1530001800,219.14,104,0,앞산순환로,0,0,2020-09-01
1530005200,1530001800,1530001700,219.14,104,0,앞산순환로,0,0,2020-09-01
1530005501,1530001800,1530001801,70.66,104,0,앞산순환로,0,0,2020-09-01
1530005502,1530001801,1530002100,147.41,104,0,앞산순환로,0,0,2020-09-01
1530005601,1530002100,1530001801,150.89,104,0,앞산순환로,0,0,2020-09-01
1530005602,1530001801,1530001800,69.11,104,0,앞산순환로,0,0,2020-09-01
1530006100,1530002000,1530002100,14.21,104,0,신천대로,0,0,2020-09-01
1530006200,1530002100,1530002000,14.21,104,0,신천대로,0,0,2020-09-01
1530006300,1530002100,1530002800,160.71,102,0,신천대로,0,5,2020-09-01
1530006400,1530002800,1530002100,160.71,102,0,신천대로,0,5,2020-09-01
1530006700,1530002200,1530003500,486.14,104,0,대명로14길,0,0,2020-09-01
1530006800,1530003500,1530002200,486.14,104,0,대명로14길,0,0,2020-09-01
1530008100,1530002600,1530002900,164.63,104,0,현충로,0,0,2020-09-01
1530008200,1530002900,1530002600,164.63,104,0,현충로,0,0,2020-09-01
1530008700,1530002800,1530003100,237.43,102,0,신천대로,0,5,2020-09-01
1530008800,1530003100,1530002800,239.66,102,0,신천대로,0,5,2020-09-01
1530009100,1530002900,1530003700,356.87,104,0,현충로,0,0,2020-09-01
1530009200,1530003700,1530002900,356.87,104,0,현충로,0,0,2020-09-01
1530009300,1530000200,1530003500,658.69,104,0,대명로,0,0,2020-09-01
1530009400,1530003500,1530000200,658.69,104,0,대명로,0,0,2020-09-01
1530009900,1530003100,1530004200,345.99,102,0,신천대로,0,5,2020-09-01
1530010000,1530004200,1530003100,343.07,102,0,신천대로,0,5,2020-09-01
1530010100,1530003100,1530004800,558.07,102,2,신천대로,0,5,2020-09-01
1530010200,1530004800,1530003100,553.21,102,2,신천대로,0,5,2020-09-01
1530010500,1530003300,1530003400,30.27,104,0,안골길,0,0,2020-09-01
1530010600,1530003400,1530003300,30.27,104,0,안골길,0,0,2020-09-01
1530010700,1530003400,1530003600,487.39,104,0,대명로,0,0,2020-09-01
1530010800,1530003600,1530003400,487.39,104,0,대명로,0,0,2020-09-01
1530010900,1530003400,1530003700,323.63,104,0,대명로,0,0,2020-09-01
1530011000,1530003700,1530003400,317.89,104,0,대명로,0,0,2020-09-01
1530011301,1530003500,1530003501,457.26,104,0,대명로,0,0,2020-09-01
1530011302,1530003501,1530003600,160.61,104,0,대명로,0,0,2020-09-01
1530011401,1530003600,1530003501,160.44,104,0,대명로,0,0,2020-09-01
1530011402,1530003501,1530003500,458.51,104,0,대명로,0,0,2020-09-01
1530011501,1530003700,1530003701,302.48,104,0,대명로,0,0,2020-09-01
1530011502,1530003701,1530005400,810.84,104,0,대명로,0,0,2020-09-01
1530011601,1530005400,1530003701,812.92,104,0,대명로,0,0,2020-09-01
1530011602,1530003701,1530003700,300.4,104,0,대명로,0,0,2020-09-01
1530011900,1530003800,1530003900,278.79,104,0,대덕로,0,0,2020-09-01
1530012000,1530003900,1530003800,280.33,104,0,대덕로,0,0,2020-09-01
1530012101,1530003800,1530003801,175.1,104,0,대덕로,0,0,2020-09-01
1530012102,1530003801,1530004000,128.87,104,0,대덕로,0,0,2020-09-01
1530012201,1530004000,1530003801,129.54,104,0,대덕로,0,0,2020-09-01
1530012202,1530003801,1530003800,173.98,104,0,대덕로,0,0,2020-09-01
1530012300,1530003900,1530004600,166.84,104,0,이천로,0,0,2020-09-01
1530012400,1530004600,1530003900,166.84,104,0,이천로,0,0,2020-09-01
1530012700,1530004000,1530004300,159.18,104,0,대덕로,0,0,2020-09-01
1530012800,1530004300,1530004000,156.64,104,0,대덕로,0,0,2020-09-01
1530012900,1530004000,1530004400,68.49,104,0,대봉로,0,0,2020-09-01
1530013000,1530004400,1530004000,68.49,104,0,대봉로,0,0,2020-09-01
1530013100,1530004100,1530004200,17.43,104,0,신천대로,0,0,2020-09-01
1530013200,1530004200,1530004100,17.43,104,0,신천대로,0,0,2020-09-01
1530013300,1530004200,1530004300,17.43,104,0,대덕로,0,0,2020-09-01
1530013400,1530004300,1530004200,17.43,104,0,대덕로,0,0,2020-09-01
1530013501,1530004200,1530004201,180.09,102,0,신천대로,0,5,2020-09-01
1530013502,1530004201,1530004800,31.35,102,0,신천대로,0,5,2020-09-01
1530013601,1530004800,1530004201,31.07,102,0,신천대로,0,5,2020-09-01
1530013602,1530004201,1530004200,180.38,102,0,신천대로,0,5,2020-09-01
1530013700,1530004300,1530004400,161.87,104,0,중앙대로22길,0,0,2020-09-01
1530013800,1530004400,1530004300,161.87,104,0,중앙대로22길,0,0,2020-09-01
1530013900,1530004400,1530004500,329.16,104,0,중앙대로22길,0,0,2020-09-01
1530014000,1530004500,1530004400,329.16,104,0,중앙대로22길,0,0,2020-09-01
1530014101,1530004400,1530004401,164.37,104,0,대봉로,0,0,2020-09-01
1530014102,1530004401,1530005000,139.5,104,0,대봉로,0,0,2020-09-01
1530014201,1530005000,1530004401,138.95,104,0,대봉로,0,0,2020-09-01
1530014202,1530004401,1530004400,164.91,104,0,대봉로,0,0,2020-09-01
1530014300,1530004500,1530004600,236.75,104,0,중앙대로22길,0,0,2020-09-01
1530014400,1530004600,1530004500,236.75,104,0,중앙대로22길,0,0,2020-09-01
1530014701,1530004600,1530004601,224.61,104,0,중앙대로22길,0,0,2020-09-01
1530014702,1530004601,1530004700,205.96,104,0,중앙대로22길,0,0,2020-09-01
1530014801,1530004700,1530004601,205.51,104,0,중앙대로22길,0,0,2020-09-01
1530014802,1530004601,1530004600,225.05,104,0,중앙대로22길,0,0,2020-09-01
1530014900,1530004600,1530005200,266.38,104,0,이천로,0,0,2020-09-01
1530015000,1530005200,1530004600,266.38,104,0,이천로,0,0,2020-09-01
1530015300,1530004700,1530005400,518.55,104,0,중앙대로,0,0,2020-09-01
1530015400,1530005400,1530004700,539.45,104,0,중앙대로,0,0,2020-09-01
1530015500,1530004800,1530004900,111,102,0,신천대로,0,5,2020-09-01
1530015600,1530004900,1530004800,111,102,0,신천대로,0,5,2020-09-01
1530015700,1530004900,1530005000,186.99,104,0,봉덕로,0,0,2020-09-01
1530015800,1530005000,1530004900,186.99,104,0,봉덕로,0,0,2020-09-01
1530015900,1530004900,1530005500,105.46,102,0,신천대로,0,5,2020-09-01
1530016000,1530005500,1530004900,105.46,102,0,신천대로,0,5,2020-09-01
1530016100,1530005000,1530005100,269.72,104,0,봉덕로,0,0,2020-09-01
1530016200,1530005100,1530005000,269.72,104,0,봉덕로,0,0,2020-09-01
1530016302,1530005001,1530006000,88.99,104,0,대봉로,0,0,2020-09-01
1530016303,1530005000,1530005002,165.46,104,0,대봉로,0,0,2020-09-01
1530016304,1530005002,1530005001,93.32,104,0,대봉로,0,0,2020-09-01
1530016401,1530006000,1530005001,81.9,104,0,대봉로,0,0,2020-09-01
1530016403,1530005001,1530005002,96.38,104,0,대봉로,0,0,2020-09-01
1530016404,1530005002,1530005000,164.95,104,0,대봉로,0,0,2020-09-01
1530016500,1530005100,1530005200,240.05,104,0,봉덕로,0,0,2020-09-01
1530016600,1530005200,1530005100,240.05,104,0,봉덕로,0,0,2020-09-01
1530016901,1530005200,1530005201,220.36,104,0,봉덕로,0,0,2020-09-01
1530016902,1530005201,1530005300,96.5,104,0,봉덕로,0,0,2020-09-01
1530017001,1530005300,1530005201,96.17,104,0,봉덕로,0,0,2020-09-01
1530017002,1530005201,1530005200,220.69,104,0,봉덕로,0,0,2020-09-01
1530017100,1530005200,1530006300,342.16,104,0,이천로,0,0,2020-09-01
1530017200,1530006300,1530005200,342.16,104,0,이천로,0,0,2020-09-01
1530017300,1530005300,1530005400,391.77,104,0,봉덕로,0,0,2020-09-01
1530017400,1530005400,1530005300,391.77,104,0,봉덕로,0,0,2020-09-01
1530017700,1530005400,1530005600,77.96,104,0,중앙대로,0,0,2020-09-01
1530017800,1530005600,1530005400,77.96,104,0,중앙대로,0,0,2020-09-01
1530017901,1530005500,1530005501,17.54,102,0,신천대로,0,5,2020-09-01
1530017902,1530005501,1530005900,219.31,102,0,신천대로,0,5,2020-09-01
1530018001,1530005900,1530005501,219.36,102,0,신천대로,0,5,2020-09-01
1530018002,1530005501,1530005500,17.48,102,0,신천대로,0,5,2020-09-01
1530018100,1530005500,1530006800,598.85,102,2,신천대로,0,5,2020-09-01
1530018200,1530006800,1530005500,606.64,102,2,신천대로,0,5,2020-09-01
1530018300,1530005600,1530005700,111.83,104,0,중앙대로,0,0,2020-09-01
1530018400,1530005700,1530005600,111.83,104,0,중앙대로,0,0,2020-09-01
1530018700,1530000500,1530006900,730.53,104,0,성당로,0,0,2020-09-01
1530018800,1530006900,1530000500,730.53,104,0,성당로,0,0,2020-09-01
1530018900,1530005700,1530006200,567.84,104,0,중앙대로32길,0,0,2020-09-01
1530019000,1530006200,1530005700,567.84,104,0,중앙대로32길,0,0,2020-09-01
1530019100,1530005700,1530006400,210.67,104,0,중앙대로,0,0,2020-09-01
1530019200,1530006400,1530005700,210.67,104,0,중앙대로,0,0,2020-09-01
1530019300,1530005700,1530006600,452.73,104,0,중앙대로31길,0,0,2020-09-01
1530019400,1530006600,1530005700,466.26,104,0,중앙대로31길,0,0,2020-09-01
1530019500,1530005800,1530005900,19.13,104,0,희망로,0,0,2020-09-01
1530019600,1530005900,1530005800,19.13,104,0,희망로,0,0,2020-09-01
1530019700,1530005900,1530006000,152.96,104,0,희망로,0,0,2020-09-01
1530019800,1530006000,1530005900,152.96,104,0,희망로,0,0,2020-09-01
1530019901,1530005900,1530005901,304.39,102,0,신천대로,0,5,2020-09-01
1530019902,1530005901,1530006800,62.16,102,0,신천대로,0,5,2020-09-01
1530020001,1530006800,1530005901,62.81,102,0,신천대로,0,5,2020-09-01
1530020002,1530005901,1530005900,301.73,102,0,신천대로,0,5,2020-09-01
1530020101,1530006000,1530006001,128.36,104,0,희망로,0,0,2020-09-01
1530020102,1530006001,1530006100,223.48,104,0,희망로,0,0,2020-09-01
1530020201,1530006100,1530006001,223.18,104,0,희망로,0,0,2020-09-01
1530020202,1530006001,1530006000,128.66,104,0,희망로,0,0,2020-09-01
1530020302,1530006002,1500001200,67.36,104,0,대봉로,0,0,2020-09-01
1530020303,1530006000,1530006003,299.68,104,0,대봉로,0,0,2020-09-01
1530020304,1530006003,1530006002,500.68,104,0,대봉로,0,0,2020-09-01
1530020401,1500001200,1530006002,66.34,104,0,대봉로,0,0,2020-09-01
1530020403,1530006002,1530006003,500.72,104,0,대봉로,0,0,2020-09-01
1530020404,1530006003,1530006000,300.65,104,0,대봉로,0,0,2020-09-01
1530020500,1530006100,1530006300,148.65,104,0,희망로,0,0,2020-09-01
1530020600,1530006300,1530006100,148.65,104,0,희망로,0,0,2020-09-01
1530020900,1530006200,1530006300,167.48,104,0,중앙대로32길,0,0,2020-09-01
1530021000,1530006300,1530006200,167.48,104,0,중앙대로32길,0,0,2020-09-01
1530021300,1530006300,1530006700,299.48,104,0,이천로,0,0,2020-09-01
1530021400,1530006700,1530006300,299.48,104,0,이천로,0,0,2020-09-01
1530021701,1530006400,1530006401,223.73,104,0,중앙대로,0,0,2020-09-01
1530021703,1530006401,1530006402,206.23,104,0,중앙대로,0,0,2020-09-01
1530021704,1530006402,1530007400,281,104,0,중앙대로,0,0,2020-09-01
1530021802,1530006401,1530006400,223.69,104,0,중앙대로,0,0,2020-09-01
1530021803,1530007400,1530006402,281.04,104,0,중앙대로,0,0,2020-09-01
1530021804,1530006402,1530006401,206.23,104,0,중앙대로,0,0,2020-09-01
1530021900,1530006500,1530007100,411.6,104,0,현충로,0,0,2020-09-01
1530022000,1530007100,1530006500,414,104,0,현충로,0,0,2020-09-01
1530022100,1530006600,1530007300,551.72,104,0,중앙대로31길,0,0,2020-09-01
1530022200,1530007300,1530006600,540.47,104,0,중앙대로31길,0,0,2020-09-01
1530022301,1530006700,1530006701,269.09,104,0,이천로,0,0,2020-09-01
1530022302,1530006701,1500001300,295.46,104,0,이천로,0,0,2020-09-01
1530022401,1500001300,1530006701,292.18,104,0,이천로,0,0,2020-09-01
1530022402,1530006701,1530006700,269.22,104,0,이천로,0,0,2020-09-01
1530022500,1530006800,1530007200,215.56,102,0,신천대로,0,5,2020-09-01
1530022600,1530007200,1530006800,215.56,102,0,신천대로,0,5,2020-09-01
1530022700,1530006900,1530007000,33.64,104,0,성당로,0,0,2020-09-01
1530022800,1530007000,1530006900,33.64,104,0,성당로,0,0,2020-09-01
1530023100,1530007000,1530007100,821.58,104,0,양지로,0,0,2020-09-01
1530023200,1530007100,1530007000,818.1,104,0,양지로,0,0,2020-09-01
1530023300,1530007000,1500002000,979.38,104,0,성당로,0,0,2020-09-01
1530023400,1500002000,1530007000,979.38,104,0,성당로,0,0,2020-09-01
1530023500,1530007100,1530007300,85.45,104,0,현충로,0,0,2020-09-01
1530023600,1530007300,1530007100,85.45,104,0,현충로,0,0,2020-09-01
1530023700,1530007200,1500001000,274.66,102,0,신천대로,0,5,2020-09-01
1530023800,1500001000,1530007200,265.22,102,0,신천대로,0,5,2020-09-01
1530023900,1530007200,1500001500,443.89,102,2,신천대로,0,5,2020-09-01
1530024000,1500001500,1530007200,436.32,102,2,신천대로,0,5,2020-09-01
1530024500,1530007400,1500001800,182.7,104,0,중앙대로,0,0,2020-09-01
1530024600,1500001800,1530007400,182.7,104,0,중앙대로,0,0,2020-09-01
1530024700,1530001200,1530007500,682.68,104,0,앞산순환로,0,5,2020-09-01
1530025200,1530008400,1530007300,102.34,104,0,현충로,0,0,2020-09-01
1530025300,1530007300,1530008400,101.46,104,0,현충로,0,0,2020-09-01
1530025400,1530007800,1530008100,281.96,104,0,현충로,0,0,2020-09-01
1530026500,1530007100,1530008400,139.21,104,0,현충로,0,0,2020-09-01
1530026600,1530008400,1530007100,148.19,104,0,현충로,0,0,2020-09-01
1530026700,1530007500,1530001200,683.39,104,0,앞산순환로,0,5,2020-09-01
1530027001,1530000500,1530008001,303.17,104,0,두류공원로,0,0,2020-09-01
1530027003,1530008001,1530008002,120.22,104,0,두류공원로,0,0,2020-09-01
1530027004,1530008002,1530008000,317.03,104,0,두류공원로,0,0,2020-09-01
1530027102,1530008001,1530000500,302.9,104,0,두류공원로,0,0,2020-09-01
1530027103,1530008000,1530008002,314.65,104,0,두류공원로,0,0,2020-09-01
1530027104,1530008002,1530008001,120.22,104,0,두류공원로,0,0,2020-09-01
1530027200,1530003400,1530008000,522.61,104,0,두류공원로,0,0,2020-09-01
1530027300,1530008000,1530003400,523.62,104,0,두류공원로,0,0,2020-09-01
1530027600,1530007500,1530007600,85.77,104,0,앞산순환로,0,5,2020-09-01
1530027700,1530001600,1530007600,554.99,104,1,앞산순환로,0,5,2020-09-01
1530027800,1530007600,1530001600,551.51,104,1,앞산순환로,0,5,2020-09-01
1530027900,1530007600,1530007500,85.27,104,0,앞산순환로,0,5,2020-09-01
1530028600,1530008300,1530006500,349.75,104,0,현충로,0,0,2020-09-01
1530028700,1530006500,1530008300,354.52,104,0,현충로,0,0,2020-09-01
1530028800,1530007800,1530003700,142.61,104,0,현충로,0,0,2020-09-01
1530028900,1530003700,1530007800,143.12,104,0,현충로,0,0,2020-09-01
1530029000,1530008100,1530008300,207.17,104,0,현충로,0,0,2020-09-01
1530029100,1530008100,1530007800,281.96,104,0,현충로,0,0,2020-09-01
1530029200,1530008300,1530008100,207.18,104,0,현충로,0,0,2020-09-01
1530034700,1550006000,1530002100,1133.35,102,0,신천대로,0,5,2020-09-01
1530034800,1530002100,1550006000,1132.65,102,0,신천대로,0,5,2020-09-01
1530034900,1530008400,1500001400,315.08,104,0,현충로,0,0,2020-09-01
1530035000,1500001400,1530008400,315.08,104,0,현충로,0,0,2020-09-01
1540000101,1540000300,1540000201,359.41,103,0,팔달로,0,0,2020-09-01
1540000102,1540000201,1540000200,350.59,103,0,팔달로,0,0,2020-09-01
1540000201,1540000200,1540000201,350.85,103,0,팔달로,0,0,2020-09-01
1540000202,1540000201,1540000300,356.36,103,0,팔달로,0,0,2020-09-01
1540000300,1540000200,1540000400,307.6,103,0,노원로,0,0,2020-09-01
1540000400,1540000400,1540000200,307.58,103,0,노원로,0,0,2020-09-01
1540000500,1540001000,1540001800,1222.09,101,0,중앙고속도로,0,5,2020-09-01
1540000600,1540001800,1540001000,591.21,101,0,경부고속도로,0,5,2020-09-01
1540000700,1540000600,1540000300,213.42,103,0,팔달로,0,0,2020-09-01
1540000800,1540000300,1540000600,213.28,103,0,팔달로,0,0,2020-09-01
1540000900,1540001000,1540000100,633.99,101,0,중부내륙고속도로지선,0,5,2020-09-01
1540001000,1540000100,1540001000,977.23,101,0,경부고속도로,0,5,2020-09-01
1540001100,1540000100,1540001100,816.14,101,0,경부고속도로,0,5,2020-09-01
1540001200,1540001100,1540000100,1388.36,101,0,중앙고속도로,0,5,2020-09-01
1540001300,1540000800,1540000400,292.1,103,0,노원로,0,0,2020-09-01
1540001400,1540000400,1540000800,292.17,103,0,노원로,0,0,2020-09-01
1540001500,1540001000,1540001100,969.05,101,0,경부고속도로,0,5,2020-09-01
1540001600,1540001100,1540001000,959.7,101,0,경부고속도로,0,5,2020-09-01
1540001700,1540000500,1540000700,195.99,103,0,동북로,0,0,2020-09-01
1540001800,1540000700,1540000500,195.76,103,0,동북로,0,0,2020-09-01
1540001900,1540001100,1540001800,1037.17,101,0,중앙고속도로,0,5,2020-09-01
1540002000,1540001800,1540001100,1090.15,101,0,경부고속도로,0,5,2020-09-01
1540002100,1540000900,1540000600,81.08,103,0,팔달로,0,0,2020-09-01
1540002200,1540000600,1540000900,81.08,103,0,팔달로,0,0,2020-09-01
1540002300,1540000100,1540001800,874.61,101,0,중앙고속도로,0,5,2020-09-01
1540002400,1540001800,1540000100,874.61,101,0,중앙고속도로,0,5,2020-09-01
1540002500,1540000900,1540001200,124.6,103,0,팔달로,0,0,2020-09-01
1540002600,1540001200,1540000900,126.68,103,0,팔달로,0,0,2020-09-01
1540002701,1540002400,1540065600,798.47,102,0,신천대로,0,5,2020-09-01
1540002702,1540065600,1540001200,332.68,102,0,신천대로,0,5,2020-09-01
1540002801,1540001200,1540065600,327.28,102,0,신천대로,0,5,2020-09-01
1540002806,1540065600,1540002400,805.38,102,0,신천대로,0,5,2020-09-01
1540002900,1540000800,1540001300,388.66,103,0,노원로,0,0,2020-09-01
1540003000,1540001300,1540000800,388.42,103,0,노원로,0,0,2020-09-01
1540003100,1540000700,1540001500,514.7,103,0,동북로,0,0,2020-09-01
1540003200,1540001500,1540000700,518.4,103,0,동북로,0,0,2020-09-01
1540003511,1540004200,1540002200,2784.43,101,0,경부고속도로,0,5,2020-09-01
1540003521,1540002200,1540001600,349.18,101,3,경부고속도로,0,5,2020-09-01
1540003531,1540001600,1540001100,1363.58,101,0,경부고속도로,0,5,2020-09-01
1540003611,1540001100,1540001600,1370.87,101,0,경부고속도로,0,5,2020-09-01
1540003621,1540001600,1540002200,349.31,101,3,경부고속도로,0,5,2020-09-01
1540003631,1540002200,1540004200,2778.69,101,0,경부고속도로,0,5,2020-09-01
1540003700,1540001200,1540001700,361.05,103,3,칠곡중앙대로,0,0,2020-09-01
1540003800,1540001700,1540001200,359.84,103,3,칠곡중앙대로,0,0,2020-09-01
1540003900,1540001300,1540001900,394.36,103,0,노원로,0,0,2020-09-01
1540004000,1540001900,1540001300,394.58,103,0,노원로,0,0,2020-09-01
1540004100,1540001500,1540002000,224.44,103,0,동북로,0,0,2020-09-01
1540004200,1540002000,1540001500,224.58,103,0,동북로,0,0,2020-09-01
1540004500,1540001700,1540002100,132.23,103,0,칠곡중앙대로,0,0,2020-09-01
1540004600,1540002100,1540001700,131.57,103,0,칠곡중앙대로,0,0,2020-09-01
1540004700,1540002000,1540002300,142.15,103,0,동북로,0,0,2020-09-01
1540004800,1540002300,1540002000,142.15,103,0,동북로,0,0,2020-09-01
1540004900,1540002500,1540002000,290.58,103,1,동북로,0,0,2020-09-01
1540005000,1540002000,1540002500,294.57,103,1,동북로,0,0,2020-09-01
1540005100,1540002500,1540002300,151.53,103,0,동북로,0,0,2020-09-01
1540005200,1540002300,1540002500,149.45,103,0,동북로,0,0,2020-09-01
1540005300,1540001900,1540002600,497.06,103,0,노원로,0,0,2020-09-01
1540005400,1540002600,1540001900,498.27,103,0,노원로,0,0,2020-09-01
1540005501,1540002700,1540002501,154.63,103,0,동북로,0,0,2020-09-01
1540005502,1540002501,1540002500,305.43,103,0,동북로,0,0,2020-09-01
1540005601,1540002500,1540002501,305.4,103,0,동북로,0,0,2020-09-01
1540005602,1540002501,1540002700,150.93,103,0,동북로,0,0,2020-09-01
1540005701,1540002600,1540002900,888.1,103,0,노원로,0,0,2020-09-01
1540005801,1540002900,1540002600,894.18,103,0,노원로,0,0,2020-09-01
1540005901,1540002100,1540002101,247.63,103,0,칠곡중앙대로,0,0,2020-09-01
1540005902,1540002101,1540003600,181.42,103,0,칠곡중앙대로,0,0,2020-09-01
1540006001,1540003600,1540002101,179.86,103,0,칠곡중앙대로,0,0,2020-09-01
1540006002,1540002101,1540002100,250.17,103,0,칠곡중앙대로,0,0,2020-09-01
1540006300,1540002900,1540003000,267.76,103,0,노원로,0,0,2020-09-01
1540006400,1540003000,1540002900,264.01,103,0,노원로,0,0,2020-09-01
1540006500,1540003200,1540003000,27.73,103,0,노원로,0,0,2020-09-01
1540006600,1540003000,1540003200,27.82,103,0,노원로,0,0,2020-09-01
1540006900,1540003300,1540003200,108.13,103,3,노원로,0,0,2020-09-01
1540007000,1540003200,1540003300,108.05,103,3,노원로,0,0,2020-09-01
1540007100,1540003700,1540002400,854.83,102,0,신천대로,0,5,2020-09-01
1540007200,1540002400,1540003700,846.69,102,0,신천대로,0,5,2020-09-01
1540007301,1540003301,1540003300,34.42,103,0,동북로,0,0,2020-09-01
1540007302,1540003400,1540003301,251.41,103,0,동북로,0,0,2020-09-01
1540007401,1540003300,1540003301,33.57,103,0,동북로,0,0,2020-09-01
1540007402,1540003301,1540003400,252.25,103,0,동북로,0,0,2020-09-01
1540007500,1540003500,1540002700,556.39,103,0,동북로,0,0,2020-09-01
1540007600,1540002700,1540003500,565.97,103,0,동북로,0,0,2020-09-01
1540007700,1540003400,1540003500,672.65,103,0,동북로,0,0,2020-09-01
1540007800,1540003500,1540003400,674.73,103,0,동북로,0,0,2020-09-01
1540007900,1540003000,1540031200,279.93,102,0,신천대로,0,5,2020-09-01
1540008000,1540031200,1540003000,255.95,102,0,신천대로,0,5,2020-09-01
1540008100,1540003600,1540003900,262.11,103,0,칠곡중앙대로,0,0,2020-09-01
1540008200,1540003900,1540003600,271.83,103,0,칠곡중앙대로,0,0,2020-09-01
1540008300,1540031200,1540004000,292.73,102,0,신천대로,0,5,2020-09-01
1540008400,1540004000,1540031200,284.33,102,0,신천대로,0,5,2020-09-01
1540008500,1540003900,1540004100,214.06,103,0,칠곡중앙대로,0,0,2020-09-01
1540008600,1540004100,1540003900,215.41,103,0,칠곡중앙대로,0,0,2020-09-01
1540008801,1540003700,1540031400,929.17,102,0,신천대로,0,5,2020-09-01
1540008802,1540031400,1540004000,615.5,102,0,신천대로,0,5,2020-09-01
1540009200,1540004400,1540004200,526.79,101,0,경부고속도로,0,5,2020-09-01
1540009311,1540001800,1540005300,2616.64,101,0,중앙고속도로,0,5,2020-09-01
1540009321,1540005300,1540005600,697.81,101,4,중앙고속도로,0,5,2020-09-01
1540009331,1540005600,1540006400,781.2,101,0,중앙고속도로,0,5,2020-09-01
1540009411,1540006400,1540005600,783.28,101,0,중앙고속도로,0,5,2020-09-01
1540009421,1540005600,1540005300,694.94,101,4,중앙고속도로,0,5,2020-09-01
1540009431,1540005300,1540001800,2627.58,101,0,중앙고속도로,0,5,2020-09-01
1540009500,1540004100,1540004700,902.89,103,0,칠곡중앙대로,0,0,2020-09-01
1540009600,1540004700,1540004100,899.59,103,0,칠곡중앙대로,0,0,2020-09-01
1540009700,1540004300,1540004200,568.92,101,0,경부고속도로,0,5,2020-09-01
1540009800,1540004200,1540004300,567.82,101,0,경부고속도로,0,5,2020-09-01
1540011700,1540005500,1540005200,603.82,103,0,칠곡중앙대로,0,0,2020-09-01
1540011800,1540005200,1540005500,603.71,103,0,칠곡중앙대로,0,0,2020-09-01
1540012102,1540005800,1540005501,110.26,103,0,칠곡중앙대로,0,0,2020-09-01
1540012103,1540005501,1540005500,247.48,103,0,칠곡중앙대로,0,0,2020-09-01
1540012202,1540005500,1540005501,247.49,103,0,칠곡중앙대로,0,0,2020-09-01
1540012203,1540005501,1540005800,110.6,103,0,칠곡중앙대로,0,0,2020-09-01
1540012500,1540005400,1540006000,742.24,103,0,태전로,0,0,2020-09-01
1540012600,1540006000,1540005400,727,103,0,태전로,0,0,2020-09-01
1540012902,1540005800,1540005801,50,103,0,칠곡중앙대로,0,0,2020-09-01
1540012903,1540005801,1540006100,225.63,103,0,칠곡중앙대로,0,0,2020-09-01
1540013002,1540006100,1540005801,225.21,103,0,칠곡중앙대로,0,0,2020-09-01
1540013003,1540005801,1540005800,50.81,103,0,칠곡중앙대로,0,0,2020-09-01
1540013302,1540006300,1540006101,74.5,103,0,칠곡중앙대로,0,0,2020-09-01
1540013303,1540006101,1540006100,91.13,103,0,칠곡중앙대로,0,0,2020-09-01
1540013402,1540006100,1540006101,91.16,103,0,칠곡중앙대로,0,0,2020-09-01
1540013403,1540006101,1540006300,74.56,103,0,칠곡중앙대로,0,0,2020-09-01
1540013500,1540006000,1540006500,584.96,104,0,낙산로,0,0,2020-09-01
1540013600,1540006500,1540006000,580.12,104,0,낙산로,0,0,2020-09-01
1540013901,1540006700,1540006302,150.08,103,0,칠곡중앙대로,0,0,2020-09-01
1540013902,1540006302,1540006300,73.85,103,0,칠곡중앙대로,0,0,2020-09-01
1540014001,1540006300,1540006302,73.75,103,0,칠곡중앙대로,0,0,2020-09-01
1540014002,1540006302,1540006700,150.06,103,0,칠곡중앙대로,0,0,2020-09-01
1540014100,1540006400,1540006600,368.36,101,0,중앙고속도로,0,5,2020-09-01
1540014200,1540006600,1540006400,1019.33,101,0,중앙고속도로,0,5,2020-09-01
1540014500,1540006400,1540007000,716.98,101,0,중앙고속도로,0,5,2020-09-01
1540014600,1540007000,1540006400,716.88,101,0,중앙고속도로,0,5,2020-09-01
1540014700,1540006600,1540007000,591.79,101,0,중앙고속도로,0,5,2020-09-01
1540014800,1540007000,1540006600,806.48,101,0,중앙고속도로,0,5,2020-09-01
1540015301,1540007201,1540007200,118.54,103,0,칠곡중앙대로,0,0,2020-09-01
1540015302,1540007202,1540007201,113.86,103,0,칠곡중앙대로,0,0,2020-09-01
1540015401,1540007200,1540007201,119.91,103,0,칠곡중앙대로,0,0,2020-09-01
1540015402,1540007201,1540007202,114.64,103,0,칠곡중앙대로,0,0,2020-09-01
1540016500,1540007600,1540007800,390.54,103,0,칠곡중앙대로,0,0,2020-09-01
1540016600,1540007800,1540007600,396.45,103,0,칠곡중앙대로,0,0,2020-09-01
1540016900,1540008000,1540008100,200.26,104,0,신암로,0,0,2020-09-01
1540017000,1540008100,1540008000,200.26,104,0,신암로,0,0,2020-09-01
1540017300,1540008100,1540008200,19.63,104,0,신암로,0,0,2020-09-01
1540017400,1540008200,1540008100,19.63,104,0,신암로,0,0,2020-09-01
1540017700,1540008100,1540009800,703.94,102,0,신천대로,0,5,2020-09-01
1540017800,1540009800,1540008100,711.88,102,0,신천대로,0,5,2020-09-01
1540017900,1540008200,1510010000,71.58,104,3,신암로,0,0,2020-09-01
1540018000,1510010000,1540008200,71.58,104,3,신암로,0,0,2020-09-01
1540019101,1540008600,1540008601,130.73,104,0,신천동로,0,0,2020-09-01
1540019103,1540008601,1540008602,209.57,104,0,신천동로,0,0,2020-09-01
1540019104,1540008602,1540010300,302.65,104,0,신천동로,0,0,2020-09-01
1540019202,1540008601,1540008600,133.08,104,0,신천동로,0,0,2020-09-01
1540019203,1540010300,1540008602,305.5,104,0,신천동로,0,0,2020-09-01
1540019204,1540008602,1540008601,211.18,104,0,신천동로,0,0,2020-09-01
1540019501,1540008700,1540008701,87.03,104,0,칠성남로,0,0,2020-09-01
1540019503,1540008701,1540008702,142.3,104,0,칠성남로,0,0,2020-09-01
1540019504,1540008702,1540009000,360.79,104,0,칠성남로,0,0,2020-09-01
1540019602,1540008701,1540008700,88.01,104,0,칠성남로,0,0,2020-09-01
1540019603,1540009000,1540008702,359.82,104,0,칠성남로,0,0,2020-09-01
1540019604,1540008702,1540008701,142.3,104,0,칠성남로,0,0,2020-09-01
1540019700,1540008700,1540009100,193.58,104,0,중앙대로,0,0,2020-09-01
1540019800,1540009100,1540008700,193.58,104,0,중앙대로,0,0,2020-09-01
1540020700,1540009000,1540009200,92.41,104,0,침산로,0,0,2020-09-01
1540020800,1540009200,1540009000,92.41,104,0,침산로,0,0,2020-09-01
1540020900,1540009000,1540009300,591.27,104,0,칠성남로,0,0,2020-09-01
1540021000,1540009300,1540009000,591.28,104,0,칠성남로,0,0,2020-09-01
1540021301,1540009100,1540009103,90.59,104,0,중앙대로,0,0,2020-09-01
1540021302,1540009103,1540010100,209.81,104,0,중앙대로,0,0,2020-09-01
1540021401,1540010100,1540009103,211.17,104,0,중앙대로,0,0,2020-09-01
1540021402,1540009103,1540009100,89.23,104,0,중앙대로,0,0,2020-09-01
1540021700,1540009200,1540009600,89.73,104,0,침산로,0,0,2020-09-01
1540021800,1540009600,1540009200,89.73,104,0,침산로,0,0,2020-09-01
1540021900,1540009300,1540009400,186.26,104,0,칠성남로,0,0,2020-09-01
1540022000,1540009400,1540009300,186.26,104,0,칠성남로,0,0,2020-09-01
1540022300,1540009400,1540010000,149.79,104,0,원대로,0,0,2020-09-01
1540022400,1540010000,1540009400,149.79,104,0,원대로,0,0,2020-09-01
1540022900,1540009600,1540010500,324.3,104,0,침산로,0,0,2020-09-01
1540023000,1540010500,1540009600,324.3,104,0,침산로,0,0,2020-09-01
1540023500,1540009800,1540010400,234.63,102,0,신천대로,0,5,2020-09-01
1540023600,1540010400,1540009800,238.31,102,0,신천대로,0,5,2020-09-01
1540024300,1540010000,1540010900,419.48,104,0,원대로,0,0,2020-09-01
1540024400,1540010900,1540010000,419.48,104,0,원대로,0,0,2020-09-01
1540024501,1540010100,1540010101,260.58,104,0,호암로,0,0,2020-09-01
1540024502,1540010101,1540085900,217.69,104,0,호암로,0,0,2020-09-01
1540024601,1540085900,1540010101,218.93,104,0,호암로,0,0,2020-09-01
1540024602,1540010101,1540010100,261.31,104,0,호암로,0,0,2020-09-01
1540024701,1540010100,1540086300,262.67,104,0,중앙대로,0,0,2020-09-01
1540024702,1540086300,1540011700,290.9,104,0,중앙대로,0,0,2020-09-01
1540024801,1540011700,1540086300,291.76,104,0,중앙대로,0,0,2020-09-01
1540024802,1540086300,1540010100,261.82,104,0,중앙대로,0,0,2020-09-01
1540025101,1540010200,1540010201,134.71,104,0,대현로,0,0,2020-09-01
1540025102,1540010201,1540011500,659.63,104,0,대현로,0,0,2020-09-01
1540025201,1540011500,1540010201,661.15,104,0,대현로,0,0,2020-09-01
1540025202,1540010201,1540010200,135.91,104,0,대현로,0,0,2020-09-01
1540025300,1540010300,1540010700,202.98,104,0,신천동로,0,0,2020-09-01
1540025400,1540010700,1540010300,205.21,104,0,신천동로,0,0,2020-09-01
1540025500,1540010400,1540010600,146.4,102,0,신천대로,0,5,2020-09-01
1540025600,1540010600,1540010400,146.4,102,0,신천대로,0,5,2020-09-01
1540025701,1540010500,1540010501,398.69,104,0,옥산로,0,0,2020-09-01
1540025702,1540010501,1540010800,128.12,104,0,옥산로,0,0,2020-09-01
1540025801,1540010800,1540010501,127.01,104,0,옥산로,0,0,2020-09-01
1540025802,1540010501,1540010500,399.8,104,0,옥산로,0,0,2020-09-01
1540025900,1540010500,1540011000,252.07,104,0,침산로,0,0,2020-09-01
1540026000,1540011000,1540010500,252.07,104,0,침산로,0,0,2020-09-01
1540026100,1540010600,1540011200,216.48,102,0,신천대로,0,5,2020-09-01
1540026200,1540011200,1540010600,216.48,102,0,신천대로,0,5,2020-09-01
1540026300,1540010600,1540012700,662.83,102,2,신천대로,0,5,2020-09-01
1540026400,1540012700,1540010600,648.06,102,2,신천대로,0,5,2020-09-01
1540026500,1540010700,1540011500,211.43,104,0,신천동로,0,0,2020-09-01
1540026600,1540011500,1540010700,211.43,104,0,신천동로,0,0,2020-09-01
1540026900,1540010800,1540010900,249.11,104,0,옥산로,0,0,2020-09-01
1540027000,1540010900,1540010800,249.11,104,0,옥산로,0,0,2020-09-01
1540027300,1540010900,1540011100,254.53,104,0,옥산로,0,0,2020-09-01
1540027400,1540011100,1540010900,254.53,104,0,옥산로,0,0,2020-09-01
1540027501,1540010900,1540010901,258.11,104,0,원대로,0,0,2020-09-01
1540027502,1540010901,1540013300,286.75,104,0,원대로,0,0,2020-09-01
1540027601,1540013300,1540010901,288.19,104,0,원대로,0,0,2020-09-01
1540027602,1540010901,1540010900,256.66,104,0,원대로,0,0,2020-09-01
1540027900,1540011000,1540012100,294.26,104,0,침산로,0,0,2020-09-01
1540028000,1540012100,1540011000,294.26,104,0,침산로,0,0,2020-09-01
1540028100,1540011100,1540011800,350.35,104,0,옥산로,0,0,2020-09-01
1540028200,1540011800,1540011100,350.35,104,0,옥산로,0,0,2020-09-01
1540028500,1540011200,1540011300,18.88,104,0,침산남로,0,0,2020-09-01
1540028600,1540011300,1540011200,18.88,104,0,침산남로,0,0,2020-09-01
1540028700,1540011200,1540011700,241.94,104,0,침산남로,0,0,2020-09-01
1540028800,1540011700,1540011200,241.94,104,0,침산남로,0,0,2020-09-01
1540028900,1540011200,1540012300,312.82,102,0,신천대로,0,5,2020-09-01
1540029000,1540012300,1540011200,304.52,102,0,신천대로,0,5,2020-09-01
1540029100,1540011300,1540011400,106.39,104,3,대현로,0,0,2020-09-01
1540029200,1540011400,1540011300,106.39,104,3,대현로,0,0,2020-09-01
1540029300,1540011400,1540011500,40.64,104,0,대현로,0,0,2020-09-01
1540029400,1540011500,1540011400,40.64,104,0,대현로,0,0,2020-09-01
1540029500,1540011500,1540011900,184.01,104,0,대현로,0,0,2020-09-01
1540029600,1540011900,1540011500,184.01,104,0,대현로,0,0,2020-09-01
1540029902,1540086200,1540012100,336.26,104,0,침산남로,0,0,2020-09-01
1540029903,1540011700,1540011701,158.56,104,0,침산남로,0,0,2020-09-01
1540029905,1540011701,1540011702,37.29,104,0,침산남로,0,0,2020-09-01
1540029906,1540011702,1540086200,56.44,104,0,침산남로,0,0,2020-09-01
1540030001,1540012100,1540086200,335.87,104,0,침산남로,0,0,2020-09-01
1540030004,1540011701,1540011700,159.66,104,0,침산남로,0,0,2020-09-01
1540030005,1540086200,1540011702,55.74,104,0,침산남로,0,0,2020-09-01
1540030006,1540011702,1540011701,37.29,104,0,침산남로,0,0,2020-09-01
1540030100,1540011700,1540012300,182.83,104,0,중앙대로,0,0,2020-09-01
1540030200,1540012300,1540011700,182.83,104,0,중앙대로,0,0,2020-09-01
1540030300,1540011800,1540012000,280.94,104,0,팔달로,0,0,2020-09-01
1540030400,1540012000,1540011800,280.94,104,0,팔달로,0,0,2020-09-01
1540030700,1540011800,1540013600,305.88,104,0,오봉로,0,0,2020-09-01
1540030800,1540013600,1540011800,305.88,104,0,오봉로,0,0,2020-09-01
1540030900,1540011900,1540013400,272.8,104,0,연암로,0,0,2020-09-01
1540031000,1540013400,1540011900,266.19,104,0,연암로,0,0,2020-09-01
1540031100,1540011900,1540013700,405.91,104,0,대학로,0,0,2020-09-01
1540031200,1540013700,1540011900,409.14,104,0,대학로,0,0,2020-09-01
1540031300,1540012000,1540012200,187.21,104,0,팔달로,0,0,2020-09-01
1540031400,1540012200,1540012000,187.21,104,0,팔달로,0,0,2020-09-01
1540031900,1540012100,1540014300,442.16,104,0,침산로,0,0,2020-09-01
1540032000,1540014300,1540012100,442.16,104,0,침산로,0,0,2020-09-01
1540032101,1540012200,1540012201,124.63,104,0,팔달로,0,0,2020-09-01
1540032102,1540012201,1540012500,86.39,104,0,팔달로,0,0,2020-09-01
1540032201,1540012500,1540012201,85.56,104,0,팔달로,0,0,2020-09-01
1540032202,1540012201,1540012200,125.47,104,0,팔달로,0,0,2020-09-01
1540032500,1540012300,1540012400,27.05,104,0,중앙대로,0,0,2020-09-01
1540032600,1540012400,1540012300,27.05,104,0,중앙대로,0,0,2020-09-01
1540032700,1540012300,1540012700,128.89,102,0,신천대로,0,5,2020-09-01
1540032800,1540012700,1540012300,128.89,102,0,신천대로,0,5,2020-09-01
1540032900,1540012400,1540013500,146.26,104,3,중앙대로,0,0,2020-09-01
1540033000,1540013500,1540012400,146.26,104,3,중앙대로,0,0,2020-09-01
1540033100,1540012500,1540012900,280.2,104,0,팔달로,0,0,2020-09-01
1540033200,1540012900,1540012500,280.2,104,0,팔달로,0,0,2020-09-01
1540033701,1540012600,1540012601,122.16,104,0,침산남로,0,0,2020-09-01
1540033702,1540012601,1540013300,234.93,104,0,침산남로,0,0,2020-09-01
1540033801,1540013300,1540012601,236.17,104,0,침산남로,0,0,2020-09-01
1540033802,1540012601,1540012600,120.92,104,0,침산남로,0,0,2020-09-01
1540033900,1540012700,1540013900,376.51,102,0,신천대로,0,5,2020-09-01
1540034000,1540013900,1540012700,377.94,102,0,신천대로,0,5,2020-09-01
1540034500,1540012900,1540000200,293.24,104,0,팔달로,0,0,2020-09-01
1540034600,1540000200,1540012900,293.24,104,0,팔달로,0,0,2020-09-01
1540034700,1540013000,1540013300,286.42,104,0,침산남로,0,0,2020-09-01
1540034800,1540013300,1540013000,286.43,104,0,침산남로,0,0,2020-09-01
1540035700,1540013300,1540014100,331.66,104,0,성북로,0,0,2020-09-01
1540035800,1540014100,1540013300,331.66,104,0,성북로,0,0,2020-09-01
1540035900,1540013400,1540013800,143.6,104,0,연암로,0,0,2020-09-01
1540036000,1540013800,1540013400,143.6,104,0,연암로,0,0,2020-09-01
1540036300,1540013500,1540013800,71.87,104,0,중앙대로,0,0,2020-09-01
1540036400,1540013800,1540013500,71.87,104,0,중앙대로,0,0,2020-09-01
1540036700,1540013600,1540014900,344.42,104,0,오봉로,0,0,2020-09-01
1540036800,1540014900,1540013600,344.42,104,0,오봉로,0,0,2020-09-01
1540037300,1540013800,1540015100,590.7,104,0,연암로,0,0,2020-09-01
1540037400,1540015100,1540013800,600.51,104,0,연암로,0,0,2020-09-01
1540037500,1540013900,1540014600,232.47,102,0,신천대로,0,5,2020-09-01
1540037600,1540014600,1540013900,232.47,102,0,신천대로,0,5,2020-09-01
1540037700,1540013900,1540015200,345.85,102,2,신천대로,0,5,2020-09-01
1540037800,1540015200,1540013900,353.47,102,2,신천대로,0,5,2020-09-01
1540038301,1540014100,1540014102,127.5,104,0,성북로,0,0,2020-09-01
1540038302,1540014102,1540014300,157.28,104,0,성북로,0,0,2020-09-01
1540038401,1540014300,1540014102,158.74,104,0,성북로,0,0,2020-09-01
1540038402,1540014102,1540014100,126.04,104,0,성북로,0,0,2020-09-01
1540039301,1540014300,1540014301,102.73,104,0,성북로,0,0,2020-09-01
1540039302,1540014301,1540014600,140.29,104,0,성북로,0,0,2020-09-01
1540039401,1540014600,1540014301,141.77,104,0,성북로,0,0,2020-09-01
1540039402,1540014301,1540014300,101.25,104,0,성북로,0,0,2020-09-01
1540039501,1540014300,1540014302,242.54,104,0,침산로,0,0,2020-09-01
1540039502,1540014302,1540016900,386.34,104,0,침산로,0,0,2020-09-01
1540039601,1540016900,1540014302,382.67,104,0,침산로,0,0,2020-09-01
1540039602,1540014302,1540014300,242.85,104,0,침산로,0,0,2020-09-01
1540039702,1540000701,1540017600,467.89,104,0,복현로,0,0,2020-09-01
1540039703,1540000700,1540000702,357.71,104,0,복현로,0,0,2020-09-01
1540039704,1540000702,1540000701,56.99,104,0,복현로,0,0,2020-09-01
1540039801,1540017600,1540000701,457.29,104,0,복현로,0,0,2020-09-01
1540039803,1540000701,1540000702,52.45,104,0,복현로,0,0,2020-09-01
1540039804,1540000702,1540000700,352.92,104,0,복현로,0,0,2020-09-01
1540040700,1540014600,1540014700,20.59,104,0,성북로,0,0,2020-09-01
1540040800,1540014700,1540014600,20.59,104,0,성북로,0,0,2020-09-01
1540040900,1540014600,1540015200,117.18,102,0,신천대로,0,5,2020-09-01
1540041000,1540015200,1540014600,117.18,102,0,신천대로,0,5,2020-09-01
1540041100,1540014700,1540014800,98.01,104,3,성북로,0,0,2020-09-01
1540041200,1540014800,1540014700,98.01,104,3,성북로,0,0,2020-09-01
1540041700,1540014800,1540015100,42.55,104,0,성북로,0,0,2020-09-01
1540041800,1540015100,1540014800,42.55,104,0,성북로,0,0,2020-09-01
1540042100,1540014900,1540016100,228.54,104,0,오봉로,0,0,2020-09-01
1540042200,1540016100,1540014900,228.54,104,0,오봉로,0,0,2020-09-01
1540042500,1540015100,1540016200,286.57,104,0,신천동로,0,0,2020-09-01
1540042600,1540015100,1540003400,965.55,104,0,연암로,0,0,2020-09-01
1540042700,1540003400,1540015100,955.47,104,0,연암로,0,0,2020-09-01
1540042800,1540015200,1540017500,618.52,102,0,신천대로,0,5,2020-09-01
1540042900,1540017500,1540015200,627.52,102,0,신천대로,0,5,2020-09-01
1540043800,1540015500,1540015100,146.12,104,0,신천동로,0,0,2020-09-01
1540044000,1540016200,1540015500,173.72,104,0,신천동로,0,0,2020-09-01
1540044300,1540015700,1540016800,256.08,104,0,매천로,0,0,2020-09-01
1540044400,1540016800,1540015700,256.08,104,0,매천로,0,0,2020-09-01
1540045300,1540015900,1540016500,150.16,104,0,대학로,0,0,2020-09-01
1540045400,1540016500,1540015900,150.16,104,0,대학로,0,0,2020-09-01
1540045900,1540016100,1540002600,469.31,104,0,오봉로,0,0,2020-09-01
1540046000,1540002600,1540016100,469.31,104,0,오봉로,0,0,2020-09-01
1540046100,1540016200,1540017300,326.99,104,0,신천동로,0,0,2020-09-01
1540046200,1540017300,1540016200,330.1,104,0,신천동로,0,0,2020-09-01
1540046900,1540016500,1540002300,251.26,104,0,대학로,0,0,2020-09-01
1540047000,1540002300,1540016500,251.26,104,0,대학로,0,0,2020-09-01
1540047901,1540016800,1540031000,218.39,104,0,매천로2길,0,0,2020-09-01
1540047902,1540031000,1540002100,417.06,104,0,매천로2길,0,0,2020-09-01
1540048001,1540031000,1540016800,219.72,104,0,매천로2길,0,0,2020-09-01
1540048002,1540002100,1540031000,411.51,104,0,매천로2길,0,0,2020-09-01
1540048101,1540016800,1540031100,312.28,104,0,매천로,0,0,2020-09-01
1540048102,1540031100,1540018400,231.94,104,0,매천로,0,0,2020-09-01
1540048201,1540031100,1540016800,312.95,104,0,매천로,0,0,2020-09-01
1540048202,1540018400,1540031100,227.94,104,0,매천로,0,0,2020-09-01
1540048300,1540016900,1540002900,373.61,104,0,침산로,0,0,2020-09-01
1540048400,1540002900,1540016900,373.61,104,0,침산로,0,0,2020-09-01
1540048500,1540002300,1540017000,265.76,104,0,공항로,0,0,2020-09-01
1540048600,1540017000,1540002300,265.75,104,0,공항로,0,0,2020-09-01
1540048701,1540002300,1540002301,340.25,104,0,검단로,0,0,2020-09-01
1540048702,1540002301,1540019100,352.07,104,0,검단로,0,0,2020-09-01
1540048801,1540019100,1540002301,353.66,104,0,검단로,0,0,2020-09-01
1540048802,1540002301,1540002300,340.95,104,0,검단로,0,0,2020-09-01
1540048901,1540017000,1540017001,146.88,104,0,공항로,0,0,2020-09-01
1540048902,1540017001,1540017600,288.29,104,0,공항로,0,0,2020-09-01
1540049001,1540017600,1540017001,289.42,104,0,공항로,0,0,2020-09-01
1540049002,1540017001,1540017000,145.75,104,0,공항로,0,0,2020-09-01
1540049900,1540017300,1540018000,214.79,104,0,신천동로,0,0,2020-09-01
1540050000,1540018000,1540017300,212.45,104,0,신천동로,0,0,2020-09-01
1540050100,1540017300,1540003301,288.71,104,0,신천동로,0,0,2020-09-01
1540050600,1540017500,1540003000,194.41,102,0,신천대로,0,5,2020-09-01
1540050700,1540003000,1540017500,194.41,102,0,신천대로,0,5,2020-09-01
1540050801,1540017600,1540017602,121.13,104,0,공항로,0,0,2020-09-01
1540050802,1540017602,1540017700,255.04,104,0,공항로,0,0,2020-09-01
1540050901,1540017700,1540017602,256.11,104,0,공항로,0,0,2020-09-01
1540050902,1540017602,1540017600,120.05,104,0,공항로,0,0,2020-09-01
1540051400,1540017700,1510013000,242.36,104,3,공항로,0,0,2020-09-01
1540051500,1510013000,1540017700,244.51,104,3,공항로,0,0,2020-09-01
1540052400,1540018000,1540018600,141.63,104,0,신천동로,0,0,2020-09-01
1540052500,1540018600,1540018000,140.29,104,0,신천동로,0,0,2020-09-01
1540053200,1540003301,1540018000,62.6,104,0,신천동로,0,0,2020-09-01
1540053300,1540003301,1540018800,205.69,104,0,신천동로,0,0,2020-09-01
1540053600,1540018400,1540019500,282.9,104,0,매천로,0,0,2020-09-01
1540053700,1540019500,1540018400,292.08,104,0,매천로,0,0,2020-09-01
1540053800,1540018400,1540020500,556.09,104,2,매천로,0,5,2020-09-01
1540053900,1540020500,1540018400,562.06,104,2,매천로,0,5,2020-09-01
1540054200,1540018600,1540003301,83.42,104,0,신천동로,0,0,2020-09-01
1540054300,1540018600,1540018800,133.68,104,0,신천동로,0,0,2020-09-01
1540054400,1540018800,1540018600,147.58,104,0,신천동로,0,0,2020-09-01
1540054700,1540003500,1540019400,205.63,104,0,호국로,0,0,2020-09-01
1540054800,1540019400,1540003500,205.63,104,0,호국로,0,0,2020-09-01
1540054901,1540018800,1540031300,219.2,104,0,신천동로,0,0,2020-09-01
1540054902,1540031300,1540019300,236.99,104,0,신천동로,0,0,2020-09-01
1540055001,1540031300,1540018800,222.96,104,0,신천동로,0,0,2020-09-01
1540055002,1540019300,1540031300,232.87,104,0,신천동로,0,0,2020-09-01
1540055300,1540004000,1540019800,344.26,102,0,신천대로,0,5,2020-09-01
1540055400,1540019800,1540004000,475.35,102,0,신천대로,0,5,2020-09-01
1540055501,1540003900,1540003901,294.2,104,0,매천로18길,0,0,2020-09-01
1540055502,1540003901,1540019500,231.98,104,0,매천로18길,0,0,2020-09-01
1540055601,1540019500,1540003901,231.27,104,0,매천로18길,0,0,2020-09-01
1540055602,1540003901,1540003900,294.91,104,0,매천로18길,0,0,2020-09-01
1540055702,1540019101,1540020200,125.15,104,0,검단로,0,0,2020-09-01
1540055703,1540019100,1540019103,58.3,104,0,검단로,0,0,2020-09-01
1540055704,1540019103,1540019101,157.33,104,0,검단로,0,0,2020-09-01
1540055801,1540020200,1540019101,127.19,104,0,검단로,0,0,2020-09-01
1540055803,1540019101,1540019103,161.45,104,0,검단로,0,0,2020-09-01
1540055804,1540019103,1540019100,55.75,104,0,검단로,0,0,2020-09-01
1540056400,1540019300,1540020400,439.35,104,0,신천동로,0,0,2020-09-01
1540056500,1540020400,1540019300,437.8,104,0,신천동로,0,0,2020-09-01
1540057000,1540019400,1540020100,186.36,104,0,호국로,0,0,2020-09-01
1540057100,1540020100,1540019400,186.36,104,0,호국로,0,0,2020-09-01
1540057201,1540019500,1540019501,245.87,104,0,매천로,0,0,2020-09-01
1540057202,1540019501,1540020500,25.68,104,0,매천로,0,0,2020-09-01
1540057301,1540020500,1540019501,26.63,104,0,매천로,0,0,2020-09-01
1540057302,1540019501,1540019500,244.92,104,0,매천로,0,0,2020-09-01
1540058200,1540019800,1540021100,304.55,104,3,서변남로,0,5,2020-09-01
1540058300,1540021100,1540019800,304.55,104,3,서변남로,0,5,2020-09-01
1540058400,1540004100,1540003600,485.82,103,1,칠곡중앙대로,0,0,2020-09-01
1540058500,1540003600,1540004100,476.05,103,1,칠곡중앙대로,0,0,2020-09-01
1540059100,1540020100,1540021000,300.36,104,0,호국로,0,0,2020-09-01
1540059200,1540021000,1540020100,300.36,104,0,호국로,0,0,2020-09-01
1540059300,1540020200,1540021200,275.51,104,0,검단공단로,0,0,2020-09-01
1540059400,1540021200,1540020200,275.51,104,0,검단공단로,0,0,2020-09-01
1540060301,1540020500,1540084900,246.61,104,0,매천로,0,0,2020-09-01
1540060302,1540084900,1540022200,500.6,104,0,매천로,0,0,2020-09-01
1540060401,1540022200,1540084900,496.97,104,0,매천로,0,0,2020-09-01
1540060402,1540084900,1540020500,245.35,104,0,매천로,0,0,2020-09-01
1540061102,1540020901,1540021300,120.36,104,0,유통단지로,0,0,2020-09-01
1540061103,1540020900,1540020902,112.63,104,0,유통단지로,0,0,2020-09-01
1540061104,1540020902,1540020901,73.96,104,0,유통단지로,0,0,2020-09-01
1540061201,1540021300,1540020901,122.48,104,0,유통단지로,0,0,2020-09-01
1540061203,1540020901,1540020902,73.84,104,0,유통단지로,0,0,2020-09-01
1540061204,1540020902,1540020900,110.63,104,0,유통단지로,0,0,2020-09-01
1540061500,1540021000,1540021400,152.87,104,3,호국로,0,0,2020-09-01
1540061600,1540021400,1540021000,152.87,104,3,호국로,0,0,2020-09-01
1540061900,1540021200,1540021700,245.86,104,0,검단공단로,0,0,2020-09-01
1540062000,1540021700,1540021200,245.86,104,0,검단공단로,0,0,2020-09-01
1540062101,1540021300,1540021301,197.39,104,0,유통단지로,0,0,2020-09-01
1540062102,1540021301,1540021700,120.17,104,0,유통단지로,0,0,2020-09-01
1540062201,1540021700,1540021301,122,104,0,유통단지로,0,0,2020-09-01
1540062202,1540021301,1540021300,195.56,104,0,유통단지로,0,0,2020-09-01
1540062500,1540021400,1540021900,239.12,104,0,호국로,0,0,2020-09-01
1540062600,1540021900,1540021400,244.58,104,0,호국로,0,0,2020-09-01
1540063701,1540021900,1540021901,374.98,104,0,호국로,0,0,2020-09-01
1540063702,1540021901,1540022600,52.02,104,0,호국로,0,0,2020-09-01
1540063801,1540022600,1540021901,50.5,104,0,호국로,0,0,2020-09-01
1540063802,1540021901,1540021900,366.56,104,0,호국로,0,0,2020-09-01
1540064700,1540022200,1540085200,357.26,104,0,학정로,0,0,2020-09-01
1540064800,1540085200,1540022200,358.76,104,0,학정로,0,0,2020-09-01
1540064902,1540022201,1540025100,942.59,104,0,매천로,0,0,2020-09-01
1540064904,1540022202,1540022201,238.04,104,0,매천로,0,0,2020-09-01
1540064905,1540022200,1540022203,106.5,104,0,매천로,0,0,2020-09-01
1540064906,1540022203,1540022202,313.58,104,0,매천로,0,0,2020-09-01
1540065001,1540025100,1540022201,945.51,104,0,매천로,0,0,2020-09-01
1540065003,1540022201,1540022202,234.79,104,0,매천로,0,0,2020-09-01
1540065005,1540022202,1540022203,314.16,104,0,매천로,0,0,2020-09-01
1540065006,1540022203,1540022200,107.6,104,0,매천로,0,0,2020-09-01
1540065300,1540022400,1540022800,221.97,104,0,서변남로,0,0,2020-09-01
1540065400,1540022800,1540022400,220.52,104,0,서변남로,0,0,2020-09-01
1540066300,1540022600,1540023100,160.71,104,0,호국로,0,0,2020-09-01
1540066400,1540023100,1540022600,160.71,104,0,호국로,0,0,2020-09-01
1540066900,1540022800,1540023100,175.59,104,0,서변남로,0,0,2020-09-01
1540067000,1540023100,1540022800,175.59,104,0,서변남로,0,0,2020-09-01
1540067700,1540023100,1540023500,280.69,104,0,호국로,0,0,2020-09-01
1540067800,1540023500,1540023100,280.69,104,0,호국로,0,0,2020-09-01
1540068900,1540023500,1540023900,226.71,104,0,호국로,0,0,2020-09-01
1540069000,1540023900,1540023500,227.15,104,0,호국로,0,0,2020-09-01
1540070500,1540023900,1540024300,172.3,104,0,호국로,0,0,2020-09-01
1540070600,1540024300,1540023900,172.24,104,0,호국로,0,0,2020-09-01
1540071100,1540024300,1540024600,201.83,104,0,호국로,0,0,2020-09-01
1540071200,1540024600,1540024300,201.83,104,0,호국로,0,0,2020-09-01
1540071700,1540024600,1540025200,333.56,104,0,호국로,0,0,2020-09-01
1540071800,1540025200,1540024600,333.56,104,0,호국로,0,0,2020-09-01
1540071900,1540024700,1540024800,110.28,104,3,태암남로,0,0,2020-09-01
1540072000,1540024800,1540024700,110.28,104,3,태암남로,0,0,2020-09-01
1540072500,1540024800,1540005500,169.61,104,0,태암남로,0,0,2020-09-01
1540072600,1540005500,1540024800,169.61,104,0,태암남로,0,0,2020-09-01
1540072900,1540005400,1540024900,71.58,104,0,영송로,0,0,2020-09-01
1540073000,1540024900,1540005400,71.58,104,0,영송로,0,0,2020-09-01
1540073100,1540005500,1540024900,295.42,104,0,칠곡중앙대로65길,0,0,2020-09-01
1540073200,1540024900,1540005500,295.42,104,0,칠곡중앙대로65길,0,0,2020-09-01
1540073301,1540024900,1540024901,403.49,104,0,영송로,0,0,2020-09-01
1540073302,1540024901,1540026500,468.82,104,0,영송로,0,0,2020-09-01
1540073401,1540026500,1540024901,468.52,104,0,영송로,0,0,2020-09-01
1540073402,1540024901,1540024900,400.67,104,0,영송로,0,0,2020-09-01
1540073701,1540025000,1540025001,46.86,104,0,학정로,0,0,2020-09-01
1540073703,1540025001,1540025002,203.33,104,0,학정로,0,0,2020-09-01
1540073705,1540025002,1540025003,162.14,104,0,학정로,0,0,2020-09-01
1540073706,1540025003,1540025700,284.23,104,0,학정로,0,0,2020-09-01
1540073802,1540025001,1540025000,44.39,104,0,학정로,0,0,2020-09-01
1540073804,1540025002,1540025001,203.33,104,0,학정로,0,0,2020-09-01
1540073805,1540025700,1540025003,279.19,104,0,학정로,0,0,2020-09-01
1540073806,1540025003,1540025002,160.82,104,0,학정로,0,0,2020-09-01
1540073900,1540025100,1540006000,400.65,104,0,매천로,0,0,2020-09-01
1540074000,1540006000,1540025100,405.34,104,0,매천로,0,0,2020-09-01
1540074100,1540025100,1540026100,647.01,104,1,매천로,0,5,2020-09-01
1540074200,1540026100,1540025100,653.86,104,1,매천로,0,5,2020-09-01
1540074300,1540025200,1540026300,853.26,104,0,호국로,0,0,2020-09-01
1540074400,1540026300,1540025200,834.75,104,0,호국로,0,0,2020-09-01
1540075101,1540025400,1540025401,375.6,104,0,팔거천동로,0,0,2020-09-01
1540075102,1540025401,1540025900,77.49,104,0,팔거천동로,0,0,2020-09-01
1540075201,1540025900,1540025401,79.45,104,0,팔거천동로,0,0,2020-09-01
1540075202,1540025401,1540025400,373.64,104,0,팔거천동로,0,0,2020-09-01
1540075900,1540006000,1540026100,247.27,104,0,관음로,0,0,2020-09-01
1540076000,1540026100,1540006000,247.27,104,0,관음로,0,0,2020-09-01
1540076100,1540006100,1540006700,389.11,103,2,칠곡중앙대로,0,0,2020-09-01
1540076200,1540006700,1540006100,387.49,103,2,칠곡중앙대로,0,0,2020-09-01
1540076300,1540025700,1540025800,293.6,104,0,구암로,0,0,2020-09-01
1540076400,1540025800,1540025700,293.6,104,0,구암로,0,0,2020-09-01
1540076501,1540025700,1540025701,169.49,104,0,구암로,0,0,2020-09-01
1540076502,1540025701,1540026200,413.66,104,0,구암로,0,0,2020-09-01
1540076601,1540026200,1540025701,395.29,104,0,구암로,0,0,2020-09-01
1540076602,1540025701,1540025700,168.97,104,0,구암로,0,0,2020-09-01
1540076700,1540025700,1540026400,238.63,104,0,학정로,0,0,2020-09-01
1540076800,1540026400,1540025700,238.63,104,0,학정로,0,0,2020-09-01
1540076901,1540025800,1540025801,140.39,104,0,구암로,0,0,2020-09-01
1540076902,1540025801,1540025900,151.38,104,0,구암로,0,0,2020-09-01
1540077001,1540025900,1540025801,150.73,104,0,구암로,0,0,2020-09-01
1540077002,1540025801,1540025800,141.04,104,0,구암로,0,0,2020-09-01
1540077300,1540025900,1540026000,106.13,104,3,구암로,0,0,2020-09-01
1540077400,1540026000,1540025900,106.13,104,3,구암로,0,0,2020-09-01
1540077501,1540025900,1540025901,74.48,104,0,팔거천동로,0,0,2020-09-01
1540077502,1540025901,1540026800,221.84,104,0,팔거천동로,0,0,2020-09-01
1540077601,1540026800,1540025901,223.39,104,0,팔거천동로,0,0,2020-09-01
1540077602,1540025901,1540025900,72.94,104,0,팔거천동로,0,0,2020-09-01
1540078101,1540006300,1540006301,64.07,104,0,구암로,0,0,2020-09-01
1540078102,1540006301,1540026500,320.71,104,0,구암로,0,0,2020-09-01
1540078201,1540026500,1540006301,317.83,104,0,구암로,0,0,2020-09-01
1540078202,1540006301,1540006300,65.68,104,0,구암로,0,0,2020-09-01
1540078300,1540026100,1540026700,141.44,104,0,관음로,0,0,2020-09-01
1540078400,1540026700,1540026100,141.44,104,0,관음로,0,0,2020-09-01
1540078701,1540026200,1540026201,186.11,104,0,구암로,0,0,2020-09-01
1540078702,1540026201,1540027100,122.2,104,0,구암로,0,0,2020-09-01
1540078801,1540027100,1540026201,127.53,104,0,구암로,0,0,2020-09-01
1540078802,1540026201,1540026200,185.45,104,0,구암로,0,0,2020-09-01
1540079100,1540026300,1540027000,363.12,104,0,호국로,0,0,2020-09-01
1540079200,1540027000,1540026300,371.53,104,0,호국로,0,0,2020-09-01
1540079500,1540026400,1540027200,336.42,104,0,학정로,0,0,2020-09-01
1540079600,1540027200,1540026400,336.42,104,0,학정로,0,0,2020-09-01
1540079700,1540026500,1540026700,341.41,104,0,구암로,0,0,2020-09-01
1540079800,1540026700,1540026500,341.41,104,0,구암로,0,0,2020-09-01
1540080500,1540026700,1540006600,273.9,101,0,중앙고속도로,0,5,2020-09-01
1540080600,1540006600,1540026700,273.9,101,0,중앙고속도로,0,5,2020-09-01
1540080901,1540026800,1540026801,139,104,0,팔거천동로,0,0,2020-09-01
1540080902,1540026801,1540027400,170.38,104,0,팔거천동로,0,0,2020-09-01
1540081001,1540027400,1540026801,174.34,104,0,팔거천동로,0,0,2020-09-01
1540081002,1540026801,1540026800,138.23,104,0,팔거천동로,0,0,2020-09-01
1540081300,1540027000,1540028000,764.82,104,4,호국로,0,0,2020-09-01
1540081400,1540028000,1540027000,764.82,104,4,호국로,0,0,2020-09-01
1540081702,1540027101,1540027600,99.24,104,0,구암로,0,0,2020-09-01
1540081703,1540027100,1540027102,172.71,104,0,구암로,0,0,2020-09-01
1540081704,1540027102,1540027101,260.65,104,0,구암로,0,0,2020-09-01
1540081801,1540027600,1540027101,101.86,104,0,구암로,0,0,2020-09-01
1540081803,1540027101,1540027102,261.74,104,0,구암로,0,0,2020-09-01
1540081804,1540027102,1540027100,170.61,104,0,구암로,0,0,2020-09-01
1540081900,1540027200,1540027300,255.33,104,0,대천로,0,0,2020-09-01
1540082000,1540027300,1540027200,255.33,104,0,대천로,0,0,2020-09-01
1540082100,1540027200,1540027700,567.69,104,0,학정로,0,0,2020-09-01
1540082200,1540027700,1540027200,567.69,104,0,학정로,0,0,2020-09-01
1540082301,1540027300,1540027301,112.12,104,0,대천로,0,0,2020-09-01
1540082302,1540027301,1540027400,156.36,104,0,대천로,0,0,2020-09-01
1540082401,1540027400,1540027301,155.59,104,0,대천로,0,0,2020-09-01
1540082402,1540027301,1540027300,112.9,104,0,대천로,0,0,2020-09-01
1540082700,1540027400,1540027500,144.66,104,3,대천로,0,0,2020-09-01
1540082800,1540027500,1540027400,144.66,104,3,대천로,0,0,2020-09-01
1540082901,1540027400,1540027401,176.42,104,0,팔거천동로,0,0,2020-09-01
1540082902,1540027401,1540028100,414.07,104,0,팔거천동로,0,0,2020-09-01
1540083001,1540028100,1540027401,407.45,104,0,팔거천동로,0,0,2020-09-01
1540083002,1540027401,1540027400,177.79,104,0,팔거천동로,0,0,2020-09-01
1540083500,1540027600,1540028200,382.54,104,0,구암로,0,0,2020-09-01
1540083600,1540028200,1540027600,384.08,104,0,구암로,0,0,2020-09-01
1540083901,1540027700,1540027701,112.49,104,0,학정로,0,0,2020-09-01
1540083902,1540027701,1540028700,174.64,104,0,학정로,0,0,2020-09-01
1540084001,1540028700,1540027701,175.58,104,0,학정로,0,0,2020-09-01
1540084002,1540027701,1540027700,111.55,104,0,학정로,0,0,2020-09-01
1540084700,1540028000,1540028300,150.4,104,0,호국로,0,0,2020-09-01
1540084800,1540028300,1540028000,147.15,104,0,호국로,0,0,2020-09-01
1540085101,1540028100,1540028103,109.89,104,0,팔거천동로,0,0,2020-09-01
1540085102,1540028103,1540029000,182.36,104,0,팔거천동로,0,0,2020-09-01
1540085201,1540029000,1540028103,183.11,104,0,팔거천동로,0,0,2020-09-01
1540085202,1540028103,1540028100,109.13,104,0,팔거천동로,0,0,2020-09-01
1540085301,1540028200,1540028201,137.94,104,0,동암로,0,0,2020-09-01
1540085303,1540028201,1540028202,26.35,104,0,동암로,0,0,2020-09-01
1540085304,1540028202,1540028600,133.82,104,0,동암로,0,0,2020-09-01
1540085402,1540028201,1540028200,133.69,104,0,동암로,0,0,2020-09-01
1540085403,1540028600,1540028202,132.99,104,0,동암로,0,0,2020-09-01
1540085404,1540028202,1540028201,26.35,104,0,동암로,0,0,2020-09-01
1540085500,1540028200,1540028900,352.65,104,0,구암로,0,0,2020-09-01
1540085600,1540028900,1540028200,352.65,104,0,구암로,0,0,2020-09-01
1540085700,1540028300,1540029300,821.87,104,0,호국로,0,0,2020-09-01
1540085800,1540029300,1540028300,811.95,104,0,호국로,0,0,2020-09-01
1540086900,1540028700,1540028800,251.86,104,0,동암로,0,0,2020-09-01
1540087000,1540028800,1540028700,251.86,104,0,동암로,0,0,2020-09-01
1540087100,1540028700,1540029800,266.43,104,0,학정로,0,0,2020-09-01
1540087200,1540029800,1540028700,265.09,104,0,학정로,0,0,2020-09-01
1540087300,1540028800,1540029000,238.68,104,0,동암로,0,0,2020-09-01
1540087400,1540029000,1540028800,238.68,104,0,동암로,0,0,2020-09-01
1540087900,1540028900,1540030200,647.37,104,0,구암로,0,0,2020-09-01
1540088000,1540030200,1540028900,636.68,104,0,구암로,0,0,2020-09-01
1540088101,1540029000,1540029002,112.95,104,0,동암로,0,0,2020-09-01
1540088102,1540029002,1540029200,193.81,104,0,동암로,0,0,2020-09-01
1540088201,1540029200,1540029002,192.56,104,0,동암로,0,0,2020-09-01
1540088202,1540029002,1540029000,114.2,104,0,동암로,0,0,2020-09-01
1540088500,1540007202,1540029100,167.26,104,0,관음중앙로,0,0,2020-09-01
1540088600,1540029100,1540007202,168.91,104,0,관음중앙로,0,0,2020-09-01
1540088700,1540029100,1540029700,167.99,104,0,관음중앙로33길,0,0,2020-09-01
1540088800,1540029700,1540029100,158.47,104,0,관음중앙로33길,0,0,2020-09-01
1540088900,1540029200,1540029600,77.95,104,3,동암로,0,0,2020-09-01
1540089000,1540029600,1540029200,77.95,104,3,동암로,0,0,2020-09-01
1540089300,1540029300,1540029400,737.88,104,0,호국로,0,0,2020-09-01
1540089400,1540029400,1540029300,738.78,104,0,호국로,0,0,2020-09-01
1540089801,1540029400,1540085800,213.04,104,0,호국로,0,0,2020-09-01
1540089902,1540085800,1540029400,222.43,104,0,호국로,0,0,2020-09-01
1540090000,1540029500,1540029800,261.26,104,0,구리로,0,0,2020-09-01
1540090100,1540029800,1540029500,261.26,104,0,구리로,0,0,2020-09-01
1540090200,1540029600,1540007200,311.79,104,0,동암로,0,0,2020-09-01
1540090300,1540007200,1540029600,307.03,104,0,동암로,0,0,2020-09-01
1540090401,1540029700,1540029701,82.3,104,0,칠곡중앙대로115길,0,0,2020-09-01
1540090402,1540029701,1540030100,203.5,104,0,칠곡중앙대로115길,0,0,2020-09-01
1540090501,1540030100,1540029701,201.07,104,0,칠곡중앙대로115길,0,0,2020-09-01
1540090502,1540029701,1540029700,74.38,104,0,칠곡중앙대로115길,0,0,2020-09-01
1540090803,1540029901,1540030200,494.23,104,0,구리로,0,0,2020-09-01
1540090805,1540029902,1540029901,102.74,104,0,구리로,0,0,2020-09-01
1540090807,1540029903,1540029902,97.07,104,0,구리로,0,0,2020-09-01
1540090808,1540029900,1540029904,281.21,104,0,구리로,0,0,2020-09-01
1540090809,1540029904,1540029903,113.86,104,0,구리로,0,0,2020-09-01
1540090902,1540030200,1540029901,521.48,104,0,구리로,0,0,2020-09-01
1540090904,1540029901,1540029902,102.39,104,0,구리로,0,0,2020-09-01
1540090906,1540029902,1540029903,96.1,104,0,구리로,0,0,2020-09-01
1540090908,1540029903,1540029904,111.09,104,0,구리로,0,0,2020-09-01
1540090909,1540029904,1540029900,276.22,104,0,구리로,0,0,2020-09-01
1540091201,1540030000,1540085600,976.26,104,0,호국로,0,0,2020-09-01
1540091205,1540085601,1540007601,426.33,104,0,호국로,0,0,2020-09-01
1540091206,1540007601,1540007600,180.96,104,0,호국로,0,0,2020-09-01
1540091207,1540085600,1540085602,256.67,104,0,호국로,0,0,2020-09-01
1540091208,1540085602,1540085601,655.43,104,0,호국로,0,0,2020-09-01
1540091302,1540085600,1540030000,975.74,104,0,호국로,0,0,2020-09-01
1540091305,1540007600,1540007601,182.16,104,0,호국로,0,0,2020-09-01
1540091306,1540007601,1540085601,421.78,104,0,호국로,0,0,2020-09-01
1540091307,1540085601,1540085602,644.57,104,0,호국로,0,0,2020-09-01
1540091308,1540085602,1540085600,257.89,104,0,호국로,0,0,2020-09-01
1540091700,1540033800,1540024700,827.34,104,0,칠곡중앙대로52길,0,0,2020-09-01
1540091800,1540024700,1540033800,817.73,104,0,칠곡중앙대로52길,0,0,2020-09-01
1540091900,1540033600,1540085300,480.32,104,0,칠곡중앙대로46길,0,0,2020-09-01
1540092000,1540085300,1540033600,485.34,104,0,칠곡중앙대로46길,0,0,2020-09-01
1540093500,1540033400,1540022400,601.85,104,0,서변남로,0,5,2020-09-01
1540093600,1540004600,1540033400,112.7,104,0,서변남로,0,5,2020-09-01
1540093700,1540022400,1540033400,601.35,104,0,서변남로,0,5,2020-09-01
1540094000,1540015900,1540030600,423.08,104,0,대학로,0,0,2020-09-01
1540094100,1540030600,1540015900,426.13,104,0,대학로,0,0,2020-09-01
1540094200,1540033200,1540004400,408.09,101,0,경부고속도로,0,5,2020-09-01
1540094300,1540033300,1540033200,119.59,101,0,경부고속도로,0,5,2020-09-01
1540094500,1540033200,1540033300,113.27,101,0,경부고속도로,0,5,2020-09-01
1540094600,1540031400,1540003700,936.27,102,0,신천대로,0,5,2020-09-01
1540094701,1540035400,1540035401,801.81,104,0,관음로,0,0,2020-09-01
1540094702,1540035401,1540030100,436.95,104,0,관음로,0,0,2020-09-01
1540094801,1540030100,1540035401,439.19,104,0,관음로,0,0,2020-09-01
1540094802,1540035401,1540035400,809.1,104,0,관음로,0,0,2020-09-01
1540094900,1540030600,1540013700,373.58,104,0,대학로,0,0,2020-09-01
1540095000,1540013700,1540030600,373.19,104,0,대학로,0,0,2020-09-01
1540095201,1540033800,1540033801,179.09,103,0,칠곡중앙대로,0,0,2020-09-01
1540095202,1540033801,1540005200,63.94,103,0,칠곡중앙대로,0,0,2020-09-01
1540095301,1540005200,1540033801,50.51,103,0,칠곡중앙대로,0,0,2020-09-01
1540095302,1540033801,1540033800,182.02,103,0,칠곡중앙대로,0,0,2020-09-01
1540095400,1540033800,1540033600,206.78,103,0,칠곡중앙대로,0,0,2020-09-01
1540095600,1540034000,1540024000,98.36,104,0,서변로,0,0,2020-09-01
1540095700,1540024000,1540034000,98.49,104,0,서변로,0,0,2020-09-01
1540095900,1540021100,1540032900,336.93,104,0,서변남로,0,5,2020-09-01
1540096400,1540004300,1540004500,1583.31,101,0,경부고속도로,0,5,2020-09-01
1540096500,1540004500,1540004800,602.72,101,3,경부고속도로,0,5,2020-09-01
1540096600,1540004800,1540004900,2190.93,101,0,경부고속도로,0,5,2020-09-01
1540096700,1540004500,1540004300,1583.7,101,0,경부고속도로,0,5,2020-09-01
1540096800,1540004800,1540004500,603.09,101,3,경부고속도로,0,5,2020-09-01
1540096900,1540004900,1540004800,2194.67,101,0,경부고속도로,0,5,2020-09-01
1540098600,1540034200,1540005400,248.66,103,0,태전로,0,0,2020-09-01
1540098700,1540034200,1540005200,401.42,103,0,태전로,0,0,2020-09-01
1540098800,1540005200,1540034200,389.99,103,0,태전로,0,0,2020-09-01
1540098900,1540005400,1540034200,252.42,103,0,태전로,0,0,2020-09-01
1540099200,1540035600,1540028600,245.2,104,0,동암로,0,0,2020-09-01
1540099300,1540028600,1540035600,248.8,104,0,동암로,0,0,2020-09-01
1540099400,1540032900,1540021100,329.01,104,0,서변남로,0,5,2020-09-01
1540099500,1540004600,1540032900,267.57,104,0,서변남로,0,5,2020-09-01
1540099600,1540033400,1540004600,116.35,104,0,서변남로,0,5,2020-09-01
1540099700,1540004400,1540033200,405.84,101,0,경부고속도로,0,5,2020-09-01
1540099800,1540032900,1540004600,251.89,104,0,서변남로,0,5,2020-09-01
1540099900,1540033400,1540033300,217.02,101,0,경부고속도로,0,5,2020-09-01
1540100300,1540004000,1540031400,615.28,102,0,신천대로,0,5,2020-09-01
1540101302,1540007203,1540035900,181.28,103,0,칠곡중앙대로,0,0,2020-09-01
1540101307,1540007204,1540007206,155.05,103,0,칠곡중앙대로,0,0,2020-09-01
1540101308,1540007206,1540007203,100.9,103,0,칠곡중앙대로,0,0,2020-09-01
1540101309,1540007205,1540007207,72.4,103,0,칠곡중앙대로,0,0,2020-09-01
1540101310,1540007207,1540007204,111.36,103,0,칠곡중앙대로,0,0,2020-09-01
1540101311,1540007200,1540007208,159.77,103,0,칠곡중앙대로,0,0,2020-09-01
1540101312,1540007208,1540007205,147.32,103,0,칠곡중앙대로,0,0,2020-09-01
1540101400,1540035900,1540036000,127.79,103,0,칠곡중앙대로,0,0,2020-09-01
1540101500,1540036000,1540035900,122.33,103,0,칠곡중앙대로,0,0,2020-09-01
1540101601,1540035900,1540007203,181.55,103,0,칠곡중앙대로,0,0,2020-09-01
1540101607,1540007203,1540007206,101.26,103,0,칠곡중앙대로,0,0,2020-09-01
1540101608,1540007206,1540007204,155.05,103,0,칠곡중앙대로,0,0,2020-09-01
1540101609,1540007204,1540007207,111.31,103,0,칠곡중앙대로,0,0,2020-09-01
1540101610,1540007207,1540007205,72.33,103,0,칠곡중앙대로,0,0,2020-09-01
1540101611,1540007205,1540007208,147.32,103,0,칠곡중앙대로,0,0,2020-09-01
1540101612,1540007208,1540007200,161.07,103,0,칠곡중앙대로,0,0,2020-09-01
1540101700,1540029800,1540035800,254.55,104,0,구리로,0,0,2020-09-01
1540101800,1540035800,1540029900,264.85,104,0,구리로,0,0,2020-09-01
1540101900,1540029900,1540035800,265.67,104,0,구리로,0,0,2020-09-01
1540102000,1540035800,1540029800,253.71,104,0,구리로,0,0,2020-09-01
1540102103,1540035301,1540035302,182.48,104,0,관음중앙로,0,0,2020-09-01
1540102104,1540035302,1540029100,145.35,104,0,관음중앙로,0,0,2020-09-01
1540102105,1540035300,1540035303,263.69,104,0,관음중앙로,0,0,2020-09-01
1540102106,1540035303,1540035301,363.03,104,0,관음중앙로,0,0,2020-09-01
1540102203,1540029100,1540035302,146.08,104,0,관음중앙로,0,0,2020-09-01
1540102204,1540035302,1540035301,190.72,104,0,관음중앙로,0,0,2020-09-01
1540102205,1540035301,1540035303,368.45,104,0,관음중앙로,0,0,2020-09-01
1540102206,1540035303,1540035300,265.26,104,0,관음중앙로,0,0,2020-09-01
1540102401,1540035600,1540035601,158.64,104,0,동암로,0,0,2020-09-01
1540102402,1540035601,1540028700,95.81,104,0,동암로,0,0,2020-09-01
1540102501,1540028700,1540035601,95.23,104,0,동암로,0,0,2020-09-01
1540102502,1540035601,1540035600,162.79,104,0,동암로,0,0,2020-09-01
1540102601,1540026700,1540026701,219.72,104,0,관음로,0,0,2020-09-01
1540102602,1540026701,1540035000,82.7,104,0,관음로,0,0,2020-09-01
1540102700,1540035000,1540035400,279.73,104,0,관음로,0,0,2020-09-01
1540102800,1540035400,1540035000,279.84,104,0,관음로,0,0,2020-09-01
1540102901,1540035000,1540026701,83.47,104,0,관음로,0,0,2020-09-01
1540102902,1540026701,1540026700,215.17,104,0,관음로,0,0,2020-09-01
1540104501,1540036000,1540036001,461.84,104,0,칠곡중앙대로136길,0,0,2020-09-01
1540104502,1540036001,1540036200,171.66,104,0,칠곡중앙대로136길,0,0,2020-09-01
1540104601,1540036200,1540036101,363.2,104,0,칠곡중앙대로136길,0,0,2020-09-01
1540104602,1540036101,1540036100,144.47,104,0,칠곡중앙대로136길,0,0,2020-09-01
1540104701,1540036200,1540036001,175.03,104,0,칠곡중앙대로136길,0,0,2020-09-01
1540104702,1540036001,1540036000,459.62,104,0,칠곡중앙대로136길,0,0,2020-09-01
1540104801,1540036100,1540036101,149.74,104,0,칠곡중앙대로136길,0,0,2020-09-01
1540104802,1540036101,1540036200,363.64,104,0,칠곡중앙대로136길,0,0,2020-09-01
1540104901,1540029000,1540029001,161.11,104,0,구리로,0,0,2020-09-01
1540104902,1540029001,1540035700,72.33,104,0,구리로,0,0,2020-09-01
1540105000,1540035700,1540029500,174.51,104,0,구리로,0,0,2020-09-01
1540105100,1540029500,1540035700,172.58,104,0,구리로,0,0,2020-09-01
1540105201,1540035700,1540029001,72.17,104,0,구리로,0,0,2020-09-01
1540105202,1540029001,1540029000,159.62,104,0,구리로,0,0,2020-09-01
1540107300,1540027500,1540035100,112.72,104,0,대천로,0,0,2020-09-01
1540107400,1540035100,1540027500,111.87,104,0,대천로,0,0,2020-09-01
1540107500,1540035400,1540035300,244.24,104,0,칠곡중앙대로95길,0,0,2020-09-01
1540107600,1540035300,1540035400,243.18,104,0,칠곡중앙대로95길,0,0,2020-09-01
1540107701,1540035300,1540035201,260.85,104,0,칠곡중앙대로95길,0,0,2020-09-01
1540107702,1540035201,1540035200,206.31,104,0,칠곡중앙대로95길,0,0,2020-09-01
1540107801,1540035200,1540035101,91.37,104,0,대천로,0,0,2020-09-01
1540107803,1540035101,1540035102,147.94,104,0,대천로,0,0,2020-09-01
1540107804,1540035102,1540035100,197.44,104,0,대천로,0,0,2020-09-01
1540107902,1540035101,1540035200,85.95,104,0,대천로,0,0,2020-09-01
1540107903,1540035100,1540035102,191.54,104,0,대천로,0,0,2020-09-01
1540107904,1540035102,1540035101,157.98,104,0,대천로,0,0,2020-09-01
1540108001,1540035200,1540035201,204.72,104,0,칠곡중앙대로95길,0,0,2020-09-01
1540108002,1540035201,1540035300,264.62,104,0,칠곡중앙대로95길,0,0,2020-09-01
1540108200,1540031300,1540003400,190.88,104,0,연암로,0,0,2020-09-01
1540108300,1540003400,1540031300,191.47,104,0,연암로,0,0,2020-09-01
1540108900,1540027200,1540034800,228.93,104,0,대천로,0,0,2020-09-01
1540109000,1540034800,1540027100,151.07,104,0,대천로,0,0,2020-09-01
1540109100,1540027100,1540034800,150.76,104,0,대천로,0,0,2020-09-01
1540109200,1540034800,1540027200,229.24,104,0,대천로,0,0,2020-09-01
1540109700,1540036000,1540007600,338.16,103,0,칠곡중앙대로,0,0,2020-09-01
1540109800,1540007600,1540036000,333.54,103,0,칠곡중앙대로,0,0,2020-09-01
1540109901,1540007202,1540035202,523.2,103,0,칠곡중앙대로,0,0,2020-09-01
1540109902,1540035202,1540035200,215.94,103,0,칠곡중앙대로,0,0,2020-09-01
1540110001,1540035200,1540035202,217.2,103,0,칠곡중앙대로,0,0,2020-09-01
1540110002,1540035202,1540007202,525.63,103,0,칠곡중앙대로,0,0,2020-09-01
1540110100,1540026500,1540034900,327.97,104,0,관음중앙로,0,0,2020-09-01
1540110200,1540034900,1540035300,258.71,104,0,관음중앙로,0,0,2020-09-01
1540110300,1540035300,1540034900,258.83,104,0,관음중앙로,0,0,2020-09-01
1540110400,1540034900,1540026500,328.63,104,0,관음중앙로,0,0,2020-09-01
1540110500,1540035200,1540034700,251.26,103,0,칠곡중앙대로,0,0,2020-09-01
1540110600,1540034700,1540006700,154.84,103,0,칠곡중앙대로,0,0,2020-09-01
1540110700,1540006700,1540034700,154.19,103,0,칠곡중앙대로,0,0,2020-09-01
1540110800,1540034700,1540035200,249.09,103,0,칠곡중앙대로,0,0,2020-09-01
1540110901,1540006300,1540034601,83.23,104,0,구암로,0,0,2020-09-01
1540110902,1540034601,1540034600,266.02,104,0,구암로,0,0,2020-09-01
1540111000,1540034600,1540026000,145.98,104,0,구암로,0,0,2020-09-01
1540111100,1540026000,1540034600,146.02,104,0,구암로,0,0,2020-09-01
1540111201,1540034600,1540034601,263.04,104,0,구암로,0,0,2020-09-01
1540111202,1540034601,1540006300,84.14,104,0,구암로,0,0,2020-09-01
1540111300,1540024700,1540034400,173.84,104,0,팔거천동로,0,0,2020-09-01
1540111400,1540034400,1540025400,217,104,0,팔거천동로,0,0,2020-09-01
1540111500,1540025400,1540034400,216.7,104,0,팔거천동로,0,0,2020-09-01
1540111600,1540034400,1540024700,179.82,104,0,팔거천동로,0,0,2020-09-01
1540112101,1540024700,1540034301,187.97,104,0,태암남로,0,0,2020-09-01
1540112103,1540034301,1540034302,117.14,104,0,태암남로,0,0,2020-09-01
1540112104,1540034302,1540034300,134.5,104,0,태암남로,0,0,2020-09-01
1540112200,1540034300,1540025000,247.62,104,0,학정로,0,0,2020-09-01
1540112300,1540025000,1540034300,251.72,104,0,학정로,0,0,2020-09-01
1540112402,1540034301,1540024700,188.38,104,0,태암남로,0,0,2020-09-01
1540112403,1540034300,1540034302,145.97,104,0,태암남로,0,0,2020-09-01
1540112404,1540034302,1540034301,117.14,104,0,태암남로,0,0,2020-09-01
1540112500,1540004700,1540033600,329.11,103,0,칠곡중앙대로,0,0,2020-09-01
1540112600,1540033600,1540004700,329.01,103,0,칠곡중앙대로,0,0,2020-09-01
1540112700,1540033600,1540033800,214.33,103,0,칠곡중앙대로,0,0,2020-09-01
1540114700,1540020000,1540032000,176.1,104,0,유통단지로,0,0,2020-09-01
1540114800,1540032000,1540020900,196.85,104,0,유통단지로,0,0,2020-09-01
1540114900,1540020900,1540032000,196.69,104,0,유통단지로,0,0,2020-09-01
1540115000,1540032000,1540020000,176.25,104,0,유통단지로,0,0,2020-09-01
1540115700,1540019400,1540031700,96.71,104,0,유통단지로,0,0,2020-09-01
1540115800,1540031700,1540020000,256.57,104,0,유통단지로,0,0,2020-09-01
1540115900,1540020000,1540031700,252.25,104,0,유통단지로,0,0,2020-09-01
1540116000,1540031700,1540019400,100.5,104,0,유통단지로,0,0,2020-09-01
1540116100,1540012600,1540030400,91.61,104,0,침산남로,0,0,2020-09-01
1540116200,1540030400,1540011800,275.95,104,0,침산남로,0,0,2020-09-01
1540116300,1540011800,1540030400,269.83,104,0,침산남로,0,0,2020-09-01
1540116400,1540030400,1540012600,97.43,104,0,침산남로,0,0,2020-09-01
1540116500,1540013000,1540030500,236.46,104,0,침산남로,0,0,2020-09-01
1540116600,1540030500,1540012100,244.87,104,0,침산남로,0,0,2020-09-01
1540116700,1540012100,1540030500,244.84,104,0,침산남로,0,0,2020-09-01
1540116800,1540030500,1540013000,236.5,104,0,침산남로,0,0,2020-09-01
1540244800,1540085300,1540004700,838.92,104,0,학정로,0,0,2020-09-01
1540244900,1540004700,1540085300,856.95,104,0,학정로,0,0,2020-09-01
1540245001,1540034300,1540085301,587.61,104,0,학정로,0,0,2020-09-01
1540245002,1540085301,1540085300,74.98,104,0,학정로,0,0,2020-09-01
1540245101,1540085300,1540085301,71.3,104,0,학정로,0,0,2020-09-01
1540245102,1540085301,1540034300,582.21,104,0,학정로,0,0,2020-09-01
1540245200,1540085400,1540029800,254.99,104,0,학정로,0,0,2020-09-01
1540245300,1540029800,1540085400,254.29,104,0,학정로,0,0,2020-09-01
1540245401,1540085500,1540085401,198.53,104,0,학정로,0,0,2020-09-01
1540245402,1540085401,1540085400,370.76,104,0,학정로,0,0,2020-09-01
1540245501,1540085400,1540085401,371.06,104,0,학정로,0,0,2020-09-01
1540245502,1540085401,1540085500,198.85,104,0,학정로,0,0,2020-09-01
1540245600,1540036100,1540085500,105.85,104,0,학정로,0,0,2020-09-01
1540245700,1540085500,1540036100,108.89,104,0,학정로,0,0,2020-09-01
1540246000,1540085600,1540036100,138.85,104,0,학정로,0,0,2020-09-01
1540246100,1540036100,1540085600,124.1,104,0,학정로,0,0,2020-09-01
1540294001,1540099800,1540025201,98.19,104,0,동화천로,0,0,2020-09-01
1540294002,1540025201,1540025200,2090.34,104,0,동화천로,0,0,2020-09-01
1540294101,1540025200,1540025201,2096.74,104,0,동화천로,0,0,2020-09-01
1540294102,1540025201,1540099800,96.39,104,0,동화천로,0,0,2020-09-01
1540295000,1540100300,1540099800,293.05,104,0,동화천로,0,0,2020-09-01
1540295100,1540099800,1540100300,287.86,104,0,동화천로,0,0,2020-09-01
1540296400,1540100700,1540100300,384.04,104,0,동화천로,0,0,2020-09-01
1540296500,1540100300,1540100700,387.75,104,0,동화천로,0,0,2020-09-01
1540297400,1540101200,1540100700,427.45,104,0,동화천로,0,0,2020-09-01
1540297500,1540100700,1540101200,434.69,104,0,동화천로,0,0,2020-09-01
1540428800,1500011200,1540008100,327.92,102,0,신천대로,0,5,2020-09-01
1540428900,1540008100,1500011200,320.63,102,0,신천대로,0,5,2020-09-01
1540429600,1510012000,1540010200,209.48,104,0,대현로,0,4,2020-09-01
1540429700,1540010200,1510012000,209.48,104,0,대현로,0,4,2020-09-01
1540429800,1520006001,1520029200,574.81,104,0,서재로,0,0,2020-09-01
1540429900,1520029200,1520006001,566.32,104,0,서재로,0,0,2020-09-01
1540430200,1540001000,1540138500,1497.65,101,0,경부고속도로,0,5,2020-09-01
1540430300,1540138500,1540001000,1491.39,101,0,경부고속도로,0,5,2020-09-01
1540430600,1540007000,1540007500,2654.2,101,0,중앙고속도로,0,5,2020-09-01
1540430700,1540007500,1540007000,2650.85,101,0,중앙고속도로,0,5,2020-09-01
1540430800,1540007500,1540007700,341.42,101,4,중앙고속도로,0,5,2020-09-01
1540430900,1540007700,1540007500,342.62,101,4,중앙고속도로,0,5,2020-09-01
1550000102,1550126100,1570007500,1030.25,105,0,파동로,0,0,2020-09-01
1550000103,1550000200,1550125700,158.77,105,0,파동로,0,0,2020-09-01
1550000105,1550125700,1550125900,252.38,105,0,파동로,0,0,2020-09-01
1550000106,1550125900,1550126100,1041.07,105,0,파동로,0,0,2020-09-01
1550000201,1570007500,1550126100,1028.57,105,0,파동로,0,0,2020-09-01
1550000204,1550125700,1550000200,159.59,105,0,파동로,0,0,2020-09-01
1550000205,1550126100,1550125900,1037.76,105,0,파동로,0,0,2020-09-01
1550000206,1550125900,1550125700,253.27,105,0,파동로,0,0,2020-09-01
1550000300,1550000300,1550000100,1904.08,104,0,범안로,0,5,2020-09-01
1550000400,1550000100,1550000300,1907.63,104,0,범안로,0,5,2020-09-01
1550000501,1550000200,1550000201,122.27,105,0,신천동로,0,0,2020-09-01
1550000502,1550000201,1550000400,339.8,105,0,신천동로,0,0,2020-09-01
1550000601,1550000201,1550000200,126.18,105,0,신천동로,0,0,2020-09-01
1550000602,1550000400,1550000201,341.17,105,0,신천동로,0,0,2020-09-01
1550000702,1550000300,1550101900,267.19,104,0,범안로,0,5,2020-09-01
1550000703,1550101900,1550102000,135.92,104,0,범안로,0,5,2020-09-01
1550000704,1550102000,1550001000,381.35,104,0,범안로,0,5,2020-09-01
1550000802,1550001000,1550102000,375.23,104,0,범안로,0,5,2020-09-01
1550000803,1550102000,1550101900,132.95,104,0,범안로,0,5,2020-09-01
1550000804,1550101900,1550000300,257.97,104,0,범안로,0,5,2020-09-01
1550000902,1550000501,1550000502,314.45,104,0,유니버시아드로,0,0,2020-09-01
1550000903,1550000500,1550000501,330.99,104,0,유니버시아드로,0,0,2020-09-01
1550000904,1550000502,1550103000,586.09,104,0,유니버시아드로,0,0,2020-09-01
1550000905,1550103000,1550000600,332.29,104,0,유니버시아드로,0,0,2020-09-01
1550001002,1550000502,1550000501,313.56,104,0,유니버시아드로,0,0,2020-09-01
1550001003,1550000501,1550000500,330.83,104,0,유니버시아드로,0,0,2020-09-01
1550001004,1550000600,1550103000,333.18,104,0,유니버시아드로,0,0,2020-09-01
1550001005,1550103000,1550000502,584.56,104,0,유니버시아드로,0,0,2020-09-01
1550001101,1550000400,1550000401,411.11,105,0,신천동로,0,0,2020-09-01
1550001102,1550000401,1550001100,187.48,105,0,신천동로,0,0,2020-09-01
1550001201,1550001100,1550000401,187.53,105,0,신천동로,0,0,2020-09-01
1550001202,1550000401,1550000400,411.54,105,0,신천동로,0,0,2020-09-01
1550001300,1550000600,1550000800,359.52,104,0,유니버시아드로,0,0,2020-09-01
1550001400,1550000800,1550000600,358.35,104,0,유니버시아드로,0,0,2020-09-01
1550001500,1550000800,1550000900,219.89,104,0,유니버시아드로,0,0,2020-09-01
1550001600,1550000900,1550000800,222.7,104,0,유니버시아드로,0,0,2020-09-01
1550001901,1550001001,1550001000,275.47,104,0,유니버시아드로,0,0,2020-09-01
1550001903,1550000900,1550102500,464.12,104,0,유니버시아드로,0,0,2020-09-01
1550001904,1550102500,1550001001,434.31,104,0,유니버시아드로,0,0,2020-09-01
1550002001,1550001000,1550001001,274.02,104,0,유니버시아드로,0,0,2020-09-01
1550002003,1550001001,1550102500,435,104,0,유니버시아드로,0,0,2020-09-01
1550002004,1550102500,1550000900,463.52,104,0,유니버시아드로,0,0,2020-09-01
1550002100,1550001000,1550001200,856.48,104,0,범안로,0,5,2020-09-01
1550002200,1550001200,1550001000,858.18,104,0,범안로,0,5,2020-09-01
1550002311,1550001300,1550077100,348.56,103,0,달구벌대로,0,0,2020-09-01
1550002322,1550077100,1550077101,314.43,103,0,달구벌대로,0,0,2020-09-01
1550002323,1550077101,1550001500,50.34,103,0,달구벌대로,0,0,2020-09-01
1550002421,1550077100,1550001300,348.82,103,0,달구벌대로,0,0,2020-09-01
1550002422,1550001500,1550077101,53.07,103,0,달구벌대로,0,0,2020-09-01
1550002423,1550077101,1550077100,314.13,103,0,달구벌대로,0,0,2020-09-01
1550002702,1550001501,1550001600,70.41,103,0,달구벌대로,0,0,2020-09-01
1550002703,1550001500,1550001502,235.12,103,0,달구벌대로,0,0,2020-09-01
1550002704,1550001502,1550001501,132.86,103,0,달구벌대로,0,0,2020-09-01
1550002801,1550001600,1550001501,70.57,103,0,달구벌대로,0,0,2020-09-01
1550002803,1550001501,1550001502,133.11,103,0,달구벌대로,0,0,2020-09-01
1550002804,1550001502,1550001500,235.07,103,0,달구벌대로,0,0,2020-09-01
1550003002,1550001900,1550001601,108.79,103,0,달구벌대로,0,0,2020-09-01
1550003003,1550001601,1550001600,326.28,103,0,달구벌대로,0,0,2020-09-01
1550003102,1550001600,1550001601,329.74,103,0,달구벌대로,0,0,2020-09-01
1550003103,1550001601,1550001900,108.83,103,0,달구벌대로,0,0,2020-09-01
1550003501,1550001200,1550002601,107.69,104,0,범안로,0,5,2020-09-01
1550003502,1550002601,1550002600,424.17,104,0,범안로,0,5,2020-09-01
1550003601,1550002601,1550001200,110.39,104,0,범안로,0,5,2020-09-01
1550003602,1550002600,1550002601,427.03,104,0,범안로,0,5,2020-09-01
1550003703,1550001901,1550002200,111.03,103,0,달구벌대로,0,0,2020-09-01
1550003704,1550001900,1550001903,126,103,0,달구벌대로,0,0,2020-09-01
1550003705,1550001903,1550001901,65.88,103,0,달구벌대로,0,0,2020-09-01
1550003802,1550002200,1550001901,111.07,103,0,달구벌대로,0,0,2020-09-01
1550003804,1550001901,1550001903,65.44,103,0,달구벌대로,0,0,2020-09-01
1550003805,1550001903,1550001900,126.12,103,0,달구벌대로,0,0,2020-09-01
1550004102,1550002500,1550002501,171.96,103,0,달구벌대로,0,0,2020-09-01
1550004202,1550002501,1550002500,170.25,103,0,달구벌대로,0,0,2020-09-01
1550004300,1550002200,1550002400,242.83,103,0,달구벌대로,0,0,2020-09-01
1550004400,1550002400,1550002200,242.86,103,0,달구벌대로,0,0,2020-09-01
1550004501,1550002400,1550002402,242.55,103,0,달구벌대로,0,0,2020-09-01
1550004502,1550002402,1550002500,225.38,103,0,달구벌대로,0,0,2020-09-01
1550004601,1550002500,1550002402,222.74,103,0,달구벌대로,0,0,2020-09-01
1550004602,1550002402,1550002400,242.19,103,0,달구벌대로,0,0,2020-09-01
1550005102,1550002900,1550002602,387.97,103,0,달구벌대로,0,0,2020-09-01
1550005103,1550002602,1550002600,329.36,103,0,달구벌대로,0,0,2020-09-01
1550005202,1550002600,1550002602,324.63,103,0,달구벌대로,0,0,2020-09-01
1550005203,1550002602,1550002900,390.87,103,0,달구벌대로,0,0,2020-09-01
1550005700,1550002600,1550003500,546.47,104,0,범안로,0,5,2020-09-01
1550005800,1550003500,1550002600,546.85,104,0,범안로,0,5,2020-09-01
1550005900,1550002900,1550003000,141.72,103,3,달구벌대로,0,0,2020-09-01
1550006000,1550003000,1550002900,139.54,103,3,달구벌대로,0,0,2020-09-01
1550006100,1550003000,1550003100,604.12,103,0,달구벌대로,0,0,2020-09-01
1550006200,1550003100,1550003000,596.25,103,0,달구벌대로,0,0,2020-09-01
1550006300,1550003200,1550003100,81.41,103,0,달구벌대로,0,0,2020-09-01
1550006400,1550003100,1550003200,79.74,103,0,달구벌대로,0,0,2020-09-01
1550006501,1550003201,1550003300,317.71,103,0,달구벌대로,0,0,2020-09-01
1550006502,1550003200,1550003201,73.81,103,0,달구벌대로,0,0,2020-09-01
1550006601,1550003300,1550003201,317.71,103,0,달구벌대로,0,0,2020-09-01
1550006602,1550003201,1550003200,73.1,103,0,달구벌대로,0,0,2020-09-01
1550006700,1550003300,1550003400,117.66,103,0,달구벌대로,0,0,2020-09-01
1550006800,1550003400,1550003300,117.66,103,0,달구벌대로,0,0,2020-09-01
1550006900,1550003400,1550003600,300.5,103,0,달구벌대로,0,0,2020-09-01
1550007000,1550003600,1550003400,300.38,103,0,달구벌대로,0,0,2020-09-01
1550007101,1550003600,1550003601,139.33,103,0,달구벌대로,0,0,2020-09-01
1550007102,1550003601,1550003900,358.18,103,0,달구벌대로,0,0,2020-09-01
1550007201,1550003900,1550003601,352,103,0,달구벌대로,0,0,2020-09-01
1550007202,1550003601,1550003600,139.37,103,0,달구벌대로,0,0,2020-09-01
1550007301,1550004000,1550004001,207.42,104,0,달구벌대로,0,0,2020-09-01
1550007303,1550004001,1550003702,142.46,104,0,달구벌대로,0,0,2020-09-01
1550007305,1550003702,1550003703,198.45,104,0,달구벌대로,0,0,2020-09-01
1550007307,1550003703,1550003704,366.65,104,0,달구벌대로,0,0,2020-09-01
1550007308,1550003704,1550003700,153.36,104,0,달구벌대로,0,0,2020-09-01
1550007401,1550004001,1550004000,207.18,104,0,달구벌대로,0,0,2020-09-01
1550007404,1550003702,1550004001,142.91,104,0,달구벌대로,0,0,2020-09-01
1550007406,1550003703,1550003702,197.19,104,0,달구벌대로,0,0,2020-09-01
1550007407,1550003700,1550003704,153.31,104,0,달구벌대로,0,0,2020-09-01
1550007408,1550003704,1550003703,366.65,104,0,달구벌대로,0,0,2020-09-01
1550007501,1550003700,1550003701,221.18,104,0,달구벌대로,0,0,2020-09-01
1550007502,1550003701,1550003800,199.16,104,0,달구벌대로,0,0,2020-09-01
1550007601,1550003701,1550003700,221.09,104,0,달구벌대로,0,0,2020-09-01
1550007602,1550003800,1550003701,199.34,104,0,달구벌대로,0,0,2020-09-01
1550008100,1550003800,1550003900,506.83,104,0,달구벌대로,0,0,2020-09-01
1550008200,1550003900,1550003800,506.56,104,0,달구벌대로,0,0,2020-09-01
1550008300,1550004200,1550004100,143.38,104,0,달구벌대로,0,0,2020-09-01
1550008400,1550004100,1550004200,143.1,104,0,달구벌대로,0,0,2020-09-01
1550008500,1550004000,1550004100,137.58,104,0,달구벌대로,0,0,2020-09-01
1550008600,1550004100,1550004000,137.85,104,0,달구벌대로,0,0,2020-09-01
1550008701,1550004300,1550004201,142.55,104,0,달구벌대로,0,0,2020-09-01
1550008702,1550004201,1550004200,152.31,104,0,달구벌대로,0,0,2020-09-01
1550008801,1550004200,1550004201,152.72,104,0,달구벌대로,0,0,2020-09-01
1550008802,1550004201,1550004300,142.69,104,0,달구벌대로,0,0,2020-09-01
1550008902,1550004303,1550004300,114.13,104,0,달구벌대로,0,0,2020-09-01
1550008903,1550004400,1550004304,104.29,104,0,달구벌대로,0,0,2020-09-01
1550008904,1550004304,1550004303,98.26,104,0,달구벌대로,0,0,2020-09-01
1550009001,1550004300,1550004303,113.72,104,0,달구벌대로,0,0,2020-09-01
1550009003,1550004303,1550004304,98.26,104,0,달구벌대로,0,0,2020-09-01
1550009004,1550004304,1550004400,104.43,104,0,달구벌대로,0,0,2020-09-01
1550009100,1550004500,1550004400,459.4,104,0,달구벌대로,0,0,2020-09-01
1550009200,1550004400,1550004500,448.66,104,0,달구벌대로,0,0,2020-09-01
1550009301,1550003901,1550003900,133.95,103,0,무열로,0,0,2020-09-01
1550009302,1550004700,1550003901,180.54,103,0,무열로,0,0,2020-09-01
1550009401,1550003900,1550003901,135.96,103,0,무열로,0,0,2020-09-01
1550009402,1550003901,1550004700,179.53,103,0,무열로,0,0,2020-09-01
1550009500,1550004600,1550004500,48.25,104,0,달구벌대로,0,0,2020-09-01
1550009600,1550004500,1550004600,48.32,104,0,달구벌대로,0,0,2020-09-01
1550009700,1500000100,1550004600,69.15,104,3,달구벌대로,0,0,2020-09-01
1550009800,1550004600,1500000100,68.37,104,3,달구벌대로,0,0,2020-09-01
1550010100,1550004700,1550004800,1012.5,103,0,무열로,0,0,2020-09-01
1550010200,1550004800,1550004700,1004.13,103,0,무열로,0,0,2020-09-01
1550010300,1550004800,1550004900,230.19,103,0,무열로,0,0,2020-09-01
1550010400,1550004900,1550004800,228.51,103,0,무열로,0,0,2020-09-01
1550010502,1550001701,1510001700,167.1,103,0,무열로,0,0,2020-09-01
1550010503,1550004900,1550004901,118.57,103,0,무열로,0,0,2020-09-01
1550010504,1550004901,1550001701,286.23,103,0,무열로,0,0,2020-09-01
1550010602,1510001700,1550001701,165.15,103,0,무열로,0,0,2020-09-01
1550010603,1550001701,1550004901,286.45,103,0,무열로,0,0,2020-09-01
1550010604,1550004901,1550004900,116.57,103,0,무열로,0,0,2020-09-01
1550010700,1550005000,1550007100,2405.59,104,0,욱수길,0,0,2020-09-01
1550010800,1550007100,1550005000,2411.6,104,0,욱수길,0,0,2020-09-01
1550011501,1550000100,1550000101,88.21,104,0,청호로,0,0,2020-09-01
1550011502,1550000101,1550006800,998.03,104,0,청호로,0,0,2020-09-01
1550011601,1550006800,1550000101,1003.92,104,0,청호로,0,0,2020-09-01
1550011602,1550000101,1550000100,90.44,104,0,청호로,0,0,2020-09-01
1550011900,1550005300,1550005500,295.91,104,0,용학로,0,0,2020-09-01
1550012000,1550005500,1550005300,295.91,104,0,용학로,0,0,2020-09-01
1550012502,1550005401,1550006400,174.53,104,0,용학로,0,0,2020-09-01
1550012504,1550005402,1550005401,145.16,104,0,용학로,0,0,2020-09-01
1550012506,1550005403,1550005402,148.24,104,0,용학로,0,0,2020-09-01
1550012507,1550005400,1550005404,70.43,104,0,용학로,0,0,2020-09-01
1550012508,1550005404,1550005403,53.61,104,0,용학로,0,0,2020-09-01
1550012601,1550006400,1550005401,174.38,104,0,용학로,0,0,2020-09-01
1550012603,1550005401,1550005402,140.87,104,0,용학로,0,0,2020-09-01
1550012605,1550005402,1550005403,147.69,104,0,용학로,0,0,2020-09-01
1550012607,1550005403,1550005404,53.5,104,0,용학로,0,0,2020-09-01
1550012608,1550005404,1550005400,68.35,104,0,용학로,0,0,2020-09-01
1550012702,1550005501,1550005700,105,104,0,용학로,0,0,2020-09-01
1550012703,1550005500,1550005502,529.55,104,0,용학로,0,0,2020-09-01
1550012704,1550005502,1550005501,107.8,104,0,용학로,0,0,2020-09-01
1550012801,1550005700,1550005501,103.63,104,0,용학로,0,0,2020-09-01
1550012803,1550005501,1550005502,107.76,104,0,용학로,0,0,2020-09-01
1550012804,1550005502,1550005500,530.96,104,0,용학로,0,0,2020-09-01
1550013100,1550005600,1550005800,300.49,104,0,지범로,0,0,2020-09-01
1550013200,1550005800,1550005600,300.49,104,0,지범로,0,0,2020-09-01
1550013501,1550005700,1550005701,200.18,104,0,용학로,0,0,2020-09-01
1550013502,1550005701,1550006500,103.39,104,0,용학로,0,0,2020-09-01
1550013601,1550006500,1550005701,101.15,104,0,용학로,0,0,2020-09-01
1550013602,1550005701,1550005700,202.41,104,0,용학로,0,0,2020-09-01
1550013900,1550005800,1550005900,42.26,104,0,지범로,0,0,2020-09-01
1550014000,1550005900,1550005800,42.26,104,0,지범로,0,0,2020-09-01
1550014101,1550007000,1550005801,213.98,104,0,지산로,0,0,2020-09-01
1550014102,1550005801,1550005800,138.39,104,0,지산로,0,0,2020-09-01
1550014201,1550005800,1550005801,140.13,104,0,지산로,0,0,2020-09-01
1550014202,1550005801,1550007000,220.25,104,0,지산로,0,0,2020-09-01
1550014500,1550005900,1550006900,657.75,104,0,지범로,0,0,2020-09-01
1550014600,1550006900,1550005900,654.05,104,0,지범로,0,0,2020-09-01
1550014700,1550006000,1550006100,14.53,104,0,파동로51길,0,0,2020-09-01
1550014800,1550006100,1550006000,14.53,104,0,파동로51길,0,0,2020-09-01
1550015100,1550006100,1550006200,97.77,104,3,파동로51길,0,0,2020-09-01
1550015200,1550006200,1550006100,97.77,104,3,파동로51길,0,0,2020-09-01
1550015300,1550006200,1550000200,18.91,104,0,파동로51길,0,0,2020-09-01
1550015400,1550000200,1550006200,18.91,104,0,파동로51길,0,0,2020-09-01
1550015500,1550006300,1550000201,108.39,104,0,파동로51길,0,0,2020-09-01
1550015600,1550000201,1550006300,120.6,104,0,파동로51길,0,0,2020-09-01
1550015700,1550000200,1550006500,1065.2,104,0,용학로,0,0,2020-09-01
1550015800,1550006500,1550000200,1071.31,104,0,용학로,0,0,2020-09-01
1550015900,1550000200,1550007200,461.35,104,0,수성로,0,0,2020-09-01
1550016000,1550007200,1550000200,461.35,104,0,수성로,0,0,2020-09-01
1550016300,1550006400,1550006800,245.96,104,0,용학로,0,0,2020-09-01
1550016400,1550006800,1550006400,245.96,104,0,용학로,0,0,2020-09-01
1550016501,1550006500,1550006501,254.12,104,0,수성못길,0,0,2020-09-01
1550016502,1550006501,1550007500,333.04,104,0,수성못길,0,0,2020-09-01
1550016601,1550007500,1550006501,347.15,104,0,수성못길,0,0,2020-09-01
1550016602,1550006501,1550006500,243.45,104,0,수성못길,0,0,2020-09-01
1550017301,1550006800,1550006801,1286.92,104,0,청호로,0,0,2020-09-01
1550017302,1550006801,1550010000,282.87,104,0,청호로,0,0,2020-09-01
1550017401,1550010000,1550006801,281.34,104,0,청호로,0,0,2020-09-01
1550017402,1550006801,1550006800,1288.45,104,0,청호로,0,0,2020-09-01
1550017500,1550006900,1550007400,397.84,104,0,지범로,0,0,2020-09-01
1550017600,1550007400,1550006900,417.4,104,0,지범로,0,0,2020-09-01
1550018101,1550007100,1550007105,147.11,104,0,유니버시아드로,0,0,2020-09-01
1550018102,1550007105,1550000500,113.53,104,0,유니버시아드로,0,0,2020-09-01
1550018201,1550000500,1550007105,110.41,104,0,유니버시아드로,0,0,2020-09-01
1550018202,1550007105,1550007100,148.87,104,0,유니버시아드로,0,0,2020-09-01
1550018302,1550007101,1550001500,175.46,104,0,욱수천로,0,0,2020-09-01
1550018304,1550007102,1550007101,224.87,104,0,욱수천로,0,0,2020-09-01
1550018306,1550007103,1550007102,236.67,104,0,욱수천로,0,0,2020-09-01
1550018307,1550007100,1550007104,383.31,104,0,욱수천로,0,0,2020-09-01
1550018308,1550007104,1550007103,62.76,104,0,욱수천로,0,0,2020-09-01
1550018401,1550001500,1550007101,181.86,104,0,욱수천로,0,0,2020-09-01
1550018403,1550007101,1550007102,225.26,104,0,욱수천로,0,0,2020-09-01
1550018405,1550007102,1550007103,239.63,104,0,욱수천로,0,0,2020-09-01
1550018407,1550007103,1550007104,61.03,104,0,욱수천로,0,0,2020-09-01
1550018408,1550007104,1550007100,379.21,104,0,욱수천로,0,0,2020-09-01
1550018500,1550000400,1550007200,211.26,104,0,무학로,0,0,2020-09-01
1550018600,1550007200,1550000400,211.26,104,0,무학로,0,0,2020-09-01
1550018700,1550007200,1550007300,556.76,104,0,무학로,0,0,2020-09-01
1550018800,1550007300,1550007200,556.76,104,0,무학로,0,0,2020-09-01
1550018901,1550007200,1550007201,415.82,104,0,수성로,0,0,2020-09-01
1550018902,1550007201,1550008400,195.99,104,0,수성로,0,0,2020-09-01
1550019001,1550008400,1550007201,196.65,104,0,수성로,0,0,2020-09-01
1550019002,1550007201,1550007200,415.16,104,0,수성로,0,0,2020-09-01
1550019100,1550000500,1550007700,129.24,104,0,신매로,0,0,2020-09-01
1550019200,1550007700,1550000500,129.24,104,0,신매로,0,0,2020-09-01
1550019300,1550007300,1550007500,568.61,104,0,무학로,0,0,2020-09-01
1550019400,1550007500,1550007300,568.61,104,0,무학로,0,0,2020-09-01
1550019500,1550007300,1550008500,589.9,104,0,들안로,0,0,2020-09-01
1550019600,1550008500,1550007300,589.9,104,0,들안로,0,0,2020-09-01
1550019700,1550007400,1550007500,65.64,104,0,무학로,0,0,2020-09-01
1550019800,1550007500,1550007400,65.64,104,0,무학로,0,0,2020-09-01
1550019901,1550007400,1550007401,308.98,104,0,무학로,0,0,2020-09-01
1550019902,1550007401,1550007600,192.04,104,0,무학로,0,0,2020-09-01
1550020001,1550007600,1550007401,194.93,104,0,무학로,0,0,2020-09-01
1550020002,1550007401,1550007400,308.25,104,0,무학로,0,0,2020-09-01
1550020100,1550007500,1550008600,551.6,104,0,동대구로,0,0,2020-09-01
1550020200,1550008600,1550007500,551.6,104,0,동대구로,0,0,2020-09-01
1550020701,1550007700,1550007704,111.51,104,0,신매로,0,0,2020-09-01
1550020703,1550007704,1550007705,127.16,104,0,신매로,0,0,2020-09-01
1550020704,1550007705,1550008200,129.32,104,0,신매로,0,0,2020-09-01
1550020802,1550007704,1550007700,110.41,104,0,신매로,0,0,2020-09-01
1550020803,1550008200,1550007705,130.55,104,0,신매로,0,0,2020-09-01
1550020804,1550007705,1550007704,127.02,104,0,신매로,0,0,2020-09-01
1550021100,1550102900,1550000800,568.9,104,0,미술관로,0,0,2020-09-01
1550021200,1550000800,1550102900,547.8,104,0,미술관로,0,0,2020-09-01
1550021300,1550000501,1550008000,254.86,104,0,고산로,0,0,2020-09-01
1550021400,1550008000,1550000501,258.76,104,0,고산로,0,0,2020-09-01
1550021500,1550007900,1550000900,435.97,104,0,월드컵로,0,0,2020-09-01
1550021600,1550000900,1550007900,436.45,104,0,월드컵로,0,0,2020-09-01
1550021700,1550000502,1550008100,259.08,104,0,노변로,0,0,2020-09-01
1550021800,1550008100,1550000502,259.08,104,0,노변로,0,0,2020-09-01
1550021900,1550000600,1550001001,1479.2,104,2,유니버시아드로,0,5,2020-09-01
1550022000,1550001001,1550000600,1479.49,104,2,유니버시아드로,0,5,2020-09-01
1550022100,1550008000,1550008700,352,104,0,고산로,0,0,2020-09-01
1550022200,1550008700,1550008000,346.07,104,0,고산로,0,0,2020-09-01
1550022501,1550008100,1550008101,166.63,104,0,노변공원로,0,0,2020-09-01
1550022503,1550008101,1550008105,101.72,104,0,노변공원로,0,0,2020-09-01
1550022505,1550008105,1550008106,30.53,104,0,노변공원로,0,0,2020-09-01
1550022507,1550008106,1550008107,50.28,104,0,노변공원로,0,0,2020-09-01
1550022508,1550008107,1550008800,132.97,104,0,노변공원로,0,0,2020-09-01
1550022602,1550008101,1550008100,184.95,104,0,노변공원로,0,0,2020-09-01
1550022604,1550008105,1550008101,101.72,104,0,노변공원로,0,0,2020-09-01
1550022606,1550008106,1550008105,28.77,104,0,노변공원로,0,0,2020-09-01
1550022607,1550008800,1550008107,139.61,104,0,노변공원로,0,0,2020-09-01
1550022608,1550008107,1550008106,50.28,104,0,노변공원로,0,0,2020-09-01
1550022703,1550008102,1550008103,65.75,104,0,노변로,0,0,2020-09-01
1550022704,1550008103,1550002200,416.77,104,0,노변로,0,0,2020-09-01
1550022705,1550008100,1550008104,136.54,104,0,노변로,0,0,2020-09-01
1550022706,1550008104,1550008102,307.95,104,0,노변로,0,0,2020-09-01
1550022803,1550002200,1550008103,424.72,104,0,노변로,0,0,2020-09-01
1550022804,1550008103,1550008102,65.75,104,0,노변로,0,0,2020-09-01
1550022805,1550008102,1550008104,308.05,104,0,노변로,0,0,2020-09-01
1550022806,1550008104,1550008100,136.23,104,0,노변로,0,0,2020-09-01
1550023101,1550008200,1550008201,103.4,104,0,신매로,0,0,2020-09-01
1550023102,1550008201,1550008900,237.76,104,0,신매로,0,0,2020-09-01
1550023201,1550008900,1550008201,238.96,104,0,신매로,0,0,2020-09-01
1550023202,1550008201,1550008200,102.21,104,0,신매로,0,0,2020-09-01
1550023300,1550001100,1550008300,22.17,104,0,상화로,0,0,2020-09-01
1550023400,1550008300,1550001100,22.17,104,0,상화로,0,0,2020-09-01
1550023500,1550001100,1550008400,421.01,104,0,상화로,0,0,2020-09-01
1550023600,1550008400,1550001100,421,104,0,상화로,0,0,2020-09-01
1550023700,1550001100,1550009100,546.4,104,0,신천동로,0,0,2020-09-01
1550023800,1550009100,1550001100,551.09,104,0,신천동로,0,0,2020-09-01
1550023900,1550008300,1530002000,125.99,104,3,용두길,0,0,2020-09-01
1550024000,1530002000,1550008300,125.99,104,3,용두길,0,0,2020-09-01
1550024100,1550008400,1550008500,466.69,104,0,상화로,0,0,2020-09-01
1550024200,1550008500,1550008400,466.68,104,0,상화로,0,0,2020-09-01
1550024300,1550008400,1550009900,672.81,104,0,수성로,0,0,2020-09-01
1550024400,1550009900,1550008400,672.81,104,0,수성로,0,0,2020-09-01
1550024500,1550008500,1550008600,606.11,104,0,상화로,0,0,2020-09-01
1550024600,1550008600,1550008500,606.11,104,0,상화로,0,0,2020-09-01
1550024700,1550008500,1550009700,592.77,104,0,들안로,0,0,2020-09-01
1550024800,1550009700,1550008500,592.77,104,0,들안로,0,0,2020-09-01
1550024901,1550008600,1550008601,269,104,0,동대구로,0,0,2020-09-01
1550024902,1550008601,1550009400,248.35,104,0,동대구로,0,0,2020-09-01
1550025001,1550009400,1550008601,248.71,104,0,동대구로,0,0,2020-09-01
1550025002,1550008601,1550008600,268.64,104,0,동대구로,0,0,2020-09-01
1550025100,1550008700,1550009000,349.99,104,0,고산로,0,0,2020-09-01
1550025200,1550009000,1550008700,353.57,104,0,고산로,0,0,2020-09-01
1550025300,1550008800,1550009300,302.13,104,0,노변공원로,0,0,2020-09-01
1550025400,1550009300,1550008800,300.79,104,0,노변공원로,0,0,2020-09-01
1550025901,1550008900,1550008901,175.38,104,0,신매로,0,0,2020-09-01
1550025902,1550008901,1550001600,93.62,104,0,신매로,0,0,2020-09-01
1550026001,1550001600,1550008901,94.87,104,0,신매로,0,0,2020-09-01
1550026002,1550008901,1550008900,174.13,104,0,신매로,0,0,2020-09-01
1550026300,1550009000,1550001900,187.4,104,0,고산로,0,0,2020-09-01
1550026400,1550001900,1550009000,187.4,104,0,고산로,0,0,2020-09-01
1550026700,1550009100,1550009600,103.14,104,0,신천동로,0,0,2020-09-01
1550026800,1550009600,1550009100,103.47,104,0,신천동로,0,0,2020-09-01
1550026900,1550009100,1550010100,224.4,104,0,신천동로,0,0,2020-09-01
1550027001,1550009200,1550009201,173.44,104,0,청수로,0,0,2020-09-01
1550027002,1550009201,1550009400,404.04,104,0,청수로,0,0,2020-09-01
1550027101,1550009400,1550009201,405.95,104,0,청수로,0,0,2020-09-01
1550027102,1550009201,1550009200,176.26,104,0,청수로,0,0,2020-09-01
1550027400,1550009300,1550009500,376.33,104,0,시지로,0,0,2020-09-01
1550027500,1550009500,1550009300,376.33,104,0,시지로,0,0,2020-09-01
1550027600,1550009300,1550002400,315.74,104,0,노변공원로,0,0,2020-09-01
1550027700,1550002400,1550009300,315.74,104,0,노변공원로,0,0,2020-09-01
1550027801,1550009400,1550009401,118.04,104,0,청수로,0,0,2020-09-01
1550027802,1550009401,1550009700,529.15,104,0,청수로,0,0,2020-09-01
1550027901,1550009700,1550009401,528.65,104,0,청수로,0,0,2020-09-01
1550027902,1550009401,1550009400,118.54,104,0,청수로,0,0,2020-09-01
1550028000,1550009400,1550010800,471.51,104,0,동대구로,0,0,2020-09-01
1550028100,1550010800,1550009400,471.51,104,0,동대구로,0,0,2020-09-01
1550028203,1550009501,1550009502,91.21,104,0,시지로,0,0,2020-09-01
1550028205,1550009502,1550009503,57.46,104,0,시지로,0,0,2020-09-01
1550028206,1550009503,1550002501,165.59,104,0,시지로,0,0,2020-09-01
1550028207,1550009500,1550009504,33.67,104,0,시지로,0,0,2020-09-01
1550028208,1550009504,1550009501,127.17,104,0,시지로,0,0,2020-09-01
1550028304,1550009502,1550009501,96.91,104,0,시지로,0,0,2020-09-01
1550028305,1550002501,1550009503,164.92,104,0,시지로,0,0,2020-09-01
1550028306,1550009503,1550009502,57.46,104,0,시지로,0,0,2020-09-01
1550028307,1550009501,1550009504,138.27,104,0,시지로,0,0,2020-09-01
1550028308,1550009504,1550009500,34.38,104,0,시지로,0,0,2020-09-01
1550028400,1550009600,1550010400,242.54,104,0,신천동로,0,0,2020-09-01
1550028500,1550010400,1550009600,241.99,104,0,신천동로,0,0,2020-09-01
1550028600,1550009700,1550009900,410.01,104,0,청수로,0,0,2020-09-01
1550028700,1550009900,1550009700,410.01,104,0,청수로,0,0,2020-09-01
1550028800,1550009700,1550010900,456.93,104,0,들안로,0,0,2020-09-01
1550028900,1550010900,1550009700,456.93,104,0,들안로,0,0,2020-09-01
1550029001,1550009800,1550009801,53.61,104,0,청수로,0,0,2020-09-01
1550029003,1550009801,1550009802,48.89,104,0,청수로,0,0,2020-09-01
1550029004,1550009802,1550010000,255.76,104,0,청수로,0,0,2020-09-01
1550029102,1550009801,1550009800,52.66,104,0,청수로,0,0,2020-09-01
1550029103,1550010000,1550009802,249.83,104,0,청수로,0,0,2020-09-01
1550029104,1550009802,1550009801,52.71,104,0,청수로,0,0,2020-09-01
1550029200,1550009800,1550010300,709.88,104,1,청수로,0,0,2020-09-01
1550029300,1550010300,1550009800,693.25,104,1,청수로,0,0,2020-09-01
1550029400,1550009900,1550010100,376.26,104,0,청수로,0,0,2020-09-01
1550029500,1550010100,1550009900,376.26,104,0,청수로,0,0,2020-09-01
1550029600,1550009900,1550011600,692.77,104,0,수성로,0,0,2020-09-01
1550029700,1550011600,1550009900,692.77,104,0,수성로,0,0,2020-09-01
1550030000,1550010000,1550010300,353.74,104,0,청수로,0,0,2020-09-01
1550030100,1550010300,1550010000,333.39,104,0,청수로,0,0,2020-09-01
1550030201,1550010000,1550010001,310.97,104,0,청호로,0,0,2020-09-01
1550030204,1550010002,1550013400,315.49,104,0,청호로,0,0,2020-09-01
1550030206,1550010003,1550010002,267.69,104,0,청호로,0,0,2020-09-01
1550030207,1550010001,1550010004,388.32,104,0,청호로,0,0,2020-09-01
1550030208,1550010004,1550010003,159.57,104,0,청호로,0,0,2020-09-01
1550030302,1550010001,1550010000,310.92,104,0,청호로,0,0,2020-09-01
1550030303,1550013400,1550010002,317.5,104,0,청호로,0,0,2020-09-01
1550030305,1550010002,1550010003,269.68,104,0,청호로,0,0,2020-09-01
1550030307,1550010003,1550010004,154.01,104,0,청호로,0,0,2020-09-01
1550030308,1550010004,1550010001,391.2,104,0,청호로,0,0,2020-09-01
1550030400,1550010100,1550009600,105.79,104,0,신천동로,0,0,2020-09-01
1550030500,1550010100,1550010200,36.01,104,0,청수로,0,0,2020-09-01
1550030600,1550010200,1550010100,36.01,104,0,청수로,0,0,2020-09-01
1550030700,1550010100,1550010500,276.49,104,0,신천동로,0,0,2020-09-01
1550030800,1550010200,1530004100,117,104,3,청수로,0,0,2020-09-01
1550030900,1530004100,1550010200,117,104,3,청수로,0,0,2020-09-01
1550031000,1550010300,1550011400,1165.25,104,0,청수로,0,0,2020-09-01
1550031100,1550011400,1550010300,1189.49,104,0,청수로,0,0,2020-09-01
1550031400,1550010400,1550010100,139.32,104,0,신천동로,0,0,2020-09-01
1550031500,1550010400,1550010500,121.35,104,0,신천동로,0,0,2020-09-01
1550031600,1550010500,1550010400,120.57,104,0,신천동로,0,0,2020-09-01
1550032100,1550010500,1550011100,282.29,104,0,신천동로,0,0,2020-09-01
1550032200,1550011100,1550010500,281.41,104,0,신천동로,0,0,2020-09-01
1550032700,1550010800,1550011700,331.98,104,0,동대구로,0,0,2020-09-01
1550032800,1550011700,1550010800,331.98,104,0,동대구로,0,0,2020-09-01
1550032900,1550010900,1550011500,246.06,104,0,들안로,0,0,2020-09-01
1550033000,1550011500,1550010900,246.06,104,0,들안로,0,0,2020-09-01
1550033100,1550011100,1550011200,60.56,104,0,신천동로,0,0,2020-09-01
1550033200,1550011200,1550011100,56.76,104,0,신천동로,0,0,2020-09-01
1550033300,1550011100,1550011800,161.29,104,0,신천동로,0,0,2020-09-01
1550033400,1550011200,1550012200,183.6,104,0,신천동로,0,0,2020-09-01
1550033500,1550012200,1550011200,191.58,104,0,신천동로,0,0,2020-09-01
1550033600,1550011300,1550011500,321.79,104,0,희망로,0,0,2020-09-01
1550033700,1550011500,1550011300,321.79,104,0,희망로,0,0,2020-09-01
1550033800,1550011300,1550011700,402.06,104,0,희망로,0,0,2020-09-01
1550033900,1550011700,1550011300,397.17,104,0,희망로,0,0,2020-09-01
1550034400,1550011400,1550012400,813.85,104,0,청수로,0,0,2020-09-01
1550034500,1550012400,1550011400,805.43,104,0,청수로,0,0,2020-09-01
1550034600,1550011500,1550011600,351.95,104,0,희망로,0,0,2020-09-01
1550034700,1550011600,1550011500,351.95,104,0,희망로,0,0,2020-09-01
1550034800,1550011500,1550012900,535.16,104,0,들안로,0,0,2020-09-01
1550034900,1550012900,1550011500,535.16,104,0,들안로,0,0,2020-09-01
1550035000,1550011600,1550011800,462.24,104,0,희망로,0,0,2020-09-01
1550035100,1550011800,1550011600,462.24,104,0,희망로,0,0,2020-09-01
1550035200,1550011600,1550013000,533.58,104,0,수성로,0,0,2020-09-01
1550035300,1550013000,1550011600,533.58,104,0,수성로,0,0,2020-09-01
1550035400,1550011700,1550012700,477.37,104,0,범어천로,0,0,2020-09-01
1550035500,1550012700,1550011700,487.24,104,0,범어천로,0,0,2020-09-01
1550035601,1550011700,1550011701,503.98,104,0,동대구로,0,0,2020-09-01
1550035603,1550011701,1550011702,80.92,104,0,동대구로,0,0,2020-09-01
1550035604,1550011702,1550013300,162.86,104,0,동대구로,0,0,2020-09-01
1550035702,1550011701,1550011700,503.48,104,0,동대구로,0,0,2020-09-01
1550035703,1550013300,1550011702,163.36,104,0,동대구로,0,0,2020-09-01
1550035704,1550011702,1550011701,80.92,104,0,동대구로,0,0,2020-09-01
1550035800,1550011800,1550011200,101.32,104,0,신천동로,0,0,2020-09-01
1550035900,1550011800,1550011900,19.86,104,0,희망로,0,0,2020-09-01
1550036000,1550011900,1550011800,19.86,104,0,희망로,0,0,2020-09-01
1550036100,1550011800,1550012300,208.15,104,0,신천동로,0,0,2020-09-01
1550036200,1550011900,1530005800,138.33,104,3,희망로,0,0,2020-09-01
1550036300,1530005800,1550011900,138.33,104,3,희망로,0,0,2020-09-01
1550037200,1550012200,1550011800,93.11,104,0,신천동로,0,0,2020-09-01
1550037300,1550012200,1550012300,100.76,104,0,신천동로,0,0,2020-09-01
1550037400,1550012300,1550012200,100.64,104,0,신천동로,0,0,2020-09-01
1550037500,1550012300,1550013100,424.29,104,0,신천동로,0,0,2020-09-01
1550037600,1550013100,1550012300,422.04,104,0,신천동로,0,0,2020-09-01
1550037900,1550012400,1550012600,217.55,104,0,청수로,0,0,2020-09-01
1550038000,1550012600,1550012400,210.15,104,0,청수로,0,0,2020-09-01
1550038300,1550012600,1550003100,263.84,104,0,청수로,0,0,2020-09-01
1550038400,1550003100,1550012600,251.42,104,0,청수로,0,0,2020-09-01
1550038900,1550012700,1550013500,305.96,104,0,범어천로,0,0,2020-09-01
1550039000,1550013500,1550012700,301.93,104,0,범어천로,0,0,2020-09-01
1550039700,1550012900,1550014000,303.14,104,0,들안로,0,0,2020-09-01
1550039800,1550014000,1550012900,303.14,104,0,들안로,0,0,2020-09-01
1550039900,1550013000,1550014100,303.23,104,0,수성로,0,0,2020-09-01
1550040000,1550014100,1550013000,303.23,104,0,수성로,0,0,2020-09-01
1550040100,1550013100,1550013800,140.18,104,0,신천동로,0,0,2020-09-01
1550040200,1550013800,1550013100,140.4,104,0,신천동로,0,0,2020-09-01
1550040300,1550013100,1550014200,245.64,104,0,신천동로,0,0,2020-09-01
1550040900,1550013300,1550013500,157.57,104,0,명덕로,0,0,2020-09-01
1550041000,1550013500,1550013300,157.57,104,0,명덕로,0,0,2020-09-01
1550041101,1550013300,1550013301,425.26,104,0,동대구로,0,0,2020-09-01
1550041102,1550013301,1550004001,178.71,104,0,동대구로,0,0,2020-09-01
1550041201,1550004001,1550013301,179.85,104,0,동대구로,0,0,2020-09-01
1550041202,1550013301,1550013300,426.15,104,0,동대구로,0,0,2020-09-01
1550041501,1550013400,1550013401,151.13,104,0,청호로,0,0,2020-09-01
1550041503,1550013401,1550013402,111.85,104,0,청호로,0,0,2020-09-01
1550041505,1550013402,1550013403,461.56,104,0,청호로,0,0,2020-09-01
1550041506,1550013403,1550003900,152.56,104,0,청호로,0,0,2020-09-01
1550041602,1550013401,1550013400,148.26,104,0,청호로,0,0,2020-09-01
1550041604,1550013402,1550013401,112.62,104,0,청호로,0,0,2020-09-01
1550041605,1550003900,1550013403,154.01,104,0,청호로,0,0,2020-09-01
1550041606,1550013403,1550013402,463.76,104,0,청호로,0,0,2020-09-01
1550041700,1550013500,1550013600,219.07,104,0,명덕로,0,0,2020-09-01
1550041800,1550013600,1550013500,219.07,104,0,명덕로,0,0,2020-09-01
1550041902,1550013501,1550014900,217.24,104,0,범어천로,0,0,2020-09-01
1550041904,1550013502,1550013501,200.04,104,0,범어천로,0,0,2020-09-01
1550041905,1550013500,1550013503,101.17,104,0,범어천로,0,0,2020-09-01
1550041906,1550013503,1550013502,65.15,104,0,범어천로,0,0,2020-09-01
1550042001,1550014900,1550013501,215.62,104,0,범어천로,0,0,2020-09-01
1550042003,1550013501,1550013502,206.75,104,0,범어천로,0,0,2020-09-01
1550042005,1550013502,1550013503,66.15,104,0,범어천로,0,0,2020-09-01
1550042006,1550013503,1550013500,97.54,104,0,범어천로,0,0,2020-09-01
1550042101,1550013600,1550013601,208.48,104,0,명덕로,0,0,2020-09-01
1550042102,1550013601,1550014000,140.78,104,0,명덕로,0,0,2020-09-01
1550042201,1550014000,1550013601,140.39,104,0,명덕로,0,0,2020-09-01
1550042202,1550013601,1550013600,208.88,104,0,명덕로,0,0,2020-09-01
1550042700,1550013800,1550014400,190.83,104,0,신천동로,0,0,2020-09-01
1550042800,1550014400,1550013800,189.66,104,0,신천동로,0,0,2020-09-01
1550043000,1550014000,1550014100,320.88,104,0,명덕로,0,0,2020-09-01
1550043100,1550014100,1550014000,320.88,104,0,명덕로,0,0,2020-09-01
1550043201,1550014000,1550014001,70.78,104,0,들안로,0,0,2020-09-01
1550043202,1550014001,1550014700,252.2,104,0,들안로,0,0,2020-09-01
1550043301,1550014700,1550014001,252.61,104,0,들안로,0,0,2020-09-01
1550043302,1550014001,1550014000,70.37,104,0,들안로,0,0,2020-09-01
1550043401,1550014100,1550014101,223.83,104,0,명덕로,0,0,2020-09-01
1550043403,1550014101,1550014102,67.09,104,0,명덕로,0,0,2020-09-01
1550043404,1550014102,1550014200,127.79,104,0,명덕로,0,0,2020-09-01
1550043502,1550014101,1550014100,224.22,104,0,명덕로,0,0,2020-09-01
1550043503,1550014200,1550014102,127.4,104,0,명덕로,0,0,2020-09-01
1550043600,1550014100,1550014800,322.91,104,0,수성로,0,0,2020-09-01
1550043700,1550014800,1550014100,322.91,104,0,수성로,0,0,2020-09-01
1550043800,1550001701,1510002001,378.06,103,1,동북로,0,0,2020-09-01
1550043900,1510002001,1550001701,378.68,103,1,동북로,0,0,2020-09-01
1550044000,1550014200,1550013800,99.61,104,0,신천동로,0,0,2020-09-01
1550044100,1550014200,1550014300,28.75,104,0,명덕로,0,0,2020-09-01
1550044200,1550014300,1550014200,28.75,104,0,명덕로,0,0,2020-09-01
1550044300,1550014200,1550014600,271.48,104,0,신천동로,0,0,2020-09-01
1550044400,1550014300,1500000900,108.34,104,3,명덕로,0,0,2020-09-01
1550044500,1500000900,1550014300,108.34,104,3,명덕로,0,0,2020-09-01
1550044600,1550014400,1550014200,102.36,104,0,신천동로,0,0,2020-09-01
1550044701,1550014400,1550014401,99.42,104,0,신천동로,0,0,2020-09-01
1550044702,1550014401,1550014600,50.97,104,0,신천동로,0,0,2020-09-01
1550044801,1550014600,1550014401,52.6,104,0,신천동로,0,0,2020-09-01
1550044802,1550014401,1550014400,98.97,104,0,신천동로,0,0,2020-09-01
1550045300,1550014600,1550015000,196.03,104,0,신천동로,0,0,2020-09-01
1550045400,1550015000,1550014600,199.07,104,0,신천동로,0,0,2020-09-01
1550045700,1550014700,1550004300,273.18,104,0,들안로,0,0,2020-09-01
1550045800,1550004300,1550014700,273.18,104,0,들안로,0,0,2020-09-01
1550045900,1550014800,1550004400,262,104,0,수성로,0,0,2020-09-01
1550046000,1550004400,1550014800,262,104,0,수성로,0,0,2020-09-01
1550046100,1550003700,1550015300,370.09,104,0,범어로,0,0,2020-09-01
1550046200,1550015300,1550003700,370.09,104,0,범어로,0,0,2020-09-01
1550046300,1550003800,1550015500,417.05,104,0,동원로,0,0,2020-09-01
1550046400,1550015500,1550003800,417.05,104,0,동원로,0,0,2020-09-01
1550046500,1550014900,1550004100,55.46,104,0,범어천로,0,0,2020-09-01
1550046600,1550004100,1550014900,55.46,104,0,범어천로,0,0,2020-09-01
1550046700,1550015000,1550015100,134.8,104,0,신천동로,0,0,2020-09-01
1550046800,1550015100,1550015000,136.63,104,0,신천동로,0,0,2020-09-01
1550046900,1550015000,1550004500,269.14,104,0,신천동로,0,0,2020-09-01
1550047002,1550004002,1510006000,348.79,104,0,동대구로,0,0,2020-09-01
1550047005,1550004003,1550004004,37.17,104,0,동대구로,0,0,2020-09-01
1550047006,1550004004,1550004002,269.58,104,0,동대구로,0,0,2020-09-01
1550047007,1550004001,1550004005,176.2,104,0,동대구로,0,0,2020-09-01
1550047008,1550004005,1550004003,43.15,104,0,동대구로,0,0,2020-09-01
1550047101,1510006000,1550004002,348.45,104,0,동대구로,0,0,2020-09-01
1550047105,1550004002,1550004004,269.78,104,0,동대구로,0,0,2020-09-01
1550047106,1550004004,1550004003,36.52,104,0,동대구로,0,0,2020-09-01
1550047107,1550004003,1550004005,43.15,104,0,동대구로,0,0,2020-09-01
1550047108,1550004005,1550004001,175.24,104,0,동대구로,0,0,2020-09-01
1550047403,1550004101,1550004102,50.13,104,0,범어천로,0,0,2020-09-01
1550047404,1550004102,1550015900,153.62,104,0,범어천로,0,0,2020-09-01
1550047406,1550004103,1550004101,93.79,104,0,범어천로,0,0,2020-09-01
1550047407,1550004100,1550004104,228.71,104,0,범어천로,0,0,2020-09-01
1550047408,1550004104,1550004103,256.87,104,0,범어천로,0,0,2020-09-01
1550047503,1550015900,1550004102,152.1,104,0,범어천로,0,0,2020-09-01
1550047504,1550004102,1550004101,50.13,104,0,범어천로,0,0,2020-09-01
1550047505,1550004101,1550004103,96.86,104,0,범어천로,0,0,2020-09-01
1550047507,1550004103,1550004104,241.07,104,0,범어천로,0,0,2020-09-01
1550047508,1550004104,1550004100,228.53,104,0,범어천로,0,0,2020-09-01
1550047602,1550004301,1550015600,284.91,104,0,들안로,0,0,2020-09-01
1550047603,1550004300,1550004302,53.13,104,0,들안로,0,0,2020-09-01
1550047604,1550004302,1550004301,98.34,104,0,들안로,0,0,2020-09-01
1550047701,1550015600,1550004301,285.36,104,0,들안로,0,0,2020-09-01
1550047703,1550004301,1550004302,98.34,104,0,들안로,0,0,2020-09-01
1550047704,1550004302,1550004300,52.68,104,0,들안로,0,0,2020-09-01
1550048000,1550003901,1550015700,547.06,104,0,만촌로,0,0,2020-09-01
1550048100,1550015700,1550003901,560.78,104,0,만촌로,0,0,2020-09-01
1550048200,1550015100,1550015200,247.07,104,0,신천동로,0,0,2020-09-01
1550048300,1550015200,1550015100,249.98,104,0,신천동로,0,0,2020-09-01
1550048400,1550004500,1550015100,131.16,104,0,신천동로,0,0,2020-09-01
1550048500,1550004500,1550015400,200.05,104,0,신천동로,0,0,2020-09-01
1550048800,1550015200,1550004500,120.16,104,0,신천동로,0,0,2020-09-01
1550048900,1550015200,1550015400,67.81,104,0,신천동로,0,0,2020-09-01
1550049000,1550015400,1550015200,70.6,104,0,신천동로,0,0,2020-09-01
1550049300,1550015300,1550016500,608.94,104,0,범어로,0,0,2020-09-01
1550049400,1550016500,1550015300,604.15,104,0,범어로,0,0,2020-09-01
1550049501,1550015400,1550015401,254.35,104,0,신천동로,0,0,2020-09-01
1550049502,1550015401,1550016000,198.35,104,0,신천동로,0,0,2020-09-01
1550049601,1550016000,1550015401,193.54,104,0,신천동로,0,0,2020-09-01
1550049602,1550015401,1550015400,254.37,104,0,신천동로,0,0,2020-09-01
1550049900,1550015500,1550016100,408.19,104,0,동원로,0,0,2020-09-01
1550050000,1550016100,1550015500,408.19,104,0,동원로,0,0,2020-09-01
1550050100,1550015600,1550015900,90.69,104,0,들안로,0,0,2020-09-01
1550050200,1550015900,1550015600,90.69,104,0,들안로,0,0,2020-09-01
1550050500,1550015700,1550016200,297.98,104,0,만촌로,0,0,2020-09-01
1550050600,1550016200,1550015700,297.98,104,0,만촌로,0,0,2020-09-01
1550050900,1550015900,1510006500,380.52,104,0,들안로,0,0,2020-09-01
1550051000,1510006500,1550015900,380.52,104,0,들안로,0,0,2020-09-01
1550051100,1550016000,1550016400,209.04,104,0,신천동로,0,0,2020-09-01
1550051200,1550016400,1550016000,203.79,104,0,신천동로,0,0,2020-09-01
1550051300,1550016000,1510006700,339.57,104,0,신천동로,0,0,2020-09-01
1550051400,1550016100,1550016200,371.68,104,0,국채보상로,0,0,2020-09-01
1550051500,1550016200,1550016100,367.31,104,0,국채보상로,0,0,2020-09-01
1550051600,1550016100,1550016500,525.02,104,0,국채보상로,0,0,2020-09-01
1550051700,1550016500,1550016100,519.58,104,0,국채보상로,0,0,2020-09-01
1550052000,1550016200,1550016300,179,104,0,국채보상로,0,0,2020-09-01
1550052100,1550016300,1550016200,177.45,104,0,국채보상로,0,0,2020-09-01
1550052400,1550016300,1550016600,181.27,104,0,국채보상로,0,0,2020-09-01
1550052500,1550016600,1550016300,181.27,104,0,국채보상로,0,0,2020-09-01
1550052800,1550016600,1550004800,323.05,104,0,국채보상로,0,0,2020-09-01
1550052900,1550004800,1550016600,323.05,104,0,국채보상로,0,0,2020-09-01
1550053800,1550016900,1550017000,322.86,101,0,중앙고속도로,0,5,2020-09-01
1550053900,1550017000,1550016900,323.69,101,0,중앙고속도로,0,5,2020-09-01
1550054000,1550017000,1550017200,170.83,101,0,중앙고속도로,0,5,2020-09-01
1550054100,1550017200,1550017000,169.83,101,0,중앙고속도로,0,5,2020-09-01
1550054200,1550017200,1550017100,687.44,101,0,중앙고속도로,0,5,2020-09-01
1550054300,1550017100,1550017200,822.81,101,0,중앙고속도로,0,5,2020-09-01
1550054400,1550017200,1550016800,1090,101,0,중앙고속도로,0,5,2020-09-01
1550054500,1550016800,1550017200,332.56,101,0,중앙고속도로,0,5,2020-09-01
1550055500,1550016100,1550020500,266.95,104,0,동원로,0,0,2020-09-01
1550055600,1550020500,1550016100,260.91,104,0,동원로,0,0,2020-09-01
1550055700,1550020600,1550016200,406.97,104,0,만촌로,0,0,2020-09-01
1550055800,1550016200,1550020600,404.74,104,0,만촌로,0,0,2020-09-01
1550055900,1550002000,1550020100,302.08,103,0,달구벌대로,0,0,2020-09-01
1550056000,1550020100,1550002501,344.9,103,0,달구벌대로,0,0,2020-09-01
1550056100,1550002501,1550020100,347.22,103,0,달구벌대로,0,0,2020-09-01
1550056200,1550020100,1550002000,299.19,103,0,달구벌대로,0,0,2020-09-01
1550056300,1550018700,1550005800,173.19,104,0,지산로,0,0,2020-09-01
1550056400,1550005800,1550018700,173.17,104,0,지산로,0,0,2020-09-01
1550056500,1550018700,1550005500,203.75,104,0,지산로,0,0,2020-09-01
1550057000,1550005300,1550018100,172.16,104,0,용학로,0,0,2020-09-01
1550057101,1550018100,1550018101,226.33,104,0,용학로,0,0,2020-09-01
1550057102,1550018101,1550005400,61.88,104,0,용학로,0,0,2020-09-01
1550057201,1550005400,1550018101,59.05,104,0,용학로,0,0,2020-09-01
1550057202,1550018101,1550018100,230.32,104,0,용학로,0,0,2020-09-01
1550057300,1550018100,1550005300,162.98,104,0,용학로,0,0,2020-09-01
1550057400,1550005600,1550018300,236.41,104,0,지범로,0,0,2020-09-01
1550057500,1550018300,1550005400,165.89,104,0,지범로,0,0,2020-09-01
1550057600,1550005400,1550018300,163.2,104,0,지범로,0,0,2020-09-01
1550057700,1550018300,1550005600,243.86,104,0,지범로,0,0,2020-09-01
1550057801,1550005400,1550017901,122.94,104,0,지범로,0,0,2020-09-01
1550057802,1550017901,1550017900,120.58,104,0,지범로,0,0,2020-09-01
1550057900,1550009200,1550019800,344.38,104,0,청수로,0,0,2020-09-01
1550058000,1550019800,1550009200,342.92,104,0,청수로,0,0,2020-09-01
1550059701,1550005200,1550017501,164.99,104,0,범안로,0,0,2020-09-01
1550059702,1550017501,1550017500,261.06,104,0,범안로,0,0,2020-09-01
1550059801,1550017500,1550017401,146.04,104,0,범안로,0,5,2020-09-01
1550059802,1550017401,1550017400,65.78,104,0,범안로,0,5,2020-09-01
1550059901,1550017400,1550017401,66.66,104,0,범안로,0,5,2020-09-01
1550059902,1550017401,1550017500,145.46,104,0,범안로,0,5,2020-09-01
1550060001,1550017500,1550017501,261.76,104,0,범안로,0,0,2020-09-01
1550060002,1550017501,1550005200,164.54,104,0,범안로,0,0,2020-09-01
1550060101,1550009800,1550019801,70.77,104,0,청수로,0,0,2020-09-01
1550060102,1550019801,1550019800,69.33,104,0,청수로,0,0,2020-09-01
1550060201,1550019800,1550019801,68.6,104,0,청수로,0,0,2020-09-01
1550060202,1550019801,1550009800,67.14,104,0,청수로,0,0,2020-09-01
1550062500,1550005500,1550018700,203.73,104,0,지산로,0,0,2020-09-01
1550063600,1550016900,1550002000,489.39,104,0,월드컵로,0,0,2020-09-01
1550063700,1550007600,1550019100,163.97,104,0,무학로,0,0,2020-09-01
1550063800,1550019100,1550007600,164.82,104,0,무학로,0,0,2020-09-01
1550063901,1550007000,1550007001,51.72,104,0,무학로,0,0,2020-09-01
1550063902,1550007001,1550019100,336.47,104,0,무학로,0,0,2020-09-01
1550064001,1550019100,1550007001,320.84,104,0,무학로,0,0,2020-09-01
1550064002,1550007001,1550007000,52.09,104,0,무학로,0,0,2020-09-01
1550066001,1550017900,1550017901,118.29,104,0,지범로,0,0,2020-09-01
1550066002,1550017901,1550005400,122.68,104,0,지범로,0,0,2020-09-01
1550066100,1550017900,1550017800,213.51,104,0,지범로,0,0,2020-09-01
1550066200,1550017800,1550005200,130.36,104,0,지범로,0,0,2020-09-01
1550066300,1550005200,1550017800,130.33,104,0,지범로,0,0,2020-09-01
1550066400,1550017800,1550017900,213.48,104,0,지범로,0,0,2020-09-01
1550066500,1550005200,1550017700,147.94,104,0,범안로,0,0,2020-09-01
1550066601,1550017700,1550017701,124.48,104,0,범안로,0,0,2020-09-01
1550066603,1550017701,1550017703,63.24,104,0,범안로,0,0,2020-09-01
1550066604,1550017703,1550000100,107.6,104,0,범안로,0,0,2020-09-01
1550066702,1550017701,1550017700,123.91,104,0,범안로,0,0,2020-09-01
1550066703,1550000100,1550017703,108.84,104,0,범안로,0,0,2020-09-01
1550066704,1550017703,1550017701,59.85,104,0,범안로,0,0,2020-09-01
1550066800,1550017700,1550005200,148.45,104,0,범안로,0,0,2020-09-01
1550066900,1550002000,1550016900,489.7,104,0,월드컵로,0,0,2020-09-01
1550067000,1550016900,1550000900,441.59,104,0,월드컵로,0,0,2020-09-01
1550067100,1550000900,1550016900,441.46,104,0,월드컵로,0,0,2020-09-01
1550069000,1550021400,1550017400,1321.78,104,4,앞산터널로,0,5,2020-09-01
1550069100,1550017400,1550021400,1329.05,104,4,앞산터널로,0,5,2020-09-01
1550069200,1550021100,1550021000,439.37,104,0,앞산터널로,0,5,2020-09-01
1550069300,1550021000,1550021200,753.01,104,0,앞산터널로,0,5,2020-09-01
1550069400,1550021200,1550021400,514.03,104,0,앞산터널로,0,5,2020-09-01
1550069500,1550021400,1550021100,822.34,104,0,앞산터널로,0,5,2020-09-01
1550069800,1550021000,1550020900,699.35,102,0,신천대로,0,5,2020-09-01
1550070000,1550021100,1550020900,926.97,102,0,신천대로,0,5,2020-09-01
1550070100,1550020900,1550021200,1323.06,102,0,신천대로,0,5,2020-09-01
1550070200,1550020900,1550021000,973.81,102,0,신천대로,0,5,2020-09-01
1550319300,1550101900,1550102200,126.85,104,0,미술관로,0,0,2020-09-01
1550319500,1550102200,1550102000,153.25,104,0,범안로,0,0,2020-09-01
1550319700,1550102200,1550102300,331.97,104,0,미술관로,0,0,2020-09-01
1550319800,1550102300,1550102200,302.82,104,0,미술관로,0,0,2020-09-01
1550320102,1550102601,1550102600,265.22,103,0,달구벌대로,0,0,2020-09-01
1550320103,1550002600,1550102602,299.26,103,0,달구벌대로,0,0,2020-09-01
1550320104,1550102602,1550102601,206.94,103,0,달구벌대로,0,0,2020-09-01
1550320201,1550102600,1550102601,260.92,103,0,달구벌대로,0,0,2020-09-01
1550320203,1550102601,1550102602,207.04,103,0,달구벌대로,0,0,2020-09-01
1550320204,1550102602,1550002600,301.1,103,0,달구벌대로,0,0,2020-09-01
1550320300,1550102300,1550102700,583.07,104,0,미술관로,0,0,2020-09-01
1550320400,1550102700,1550102300,582.01,104,0,미술관로,0,0,2020-09-01
1550320501,1550102600,1550102501,400.23,104,0,야구전설로,0,0,2020-09-01
1550320502,1550102501,1550102500,622.71,104,0,야구전설로,0,0,2020-09-01
1550320601,1550102500,1550102501,621.87,104,0,야구전설로,0,0,2020-09-01
1550320602,1550102501,1550102600,397.93,104,0,야구전설로,0,0,2020-09-01
1550320900,1550007900,1550102700,284.83,104,0,미술관로,0,0,2020-09-01
1550321000,1550102700,1550007900,284.56,104,0,미술관로,0,0,2020-09-01
1550321100,1550102600,1550002000,498.89,103,0,달구벌대로,0,0,2020-09-01
1550321200,1550002000,1550102600,496.25,103,0,달구벌대로,0,0,2020-09-01
1550321300,1550007900,1550102900,73.12,104,0,미술관로,0,0,2020-09-01
1550321400,1550102900,1550007900,74.7,104,0,미술관로,0,0,2020-09-01
1550322900,1550114700,1550114600,106.22,104,0,알파시티1로,0,0,2020-09-01
1550323000,1550114600,1550114700,102.9,104,0,알파시티1로,0,0,2020-09-01
1550323100,1550114800,1550114700,170.63,104,0,알파시티1로,0,0,2020-09-01
1550323200,1550114700,1550114800,162.9,104,0,알파시티1로,0,0,2020-09-01
1550324100,1550113900,1550113800,149.33,104,0,알파시티1로,0,0,2020-09-01
1550324200,1550113800,1550113900,149.68,104,0,알파시티1로,0,0,2020-09-01
1550325100,1550114200,1550113900,89.03,104,0,알파시티1로,0,0,2020-09-01
1550325200,1550113900,1550114200,88.76,104,0,알파시티1로,0,0,2020-09-01
1550325700,1550114600,1550114100,85.63,104,0,알파시티1로,0,0,2020-09-01
1550325800,1550114100,1550114600,85.63,104,0,알파시티1로,0,0,2020-09-01
1550325900,1550115000,1550114800,376.68,104,0,알파시티1로,0,0,2020-09-01
1550326000,1550114800,1550115000,376.2,104,0,알파시티1로,0,0,2020-09-01
1550326300,1550115100,1550115000,176.59,104,0,알파시티1로,0,0,2020-09-01
1550326400,1550115000,1550115100,179.24,104,0,알파시티1로,0,0,2020-09-01
1550327900,1550118700,1550115100,128.89,104,0,알파시티2로,0,0,2020-09-01
1550328000,1550115100,1550118700,128.89,104,0,알파시티2로,0,0,2020-09-01
1550328700,1550115900,1550115100,198.65,104,0,알파시티1로,0,0,2020-09-01
1550328800,1550115100,1550115900,198.65,104,0,알파시티1로,0,0,2020-09-01
1550328900,1550116000,1550115100,442.17,104,0,알파시티1로,0,0,2020-09-01
1550329000,1550115100,1550116000,437.62,104,0,알파시티1로,0,0,2020-09-01
1550329100,1550116100,1550116000,188.7,104,0,알파시티1로,0,0,2020-09-01
1550329200,1550116000,1550116100,170.83,104,0,알파시티1로,0,0,2020-09-01
1550329300,1550116300,1550116200,245.66,104,0,알파시티1로,0,0,2020-09-01
1550329400,1550116200,1550116300,245.93,104,0,알파시티1로,0,0,2020-09-01
1550329500,1550116300,1550116100,126.49,104,0,알파시티1로,0,0,2020-09-01
1550329600,1550116100,1550116300,126.49,104,0,알파시티1로,0,0,2020-09-01
1550332500,1550117800,1550117700,134.6,104,0,알파시티2로,0,0,2020-09-01
1550332600,1550117700,1550117800,132.85,104,0,알파시티2로,0,0,2020-09-01
1550332700,1550118700,1550009501,187.06,104,0,알파시티2로,0,0,2020-09-01
1550332800,1550009501,1550118700,187.06,104,0,알파시티2로,0,0,2020-09-01
1550334500,1550118300,1550117800,160.59,104,0,알파시티2로,0,0,2020-09-01
1550334600,1550117800,1550118300,157.29,104,0,알파시티2로,0,0,2020-09-01
1550334700,1550118400,1550118300,70.12,104,0,알파시티2로,0,0,2020-09-01
1550334800,1550118300,1550118400,68.52,104,0,알파시티2로,0,0,2020-09-01
1550334900,1550118500,1550118400,182.98,104,0,알파시티2로,0,0,2020-09-01
1550335000,1550118400,1550118500,181.91,104,0,알파시티2로,0,0,2020-09-01
1550335100,1550118600,1550118500,53.92,104,0,알파시티2로,0,0,2020-09-01
1550335200,1550118500,1550118600,53.92,104,0,알파시티2로,0,0,2020-09-01
1550335500,1550118600,1550009501,54.32,104,0,알파시티2로,0,0,2020-09-01
1550335600,1550009501,1550118600,59.29,104,0,알파시티2로,0,0,2020-09-01
1550336700,1550115900,1550020100,162.53,104,0,고모로,0,0,2020-09-01
1550336800,1550020100,1550115900,161.98,104,0,고모로,0,0,2020-09-01
1550362900,1550114200,1550114100,98.09,104,0,알파시티1로,0,0,2020-09-01
1550363000,1550114100,1550114200,98.34,104,0,알파시티1로,0,0,2020-09-01
1550363100,1550116200,1550113800,193.01,104,0,월드컵로,0,0,2020-09-01
1550363200,1550113800,1550116200,193.01,104,0,월드컵로,0,0,2020-09-01
1550363700,1550117700,1550008106,124.74,104,0,알파시티2로,0,0,2020-09-01
1550363800,1550008106,1550117700,125.45,104,0,알파시티2로,0,0,2020-09-01
1550396700,1550114600,1550016900,249.83,104,0,알파시티1로40길,0,0,2020-09-01
1550396800,1550016900,1550114600,249.38,104,0,월드컵로,0,0,2020-09-01
1550398300,1570007501,1550006300,2616.18,104,0,파동로25길,0,0,2020-09-01
1550398400,1550006300,1570007501,2628.57,104,0,파동로25길,0,0,2020-09-01
1550398500,1570295200,1550021000,1467.09,104,4,앞산터널로,0,5,2020-09-01
1550398600,1550021000,1570295200,1476.81,104,4,앞산터널로,0,5,2020-09-01
1550399100,1550017100,1550016800,783.5,101,0,중앙고속도로,0,5,2020-09-01
1550399200,1550016800,1550017100,793.32,101,0,중앙고속도로,0,5,2020-09-01
1550399300,1550016800,1550126400,1639.23,101,0,중앙고속도로,0,5,2020-09-01
1550399400,1550126400,1550016800,1642.47,101,0,중앙고속도로,0,5,2020-09-01
1550399500,1550003500,1550126200,984.07,104,0,범안로,0,5,2020-09-01
1550399600,1550126200,1550003500,983.95,104,0,범안로,0,5,2020-09-01
1550399900,1550126400,1510205600,860.73,101,3,중앙고속도로,0,5,2020-09-01
1550400000,1510205600,1550126400,861.03,101,3,중앙고속도로,0,5,2020-09-01
1550400500,1550126200,1550126300,320.39,104,3,범안로,0,5,2020-09-01
1550400600,1550126300,1550126200,316.87,104,3,범안로,0,5,2020-09-01
1550400900,1510005900,1550016500,360.43,104,0,국채보상로,0,0,2020-09-01
1550401000,1550016500,1510005900,360.43,104,0,국채보상로,0,0,2020-09-01
1550401300,1550020500,1550020503,71.84,104,0,동원로,0,0,2020-09-01
1550401400,1550020503,1550020500,74.2,104,0,동원로,0,0,2020-09-01
1550401500,1550020503,1550020501,170.7,104,0,동원로,0,0,2020-09-01
1550401600,1550020501,1550020503,170.48,104,0,동원로,0,0,2020-09-01
1550401700,1550020600,1550020601,260.26,104,0,만촌로,0,0,2020-09-01
1550401800,1550020601,1550020600,262.29,104,0,만촌로,0,0,2020-09-01
1550401900,1550020501,1550020502,139.46,104,0,동원로,0,0,2020-09-01
1550402000,1550020502,1550020501,139.25,104,0,동원로,0,0,2020-09-01
1550402100,1550020502,1510008000,95.28,104,0,동원로,0,0,2020-09-01
1550402200,1510008000,1550020502,94.74,104,0,동원로,0,0,2020-09-01
1550402300,1550020601,1510009000,218.61,104,0,만촌로,0,0,2020-09-01
1550402400,1510009000,1550020601,220.06,104,0,만촌로,0,0,2020-09-01
1560000100,1560151100,1560000200,215.4,103,0,월배로,0,0,2020-09-01
1560000200,1560000200,1560151100,212.73,103,0,월배로,0,0,2020-09-01
1560000301,1560000200,1560000201,308.43,103,0,월배로,0,0,2020-09-01
1560000303,1560000201,1560000202,197.15,103,0,월배로,0,0,2020-09-01
1560000304,1560000202,1560000300,127.15,103,0,월배로,0,0,2020-09-01
1560000402,1560000201,1560000200,313.51,103,0,월배로,0,0,2020-09-01
1560000403,1560000300,1560000202,127.13,103,0,월배로,0,0,2020-09-01
1560000404,1560000202,1560000201,197.06,103,0,월배로,0,0,2020-09-01
1560000701,1560000400,1560000401,188.34,103,0,월배로,0,0,2020-09-01
1560000702,1560000401,1560000600,321.95,103,0,월배로,0,0,2020-09-01
1560000801,1560000600,1560000401,322.62,103,0,월배로,0,0,2020-09-01
1560000802,1560000401,1560000400,187.57,103,0,월배로,0,0,2020-09-01
1560001302,1560000800,1560000801,228.88,103,0,월배로,0,0,2020-09-01
1560001303,1560000801,1560001000,311.2,103,0,월배로,0,0,2020-09-01
1560001402,1560001000,1560000801,310.69,103,0,월배로,0,0,2020-09-01
1560001403,1560000801,1560000800,223.3,103,0,월배로,0,0,2020-09-01
1560001900,1560001000,1560001100,833.22,103,0,월배로,0,0,2020-09-01
1560002000,1560001100,1560001000,832.82,103,0,월배로,0,0,2020-09-01
1560002300,1530000100,1560001200,232.04,103,0,월배로,0,0,2020-09-01
1560002400,1560001200,1530000100,236.58,103,0,월배로,0,0,2020-09-01
1560002700,1560001600,1560001300,211.11,101,0,중부내륙고속도로지선,0,5,2020-09-01
1560002800,1560001300,1560001600,213.61,101,0,중부내륙고속도로지선,0,5,2020-09-01
1560003100,1560001600,1560001700,872.73,101,0,중부내륙고속도로지선,0,5,2020-09-01
1560003200,1560001700,1560001600,862.94,101,0,중부내륙고속도로지선,0,5,2020-09-01
1560003501,1560001700,1560001701,546,101,0,중부내륙고속도로지선,0,5,2020-09-01
1560003502,1560001701,1560004000,441.04,101,0,중부내륙고속도로지선,0,5,2020-09-01
1560003601,1560004000,1560001701,442.16,101,0,중부내륙고속도로지선,0,5,2020-09-01
1560003602,1560001701,1560001700,549.46,101,0,중부내륙고속도로지선,0,5,2020-09-01
1560003701,1560001800,1560001801,78.29,103,0,달구벌대로,0,0,2020-09-01
1560003702,1560001801,1560002000,404.45,103,0,달구벌대로,0,0,2020-09-01
1560003801,1560001801,1560001800,73.06,103,0,달구벌대로,0,0,2020-09-01
1560003802,1560002000,1560001801,403.97,103,0,달구벌대로,0,0,2020-09-01
1560004100,1560002200,1560001800,513.22,103,0,달구벌대로,0,0,2020-09-01
1560004200,1560001800,1560002200,511.46,103,0,달구벌대로,0,0,2020-09-01
1560004501,1560002000,1560002001,247.77,103,0,달구벌대로,0,0,2020-09-01
1560004503,1560002001,1560002002,127.14,103,0,달구벌대로,0,0,2020-09-01
1560004504,1560002002,1560002100,220.07,103,0,달구벌대로,0,0,2020-09-01
1560004602,1560002001,1560002000,248.55,103,0,달구벌대로,0,0,2020-09-01
1560004603,1560002100,1560002002,220.19,103,0,달구벌대로,0,0,2020-09-01
1560004604,1560002002,1560002001,127.43,103,0,달구벌대로,0,0,2020-09-01
1560004700,1560002300,1560002200,409.27,103,0,달구벌대로,0,0,2020-09-01
1560004800,1560002200,1560002300,412.51,103,0,달구벌대로,0,0,2020-09-01
1560004901,1560002100,1560003100,397.64,103,0,달구벌대로,0,0,2020-09-01
1560005001,1560003100,1560002100,397.98,103,0,달구벌대로,0,0,2020-09-01
1560006702,1560003700,1560002701,695.64,103,0,달구벌대로,0,0,2020-09-01
1560006703,1560002701,1560002700,574.06,103,0,달구벌대로,0,0,2020-09-01
1560006802,1560002700,1560002701,573.15,103,0,달구벌대로,0,0,2020-09-01
1560006803,1560002701,1560003700,699.08,103,0,달구벌대로,0,0,2020-09-01
1560007100,1560003300,1560003000,215.78,103,0,달구벌대로,0,0,2020-09-01
1560007200,1560003000,1560003300,216.05,103,0,달구벌대로,0,0,2020-09-01
1560007301,1560003200,1560003201,165.84,103,0,달구벌대로,0,0,2020-09-01
1560007302,1560003201,1560003301,185.68,103,0,달구벌대로,0,0,2020-09-01
1560007303,1560003301,1560003300,109.2,103,0,달구벌대로,0,0,2020-09-01
1560007401,1560003201,1560003200,165.65,103,0,달구벌대로,0,0,2020-09-01
1560007402,1560003301,1560003201,185.23,103,0,달구벌대로,0,0,2020-09-01
1560007403,1560003300,1560003301,112.29,103,0,달구벌대로,0,0,2020-09-01
1560007901,1560003800,1560003701,261.2,103,0,달구벌대로,0,0,2020-09-01
1560007902,1560003701,1560003700,151.61,103,0,달구벌대로,0,0,2020-09-01
1560008001,1560003700,1560003701,150.41,103,0,달구벌대로,0,0,2020-09-01
1560008002,1560003701,1560003800,259.73,103,0,달구벌대로,0,0,2020-09-01
1560008100,1560003100,1520000100,678.47,103,0,달구벌대로,0,0,2020-09-01
1560008200,1520000100,1560003100,679.05,103,0,달구벌대로,0,0,2020-09-01
1560008300,1560003800,1560003900,16.03,103,0,달구벌대로,0,0,2020-09-01
1560008400,1560003900,1560003800,17.01,103,0,달구벌대로,0,0,2020-09-01
1560008500,1570008200,1560003900,356.82,103,3,달구벌대로,0,0,2020-09-01
1560008600,1560003900,1570008200,347.6,103,3,달구벌대로,0,0,2020-09-01
1560009501,1560004300,1560004301,235.4,104,0,도원남로,0,0,2020-09-01
1560009503,1560004301,1560004303,164.47,104,0,도원남로,0,0,2020-09-01
1560009504,1560004303,1560004400,181.98,104,0,도원남로,0,0,2020-09-01
1560009602,1560004301,1560004300,226.81,104,0,도원남로,0,0,2020-09-01
1560009603,1560004400,1560004303,174.86,104,0,도원남로,0,0,2020-09-01
1560009604,1560004303,1560004301,162.35,104,0,도원남로,0,0,2020-09-01
1560009700,1560004300,1560004500,300.58,104,0,도원로,0,0,2020-09-01
1560009800,1560004500,1560004300,300.58,104,0,도원로,0,0,2020-09-01
1560010100,1560004400,1560004500,352.27,104,0,한실로,0,0,2020-09-01
1560010200,1560004500,1560004400,352.27,104,0,한실로,0,0,2020-09-01
1560010301,1560004400,1560004401,328.35,104,0,한실로,0,0,2020-09-01
1560010302,1560004401,1560005000,126.67,104,0,한실로,0,0,2020-09-01
1560010401,1560005000,1560004401,122.82,104,0,한실로,0,0,2020-09-01
1560010402,1560004401,1560004400,316.06,104,0,한실로,0,0,2020-09-01
1560010700,1560004500,1560004600,355.53,104,0,한실로,0,0,2020-09-01
1560010800,1560004600,1560004500,355.53,104,0,한실로,0,0,2020-09-01
1560010900,1560004500,1560005500,335.43,104,0,도원로,0,0,2020-09-01
1560011000,1560005500,1560004500,335.43,104,0,도원로,0,0,2020-09-01
1560011500,1560004700,1560004800,275.01,104,0,상화로,0,0,2020-09-01
1560011600,1560004800,1560004700,275.01,104,0,상화로,0,0,2020-09-01
1560012101,1560004800,1560004802,311.73,104,0,상화로,0,0,2020-09-01
1560012102,1560004802,1560005000,198.34,104,0,상화로,0,0,2020-09-01
1560012201,1560005000,1560004802,198.05,104,0,상화로,0,0,2020-09-01
1560012202,1560004802,1560004800,312.02,104,0,상화로,0,0,2020-09-01
1560012301,1560004800,1560004801,332.8,104,0,월곡로,0,0,2020-09-01
1560012302,1560004801,1560005700,245.99,104,0,월곡로,0,0,2020-09-01
1560012401,1560005700,1560004801,243.72,104,0,월곡로,0,0,2020-09-01
1560012402,1560004801,1560004800,335.08,104,0,월곡로,0,0,2020-09-01
1560012700,1560005000,1560005300,294.47,104,0,상화로,0,0,2020-09-01
1560012800,1560005300,1560005000,294.47,104,0,상화로,0,0,2020-09-01
1560012900,1560005100,1560005200,26.79,104,0,진천로,0,0,2020-09-01
1560013000,1560005200,1560005100,26.79,104,0,진천로,0,0,2020-09-01
1560013100,1560005100,1560005400,460.21,104,0,상화로,0,0,2020-09-01
1560013200,1560005400,1560005100,463.67,104,0,상화로,0,0,2020-09-01
1560013701,1560005200,1560005201,467.28,104,0,진천로,0,0,2020-09-01
1560013702,1560005201,1560000300,140.42,104,0,진천로,0,0,2020-09-01
1560013801,1560000300,1560005201,138.4,104,0,진천로,0,0,2020-09-01
1560013802,1560005201,1560005200,468.82,104,0,진천로,0,0,2020-09-01
1560013900,1560005300,1560005500,361.32,104,0,상화로,0,0,2020-09-01
1560014000,1560005500,1560005300,359.46,104,0,상화로,0,0,2020-09-01
1560014100,1560005400,1560005500,369.26,104,0,상화로,0,0,2020-09-01
1560014200,1560005500,1560005400,368.45,104,0,상화로,0,0,2020-09-01
1560014300,1560005500,1560005600,178.79,104,0,상원로,0,0,2020-09-01
1560014400,1560005600,1560005500,178.79,104,0,상원로,0,0,2020-09-01
1560014501,1560005600,1560005601,148.04,104,0,상화북로,0,0,2020-09-01
1560014503,1560005601,1560005602,214.2,104,0,상화북로,0,0,2020-09-01
1560014504,1560005602,1560005700,430.57,104,0,상화북로,0,0,2020-09-01
1560014602,1560005601,1560005600,148.62,104,0,상화북로,0,0,2020-09-01
1560014603,1560005700,1560005602,424.29,104,0,상화북로,0,0,2020-09-01
1560014604,1560005602,1560005601,214.28,104,0,상화북로,0,0,2020-09-01
1560014700,1560005600,1560000400,776.68,104,0,상원로,0,0,2020-09-01
1560014800,1560000400,1560005600,767.28,104,0,상원로,0,0,2020-09-01
1560015301,1560005700,1560005701,320.69,104,0,월곡로,0,0,2020-09-01
1560015302,1560005701,1560006200,346.24,104,0,월곡로,0,0,2020-09-01
1560015401,1560006200,1560005701,346.7,104,0,월곡로,0,0,2020-09-01
1560015402,1560005701,1560005700,322.97,104,0,월곡로,0,0,2020-09-01
1560015500,1560005800,1560006100,249.31,104,0,앞산순환로,0,0,2020-09-01
1560015600,1560006100,1560005800,252.09,104,0,앞산순환로,0,0,2020-09-01
1560015700,1560005800,1560006300,420.59,104,1,앞산순환로,0,5,2020-09-01
1560015800,1560006300,1560005800,422.49,104,1,앞산순환로,0,5,2020-09-01
1560016302,1560000301,1560006600,113.02,104,0,진천로,0,0,2020-09-01
1560016303,1560000300,1560000302,132.33,104,0,진천로,0,0,2020-09-01
1560016305,1560000302,1560000303,265.74,104,0,진천로,0,0,2020-09-01
1560016306,1560000303,1560000301,111.22,104,0,진천로,0,0,2020-09-01
1560016401,1560006600,1560000301,116.25,104,0,진천로,0,0,2020-09-01
1560016404,1560000302,1560000300,129.25,104,0,진천로,0,0,2020-09-01
1560016405,1560000301,1560000303,111.23,104,0,진천로,0,0,2020-09-01
1560016406,1560000303,1560000302,265.74,104,0,진천로,0,0,2020-09-01
1560016500,1560006000,1560006100,215.52,104,0,상화북로,0,0,2020-09-01
1560016600,1560006100,1560006000,215.52,104,0,상화북로,0,0,2020-09-01
1560016900,1560006100,1560006300,170.75,104,0,앞산순환로,0,0,2020-09-01
1560017000,1560006300,1560006100,170.75,104,0,앞산순환로,0,0,2020-09-01
1560017301,1560006200,1560006202,78.39,104,1,월곡로,0,0,2020-09-01
1560017302,1560006202,1560006900,480.9,104,1,월곡로,0,0,2020-09-01
1560017401,1560006900,1560006202,474.64,104,1,월곡로,0,0,2020-09-01
1560017402,1560006202,1560006200,80.78,104,1,월곡로,0,0,2020-09-01
1560017500,1560006300,1560006500,171.13,104,0,앞산순환로,0,0,2020-09-01
1560017600,1560006500,1560006300,182.56,104,0,앞산순환로,0,0,2020-09-01
1560017700,1560006500,1560006700,239.81,104,0,앞산순환로,0,0,2020-09-01
1560017800,1560006700,1560006500,239.8,104,0,앞산순환로,0,0,2020-09-01
1560017900,1560006500,1560007200,577.19,104,2,앞산순환로,0,5,2020-09-01
1560018000,1560007200,1560006500,578.12,104,2,앞산순환로,0,5,2020-09-01
1560018100,1560000600,1560006900,252.71,104,0,월곡로,0,0,2020-09-01
1560018200,1560006900,1560000600,252.72,104,0,월곡로,0,0,2020-09-01
1560018301,1560006600,1560006601,188.79,104,0,월암로,0,0,2020-09-01
1560018302,1560006601,1560007100,199.41,104,0,월암로,0,0,2020-09-01
1560018401,1560007100,1560006601,196.92,104,0,월암로,0,0,2020-09-01
1560018402,1560006601,1560006600,191.27,104,0,월암로,0,0,2020-09-01
1560018700,1560006700,1560007200,338.03,104,0,앞산순환로,0,0,2020-09-01
1560018800,1560007200,1560006700,337.86,104,0,앞산순환로,0,0,2020-09-01
1560018901,1560006700,1560006701,381.72,104,0,송현로,0,0,2020-09-01
1560018902,1560006701,1560001000,277.58,104,0,송현로,0,0,2020-09-01
1560019001,1560001000,1560006701,275.33,104,0,송현로,0,0,2020-09-01
1560019002,1560006701,1560006700,383.97,104,0,송현로,0,0,2020-09-01
1560019301,1560006900,1560117500,128.45,104,0,월곡로,0,0,2020-09-01
1560019302,1560117500,1560007300,264.16,104,0,월곡로,0,0,2020-09-01
1560019401,1560007300,1560117500,258.34,104,0,월곡로,0,0,2020-09-01
1560019402,1560117500,1560006900,135.69,104,0,월곡로,0,0,2020-09-01
1560019702,1560007001,1560007700,452.77,104,0,달서대로,0,0,2020-09-01
1560019801,1560007700,1560007001,452.77,104,0,달서대로,0,0,2020-09-01
1560020100,1560007200,1560007400,235.04,104,0,앞산순환로,0,0,2020-09-01
1560020200,1560007400,1560007200,235.04,104,0,앞산순환로,0,0,2020-09-01
1560020500,1560007300,1560007900,433.37,104,0,월곡로,0,0,2020-09-01
1560020600,1560007900,1560007300,433.37,104,0,월곡로,0,0,2020-09-01
1560020700,1560001000,1560007800,308.71,104,0,송현로,0,0,2020-09-01
1560020800,1560007800,1560001000,322.73,104,0,송현로,0,0,2020-09-01
1560020900,1560007400,1560008000,618.5,104,0,앞산순환로,0,5,2020-09-01
1560021000,1560008000,1560007400,623.75,104,0,앞산순환로,0,5,2020-09-01
1560021301,1560007500,1560114000,239.67,104,0,달서대로58길,0,0,2020-09-01
1560021302,1560114000,1560113600,216.26,104,0,달서대로58길,0,0,2020-09-01
1560021303,1560113600,1560007600,217,104,0,달서대로58길,0,0,2020-09-01
1560021401,1560007600,1560113600,219.37,104,0,달서대로58길,0,0,2020-09-01
1560021402,1560113600,1560114000,214.14,104,0,달서대로58길,0,0,2020-09-01
1560021403,1560114000,1560007500,239.43,104,0,달서대로58길,0,0,2020-09-01
1560021901,1560007600,1560007702,249.36,104,0,달서대로58길,0,0,2020-09-01
1560021903,1560007702,1560007703,202.69,104,0,달서대로58길,0,0,2020-09-01
1560021904,1560007703,1560007700,236.51,104,0,달서대로58길,0,0,2020-09-01
1560022002,1560007702,1560007600,249.49,104,0,달서대로58길,0,0,2020-09-01
1560022003,1560007700,1560007703,236.39,104,0,달서대로58길,0,0,2020-09-01
1560022004,1560007703,1560007702,202.69,104,0,달서대로58길,0,0,2020-09-01
1560022301,1560007700,1560007701,300.27,104,0,달서대로,0,0,2020-09-01
1560022302,1560007701,1560008900,319.47,104,0,달서대로,0,0,2020-09-01
1560022401,1560008900,1560007701,319.34,104,0,달서대로,0,0,2020-09-01
1560022402,1560007701,1560007700,300.41,104,0,달서대로,0,0,2020-09-01
1560022500,1560007800,1560009500,677.29,104,0,송현로,0,0,2020-09-01
1560022600,1560009500,1560007800,677.29,104,0,송현로,0,0,2020-09-01
1560022900,1560007900,1560008400,528.76,104,0,월곡로,0,0,2020-09-01
1560023000,1560008400,1560007900,528.76,104,0,월곡로,0,0,2020-09-01
1560023300,1560008000,1530000600,230.83,104,0,앞산순환로,0,0,2020-09-01
1560023400,1530000600,1560008000,230.83,104,0,앞산순환로,0,0,2020-09-01
1560023900,1560008200,1560009100,360.84,104,0,학산로,0,0,2020-09-01
1560024000,1560009100,1560008200,360.84,104,0,학산로,0,0,2020-09-01
1560024902,1560008401,1560011200,333.42,104,0,월곡로94길,0,0,2020-09-01
1560024903,1560008400,1560008402,265.73,104,0,월곡로94길,0,0,2020-09-01
1560024905,1560008402,1560008403,122.77,104,0,월곡로94길,0,0,2020-09-01
1560024906,1560008403,1560008401,251.14,104,0,월곡로94길,0,0,2020-09-01
1560025001,1560011200,1560008401,331.29,104,0,월곡로94길,0,0,2020-09-01
1560025004,1560008402,1560008400,269.13,104,0,월곡로94길,0,0,2020-09-01
1560025005,1560008401,1560008403,251.88,104,0,월곡로94길,0,0,2020-09-01
1560025006,1560008403,1560008402,137.38,104,0,월곡로94길,0,0,2020-09-01
1560025102,1560008501,1560008700,167.06,104,0,성서공단남로,0,0,2020-09-01
1560025104,1560008502,1560008501,196.55,104,0,성서공단남로,0,0,2020-09-01
1560025105,1560008500,1560008503,216.99,104,0,성서공단남로,0,0,2020-09-01
1560025106,1560008503,1560008502,196.55,104,0,성서공단남로,0,0,2020-09-01
1560025201,1560008700,1560008501,167.09,104,0,성서공단남로,0,0,2020-09-01
1560025203,1560008501,1560008502,196.54,104,0,성서공단남로,0,0,2020-09-01
1560025205,1560008502,1560008503,196.56,104,0,성서공단남로,0,0,2020-09-01
1560025206,1560008503,1560008500,216.96,104,0,성서공단남로,0,0,2020-09-01
1560025301,1560008500,1560008802,230.32,104,0,성서공단남로,0,0,2020-09-01
1560025303,1560008802,1560008803,215.75,104,0,성서공단남로,0,0,2020-09-01
1560025304,1560008803,1560008800,218.44,104,0,성서공단남로,0,0,2020-09-01
1560025402,1560008802,1560008500,230.3,104,0,성서공단남로,0,0,2020-09-01
1560025403,1560008800,1560008803,218.45,104,0,성서공단남로,0,0,2020-09-01
1560025404,1560008803,1560008802,215.75,104,0,성서공단남로,0,0,2020-09-01
1560025700,1560008600,1560008900,392.57,104,0,성서공단남로,0,0,2020-09-01
1560025800,1560008900,1560008600,392.56,104,0,성서공단남로,0,0,2020-09-01
1560025900,1560008600,1560010200,705.67,104,0,성서공단로,0,0,2020-09-01
1560026000,1560010200,1560008600,708.63,104,0,성서공단로,0,0,2020-09-01
1560026100,1560008700,1560009700,288.22,104,0,성서동로,0,0,2020-09-01
1560026200,1560009700,1560008700,288.22,104,0,성서동로,0,0,2020-09-01
1560026302,1560008901,1560008900,209.52,104,0,성서공단남로,0,0,2020-09-01
1560026303,1560008800,1560008902,249.63,104,0,성서공단남로,0,0,2020-09-01
1560026304,1560008902,1560008901,248.15,104,0,성서공단남로,0,0,2020-09-01
1560026401,1560008900,1560008901,209.27,104,0,성서공단남로,0,0,2020-09-01
1560026403,1560008901,1560008902,248.15,104,0,성서공단남로,0,0,2020-09-01
1560026404,1560008902,1560008800,249.52,104,0,성서공단남로,0,0,2020-09-01
1560026700,1560008900,1560010300,506.53,104,0,달서대로,0,0,2020-09-01
1560026800,1560010300,1560008900,506.53,104,0,달서대로,0,0,2020-09-01
1560027500,1560009100,1560009600,294.21,104,0,학산로,0,0,2020-09-01
1560027600,1560009600,1560009100,296.61,104,0,학산로,0,0,2020-09-01
1560028700,1560009500,1560010000,209.11,104,0,송현로,0,0,2020-09-01
1560028800,1560010000,1560009500,209.11,104,0,송현로,0,0,2020-09-01
1560029100,1560009600,1560011800,552.08,104,0,와룡로,0,0,2020-09-01
1560029200,1560011800,1560009600,558.55,104,0,와룡로,0,0,2020-09-01
1560029300,1560009700,1560011000,374.79,104,0,성서동로,0,0,2020-09-01
1560029400,1560011000,1560009700,374.79,104,0,성서동로,0,0,2020-09-01
1560029500,1560001200,1560009800,95.71,104,0,학산로,0,0,2020-09-01
1560029600,1560009800,1560001200,95.71,104,0,학산로,0,0,2020-09-01
1560029700,1560009800,1560009900,49.74,104,0,학산로,0,0,2020-09-01
1560029800,1560009900,1560009800,49.74,104,0,학산로,0,0,2020-09-01
1560030100,1560009900,1560011100,373.05,104,0,구마로46길,0,0,2020-09-01
1560030200,1560011100,1560009900,373.05,104,0,구마로46길,0,0,2020-09-01
1560030300,1560010000,1560011700,379.46,104,0,송현로,0,0,2020-09-01
1560030400,1560011700,1560010000,379.46,104,0,송현로,0,0,2020-09-01
1560030500,1560010100,1560010200,309.89,104,0,성서공단로,0,0,2020-09-01
1560030600,1560010200,1560010100,309.89,104,0,성서공단로,0,0,2020-09-01
1560030702,1560010101,1560010300,156.29,104,0,성서공단로,0,0,2020-09-01
1560030703,1560010100,1560010102,145.88,104,0,성서공단로,0,0,2020-09-01
1560030705,1560010102,1560010105,59.87,104,0,성서공단로,0,0,2020-09-01
1560030706,1560010105,1560010101,208.96,104,0,성서공단로,0,0,2020-09-01
1560030801,1560010300,1560010101,151.58,104,0,성서공단로,0,0,2020-09-01
1560030804,1560010102,1560010100,145.79,104,0,성서공단로,0,0,2020-09-01
1560030805,1560010101,1560010105,208.96,104,0,성서공단로,0,0,2020-09-01
1560030806,1560010105,1560010102,59.87,104,0,성서공단로,0,0,2020-09-01
1560031100,1560010200,1560013400,809.47,104,0,성서공단로,0,0,2020-09-01
1560031200,1560013400,1560010200,807.93,104,0,성서공단로,0,0,2020-09-01
1560031301,1560010300,1560010301,216.25,104,0,성서공단로,0,0,2020-09-01
1560031303,1560010301,1560010302,203.07,104,0,성서공단로,0,0,2020-09-01
1560031304,1560010302,1560010400,293.05,104,0,성서공단로,0,0,2020-09-01
1560031402,1560010301,1560010300,216.11,104,0,성서공단로,0,0,2020-09-01
1560031403,1560010400,1560010302,293.2,104,0,성서공단로,0,0,2020-09-01
1560031404,1560010302,1560010301,203.07,104,0,성서공단로,0,0,2020-09-01
1560031500,1560010300,1560011600,246.01,104,0,달서대로,0,0,2020-09-01
1560031600,1560011600,1560010300,246.01,104,0,달서대로,0,0,2020-09-01
1560031700,1560010400,1560010600,358.05,104,0,성서공단로,0,0,2020-09-01
1560031800,1560010600,1560010400,358.05,104,0,성서공단로,0,0,2020-09-01
1560031901,1560010400,1560010401,125.35,104,0,성서서로,0,0,2020-09-01
1560031902,1560010401,1560012300,158.8,104,0,성서서로,0,0,2020-09-01
1560032001,1560012300,1560010401,158.76,104,0,성서서로,0,0,2020-09-01
1560032002,1560010401,1560010400,125.39,104,0,성서서로,0,0,2020-09-01
1560032300,1560010600,1560010700,302.05,104,0,성서공단로,0,0,2020-09-01
1560032400,1560010700,1560010600,302.05,104,0,성서공단로,0,0,2020-09-01
1560032701,1560010700,1560010701,223.53,104,0,성서공단로,0,0,2020-09-01
1560032702,1560010701,1560010800,82.76,104,0,성서공단로,0,0,2020-09-01
1560032801,1560010800,1560010701,83.22,104,0,성서공단로,0,0,2020-09-01
1560032802,1560010701,1560010700,223.07,104,0,성서공단로,0,0,2020-09-01
1560032900,1560010700,1560012000,235.28,104,0,성서로,0,0,2020-09-01
1560033000,1560012000,1560010700,235.28,104,0,성서로,0,0,2020-09-01
1560033101,1560010800,1560010801,112.33,104,0,성서공단로,0,0,2020-09-01
1560033102,1560010801,1560010900,60.41,104,0,성서공단로,0,0,2020-09-01
1560033201,1560010900,1560010801,60.86,104,0,성서공단로,0,0,2020-09-01
1560033202,1560010801,1560010800,111.89,104,0,성서공단로,0,0,2020-09-01
1560033501,1560010900,1560010901,140.66,104,0,성서공단로,0,0,2020-09-01
1560033502,1560010901,1560011000,162.36,104,0,성서공단로,0,0,2020-09-01
1560033601,1560011000,1560010901,162.81,104,0,성서공단로,0,0,2020-09-01
1560033602,1560010901,1560010900,140.21,104,0,성서공단로,0,0,2020-09-01
1560033902,1560011001,1560001400,139,104,0,성서공단로,0,0,2020-09-01
1560033903,1560011000,1560011003,588.34,104,0,성서공단로,0,0,2020-09-01
1560033904,1560011003,1560011001,200.04,104,0,성서공단로,0,0,2020-09-01
1560034001,1560001400,1560011001,139.31,104,0,성서공단로,0,0,2020-09-01
1560034003,1560011001,1560011003,200.04,104,0,성서공단로,0,0,2020-09-01
1560034004,1560011003,1560011000,588.03,104,0,성서공단로,0,0,2020-09-01
1560034101,1560011000,1560011002,94.17,104,0,성서동로,0,0,2020-09-01
1560034102,1560011002,1560014600,431.56,104,0,성서동로,0,0,2020-09-01
1560034201,1560014600,1560011002,431.6,104,0,성서동로,0,0,2020-09-01
1560034202,1560011002,1560011000,94.13,104,0,성서동로,0,0,2020-09-01
1560034300,1560001400,1560011200,233.85,104,0,성서공단로,0,0,2020-09-01
1560034400,1560011200,1560001400,233.85,104,0,성서공단로,0,0,2020-09-01
1560034700,1560011100,1530000200,431.82,104,0,구마로,0,0,2020-09-01
1560034800,1530000200,1560011100,429.99,104,0,구마로,0,0,2020-09-01
1560034900,1560011100,1560012500,134.4,104,0,야외음악당로,0,0,2020-09-01
1560035000,1560012500,1560011100,134.4,104,0,야외음악당로,0,0,2020-09-01
1560035100,1560011200,1560001500,82.22,104,0,구마로,0,0,2020-09-01
1560035200,1560001500,1560011200,82.22,104,0,구마로,0,0,2020-09-01
1560035300,1560011300,1560001500,98.24,104,0,구마로,0,0,2020-09-01
1560035400,1560001500,1560011300,98.24,104,0,구마로,0,0,2020-09-01
1560035501,1560011300,1560011303,296.75,104,0,구마로,0,0,2020-09-01
1560035502,1560011303,1560011800,264.61,104,0,구마로,0,0,2020-09-01
1560035601,1560011800,1560011303,264.84,104,0,구마로,0,0,2020-09-01
1560035602,1560011303,1560011300,296.52,104,0,구마로,0,0,2020-09-01
1560036900,1560011600,1560012400,65.6,104,0,달서대로,0,0,2020-09-01
1560037000,1560012400,1560011600,65.6,104,0,달서대로,0,0,2020-09-01
1560037301,1560011700,1560011701,77.73,104,0,당산로,0,0,2020-09-01
1560037302,1560011701,1560012600,159.79,104,0,당산로,0,0,2020-09-01
1560037401,1560012600,1560011701,159.89,104,0,당산로,0,0,2020-09-01
1560037402,1560011701,1560011700,77.63,104,0,당산로,0,0,2020-09-01
1560037500,1560011800,1560014900,486.83,104,0,와룡로,0,0,2020-09-01
1560037600,1560014900,1560011800,486.83,104,0,와룡로,0,0,2020-09-01
1560038300,1560012000,1560013800,253.7,104,0,성서로,0,0,2020-09-01
1560038400,1560013800,1560012000,253.7,104,0,성서로,0,0,2020-09-01
1560039300,1560012300,1560013600,207.77,104,0,성서서로,0,0,2020-09-01
1560039400,1560013600,1560012300,207.77,104,0,성서서로,0,0,2020-09-01
1560039500,1560012400,1560013500,201.23,104,0,달서대로,0,0,2020-09-01
1560039600,1560013500,1560012400,201.23,104,0,달서대로,0,0,2020-09-01
1560040100,1560012500,1560016400,566.03,104,0,야외음악당로,0,0,2020-09-01
1560040200,1560016400,1560012500,566.03,104,0,야외음악당로,0,0,2020-09-01
1560040501,1560012600,1560012601,136.23,104,0,당산로,0,0,2020-09-01
1560040503,1560012601,1560012602,40.67,104,0,당산로,0,0,2020-09-01
1560040504,1560012602,1560016500,264.4,104,0,당산로,0,0,2020-09-01
1560040602,1560012601,1560012600,136.1,104,0,당산로,0,0,2020-09-01
1560040603,1560016500,1560012602,264.5,104,0,당산로,0,0,2020-09-01
1560040604,1560012602,1560012601,40.7,104,0,당산로,0,0,2020-09-01
1560043500,1560013400,1560016900,645.58,104,0,성서공단로,0,0,2020-09-01
1560043600,1560016900,1560013400,656.75,104,0,성서공단로,0,0,2020-09-01
1560043701,1560013500,1560013501,103.51,104,0,달서대로,0,0,2020-09-01
1560043702,1560013501,1560015600,159.41,104,0,달서대로,0,0,2020-09-01
1560043801,1560015600,1560013501,159.55,104,0,달서대로,0,0,2020-09-01
1560043802,1560013501,1560013500,103.37,104,0,달서대로,0,0,2020-09-01
1560044100,1560013600,1560017900,560.5,104,0,성서서로,0,0,2020-09-01
1560044200,1560017900,1560013600,560.5,104,0,성서서로,0,0,2020-09-01
1560044700,1560013800,1560014800,171.69,104,0,성서로,0,0,2020-09-01
1560044800,1560014800,1560013800,171.69,104,0,성서로,0,0,2020-09-01
1560047500,1560014600,1560015800,208.54,104,0,성서동로,0,0,2020-09-01
1560047600,1560015800,1560014600,208.54,104,0,성서동로,0,0,2020-09-01
1560048100,1560014800,1560016800,273.46,104,0,성서로,0,0,2020-09-01
1560048200,1560016800,1560014800,273.46,104,0,성서로,0,0,2020-09-01
1560048300,1560014900,1560016600,185.72,104,0,와룡로,0,0,2020-09-01
1560048400,1560016600,1560014900,185.72,104,0,와룡로,0,0,2020-09-01
1560050900,1560015600,1560017700,271.91,104,0,달서대로,0,0,2020-09-01
1560051000,1560017700,1560015600,271.91,104,0,달서대로,0,0,2020-09-01
1560051100,1560015700,1560015800,296.48,104,0,성서공단북로,0,0,2020-09-01
1560051200,1560015800,1560015700,296.48,104,0,성서공단북로,0,0,2020-09-01
1560051300,1560015700,1560015900,152.34,104,0,성서공단북로,0,0,2020-09-01
1560051400,1560015900,1560015700,154.7,104,0,성서공단북로,0,0,2020-09-01
1560051500,1560015800,1560019400,749.02,104,0,성서동로,0,0,2020-09-01
1560051600,1560019400,1560015800,749.02,104,0,성서동로,0,0,2020-09-01
1560051700,1560015900,1560016800,340.81,104,0,성서공단북로,0,0,2020-09-01
1560051800,1560016800,1560015900,340.81,104,0,성서공단북로,0,0,2020-09-01
1560053901,1560016500,1560016601,304.86,104,0,장기로,0,0,2020-09-01
1560053903,1560016601,1560016602,173.93,104,0,장기로,0,0,2020-09-01
1560053904,1560016602,1560016600,224.73,104,0,장기로,0,0,2020-09-01
1560054002,1560016601,1560016500,304.84,104,0,장기로,0,0,2020-09-01
1560054003,1560016600,1560016602,224.76,104,0,장기로,0,0,2020-09-01
1560054004,1560016602,1560016601,173.93,104,0,장기로,0,0,2020-09-01
1560054100,1560016500,1560018100,276.52,104,0,당산로,0,0,2020-09-01
1560054200,1560018100,1560016500,276.52,104,0,당산로,0,0,2020-09-01
1560054301,1560016600,1560016703,89.3,104,0,장기로,0,0,2020-09-01
1560054303,1560016703,1560016705,326.39,104,0,장기로,0,0,2020-09-01
1560054304,1560016705,1560016700,167.46,104,0,장기로,0,0,2020-09-01
1560054402,1560016703,1560016600,89.28,104,0,장기로,0,0,2020-09-01
1560054403,1560016700,1560016705,167.48,104,0,장기로,0,0,2020-09-01
1560054404,1560016705,1560016703,326.39,104,0,장기로,0,0,2020-09-01
1560054500,1560016600,1560018200,297.73,104,0,와룡로,0,0,2020-09-01
1560054600,1560018200,1560016600,297.73,104,0,와룡로,0,0,2020-09-01
1560054900,1560016800,1560017800,340.43,104,0,성서공단북로,0,0,2020-09-01
1560055000,1560017800,1560016800,340.43,104,0,성서공단북로,0,0,2020-09-01
1560055100,1560016800,1560018700,368.57,104,0,성서로,0,0,2020-09-01
1560055200,1560018700,1560016800,368.57,104,0,성서로,0,0,2020-09-01
1560055300,1560016900,1560017000,105,104,0,성서공단북로,0,0,2020-09-01
1560055400,1560017000,1560016900,105,104,0,성서공단북로,0,0,2020-09-01
1560055500,1560016900,1560019500,602.02,104,0,성서공단로,0,0,2020-09-01
1560055600,1560019500,1560016900,602.02,104,0,성서공단로,0,0,2020-09-01
1560055700,1560017000,1560017100,127.86,104,0,성서공단북로,0,0,2020-09-01
1560055800,1560017100,1560017000,127.86,104,0,성서공단북로,0,0,2020-09-01
1560055901,1560017100,1560017102,141.7,104,0,성서공단북로,0,0,2020-09-01
1560055902,1560017102,1560017400,149.55,104,0,성서공단북로,0,0,2020-09-01
1560056001,1560017400,1560017102,149.67,104,0,성서공단북로,0,0,2020-09-01
1560056002,1560017102,1560017100,141.57,104,0,성서공단북로,0,0,2020-09-01
1560056300,1560017200,1560017300,360.72,104,0,성서공단북로,0,0,2020-09-01
1560056400,1560017300,1560017200,360.72,104,0,성서공단북로,0,0,2020-09-01
1560056500,1560017200,1560017500,207.66,104,0,성서공단북로,0,0,2020-09-01
1560056600,1560017500,1560017200,207.66,104,0,성서공단북로,0,0,2020-09-01
1560057100,1560017500,1560017600,207.12,104,0,성서공단북로,0,0,2020-09-01
1560057200,1560017600,1560017500,207.12,104,0,성서공단북로,0,0,2020-09-01
1560057300,1560017600,1560017700,151.36,104,0,성서공단북로,0,0,2020-09-01
1560057400,1560017700,1560017600,151.36,104,0,성서공단북로,0,0,2020-09-01
1560057500,1560017700,1560017900,702.46,104,0,성서공단북로,0,0,2020-09-01
1560057600,1560017900,1560017700,702.46,104,0,성서공단북로,0,0,2020-09-01
1560057703,1560017701,1560017702,63.5,104,0,달서대로,0,0,2020-09-01
1560057704,1560017702,1560002700,314.77,104,0,달서대로,0,0,2020-09-01
1560057705,1560017700,1560017703,236.9,104,0,달서대로,0,0,2020-09-01
1560057706,1560017703,1560017701,169.55,104,0,달서대로,0,0,2020-09-01
1560057803,1560002700,1560017702,314.9,104,0,달서대로,0,0,2020-09-01
1560057804,1560017702,1560017701,63.51,104,0,달서대로,0,0,2020-09-01
1560057805,1560017701,1560017703,170,104,0,달서대로,0,0,2020-09-01
1560057806,1560017703,1560017700,236.3,104,0,달서대로,0,0,2020-09-01
1560057900,1560017800,1560018000,125.3,104,0,성서공단북로,0,0,2020-09-01
1560058000,1560018000,1560017800,125.3,104,0,성서공단북로,0,0,2020-09-01
1560058300,1560017900,1560018000,218.76,104,0,성서공단북로,0,0,2020-09-01
1560058400,1560018000,1560017900,218.76,104,0,성서공단북로,0,0,2020-09-01
1560058500,1560017900,1560018400,273.13,104,0,성서서로,0,0,2020-09-01
1560058600,1560018400,1560017900,273.13,104,0,성서서로,0,0,2020-09-01
1560058900,1560018100,1560018500,165.42,104,0,당산로,0,0,2020-09-01
1560059000,1560018500,1560018100,165.42,104,0,당산로,0,0,2020-09-01
1560059900,1560018400,1560003200,522.48,104,0,성서서로,0,0,2020-09-01
1560060000,1560003200,1560018400,522.48,104,0,성서서로,0,0,2020-09-01
1560060900,1560018700,1560019100,231.4,104,0,성서로,0,0,2020-09-01
1560061000,1560019100,1560018700,231.4,104,0,성서로,0,0,2020-09-01
1560062500,1560019100,1560003000,268.51,104,0,성서로,0,0,2020-09-01
1560062600,1560003000,1560019100,268.51,104,0,성서로,0,0,2020-09-01
1560062900,1560002000,1560019800,116.86,104,0,용산로,0,0,2020-09-01
1560063000,1560019800,1560002000,116.86,104,0,용산로,0,0,2020-09-01
1560063500,1560019400,1560002300,111.75,104,0,성서동로,0,0,2020-09-01
1560063600,1560002300,1560019400,111.75,104,0,성서동로,0,0,2020-09-01
1560063901,1560019500,1560019501,290.21,104,0,성서공단로,0,0,2020-09-01
1560063902,1560019501,1560003800,102.18,104,0,성서공단로,0,0,2020-09-01
1560064001,1560003800,1560019501,102.71,104,0,성서공단로,0,0,2020-09-01
1560064002,1560019501,1560019500,289.68,104,0,성서공단로,0,0,2020-09-01
1560064701,1560002100,1560002101,729.82,104,0,와룡로,0,0,2020-09-01
1560064702,1560002101,1520002100,219.5,104,0,와룡로,0,0,2020-09-01
1560064801,1520002100,1560002101,219.5,104,0,와룡로,0,0,2020-09-01
1560064802,1560002101,1560002100,729.81,104,0,와룡로,0,0,2020-09-01
1560064900,1560019800,1560020100,181.79,104,0,용산로,0,0,2020-09-01
1560065000,1560020100,1560019800,181.79,104,0,용산로,0,0,2020-09-01
1560065100,1560002300,1560020200,187.28,104,0,성서동로,0,0,2020-09-01
1560065200,1560020200,1560002300,187.28,104,0,성서동로,0,0,2020-09-01
1560065300,1560002700,1560020600,233.42,104,0,달서대로,0,0,2020-09-01
1560065400,1560020600,1560002700,233.86,104,0,달서대로,0,0,2020-09-01
1560065700,1560003000,1560021000,251.97,104,0,성서로,0,0,2020-09-01
1560065800,1560021000,1560003000,251.97,104,0,성서로,0,0,2020-09-01
1560065900,1560003200,1560020500,179.78,104,0,성서서로,0,0,2020-09-01
1560066000,1560020500,1560003200,179.78,104,0,성서서로,0,0,2020-09-01
1560067101,1560020100,1560020101,44.79,104,0,용산로,0,0,2020-09-01
1560067102,1560020101,1560021100,171.63,104,0,용산로,0,0,2020-09-01
1560067201,1560021100,1560020101,171.63,104,0,용산로,0,0,2020-09-01
1560067202,1560020101,1560020100,44.79,104,0,용산로,0,0,2020-09-01
1560067700,1560020300,1520000100,221.19,104,0,당산로,0,0,2020-09-01
1560067800,1520000100,1560020300,221.19,104,0,당산로,0,0,2020-09-01
1560068500,1560020500,1560021800,211.94,104,0,성서서로,0,0,2020-09-01
1560068600,1560021800,1560020500,211.94,104,0,성서서로,0,0,2020-09-01
1560068700,1560020600,1560021900,216.98,104,0,달서대로,0,0,2020-09-01
1560068800,1560021900,1560020600,216.98,104,0,달서대로,0,0,2020-09-01
1560070100,1560021000,1560021500,145.09,104,0,성서로,0,0,2020-09-01
1560070200,1560021500,1560021000,145.09,104,0,성서로,0,0,2020-09-01
1560071500,1560021400,1560022100,213.12,104,0,성서동로,0,0,2020-09-01
1560071600,1560022100,1560021400,213.12,104,0,성서동로,0,0,2020-09-01
1560071901,1560021500,1560021501,108.92,104,0,성서로,0,0,2020-09-01
1560071902,1560021501,1560022200,103.61,104,0,성서로,0,0,2020-09-01
1560072001,1560022200,1560021501,103.71,104,0,성서로,0,0,2020-09-01
1560072002,1560021501,1560021500,108.82,104,0,성서로,0,0,2020-09-01
1560072700,1560021800,1560022300,212.61,104,0,성서서로,0,0,2020-09-01
1560072800,1560022300,1560021800,212.61,104,0,성서서로,0,0,2020-09-01
1560072900,1560021900,1560023400,410.09,104,0,달서대로,0,0,2020-09-01
1560073000,1560023400,1560021900,410.09,104,0,달서대로,0,0,2020-09-01
1560073700,1560022100,1560023100,196.02,104,0,성서동로,0,0,2020-09-01
1560073800,1560023100,1560022100,196.02,104,0,성서동로,0,0,2020-09-01
1560074100,1560022200,1560023200,195.41,104,0,성서로,0,0,2020-09-01
1560074200,1560023200,1560022200,195.41,104,0,성서로,0,0,2020-09-01
1560074300,1560022300,1560023300,198.34,104,0,성서서로,0,0,2020-09-01
1560074400,1560023300,1560022300,198.34,104,0,성서서로,0,0,2020-09-01
1560074500,1560022400,1560022900,133.96,104,0,용산로,0,0,2020-09-01
1560074600,1560022900,1560022400,133.96,104,0,용산로,0,0,2020-09-01
1560074701,1560022500,1560022902,168.31,104,0,평리로,0,0,2020-09-01
1560074702,1560022902,1560022900,75.65,104,0,평리로,0,0,2020-09-01
1560074801,1560022900,1560022902,75.64,104,0,평리로,0,0,2020-09-01
1560074802,1560022902,1560022500,168.32,104,0,평리로,0,0,2020-09-01
1560075100,1560022600,1560022700,198.58,104,0,평리로,0,0,2020-09-01
1560075200,1560022700,1560022600,198.58,104,0,평리로,0,0,2020-09-01
1560075300,1560022600,1560022800,123.24,104,2,선원로,0,0,2020-09-01
1560075400,1560022800,1560022600,123.24,104,2,선원로,0,0,2020-09-01
1560075701,1560022700,1560022704,137.45,104,0,평리로,0,0,2020-09-01
1560075702,1560022704,1560022900,150.48,104,0,평리로,0,0,2020-09-01
1560075801,1560022900,1560022704,150.53,104,0,평리로,0,0,2020-09-01
1560075802,1560022704,1560022700,137.4,104,0,평리로,0,0,2020-09-01
1560076102,1560023001,1560023000,159.83,104,0,선원로,0,0,2020-09-01
1560076103,1560022800,1560023004,56.58,104,0,선원로,0,0,2020-09-01
1560076104,1560023004,1560023001,29.35,104,0,선원로,0,0,2020-09-01
1560076201,1560023000,1560023001,159.84,104,0,선원로,0,0,2020-09-01
1560076203,1560023001,1560023004,29.35,104,0,선원로,0,0,2020-09-01
1560076204,1560023004,1560022800,56.58,104,0,선원로,0,0,2020-09-01
1560076700,1560023000,1560023100,509.04,104,0,선원로,0,0,2020-09-01
1560076800,1560023100,1560023000,509.04,104,0,선원로,0,0,2020-09-01
1560076902,1560023002,1560023500,111.48,104,0,새방로,0,0,2020-09-01
1560076903,1560023000,1560023003,197.19,104,0,새방로,0,0,2020-09-01
1560076904,1560023003,1560023002,88.46,104,0,새방로,0,0,2020-09-01
1560077001,1560023500,1560023002,113.33,104,0,새방로,0,0,2020-09-01
1560077003,1560023002,1560023003,89.21,104,0,새방로,0,0,2020-09-01
1560077004,1560023003,1560023000,200.75,104,0,새방로,0,0,2020-09-01
1560077101,1560023100,1560023101,99.92,104,0,선원로,0,0,2020-09-01
1560077103,1560023101,1560023102,151.65,104,0,선원로,0,0,2020-09-01
1560077105,1560023102,1560023103,143.45,104,0,선원로,0,0,2020-09-01
1560077106,1560023103,1560023200,335.65,104,0,선원로,0,0,2020-09-01
1560077202,1560023101,1560023100,100,104,0,선원로,0,0,2020-09-01
1560077204,1560023102,1560023101,151.65,104,0,선원로,0,0,2020-09-01
1560077205,1560023200,1560023103,335.56,104,0,선원로,0,0,2020-09-01
1560077206,1560023103,1560023102,143.45,104,0,선원로,0,0,2020-09-01
1560077304,1560023202,1560023201,210.05,104,0,선원로,0,0,2020-09-01
1560077305,1560023200,1560023203,181.64,104,0,선원로,0,0,2020-09-01
1560077306,1560023203,1560023202,126.46,104,0,선원로,0,0,2020-09-01
1560077307,1560023201,1560023204,130.58,104,0,선원로,0,0,2020-09-01
1560077308,1560023204,1560023300,25.64,104,0,선원로,0,0,2020-09-01
1560077403,1560023201,1560023202,210.05,104,0,선원로,0,0,2020-09-01
1560077405,1560023202,1560023203,126.46,104,0,선원로,0,0,2020-09-01
1560077406,1560023203,1560023200,181.73,104,0,선원로,0,0,2020-09-01
1560077407,1560023300,1560023204,25.56,104,0,선원로,0,0,2020-09-01
1560077408,1560023204,1560023201,130.57,104,0,선원로,0,0,2020-09-01
1560077701,1560023400,1560113200,602.26,104,0,달서대로,0,0,2020-09-01
1560077702,1560113200,1570203400,404.8,104,0,서재로,0,0,2020-09-01
1560077803,1570203200,1560113200,354.57,104,2,달서대로,0,0,2020-09-01
1560077804,1560113200,1560023400,595.76,104,0,달서대로,0,0,2020-09-01
1560078500,1560007500,1560025700,315.45,104,0,성서로,0,0,2020-09-01
1560078600,1560025700,1560008500,305.14,104,0,성서로,0,0,2020-09-01
1560078700,1560008500,1560025700,304.95,104,0,성서로,0,0,2020-09-01
1560078800,1560025700,1560007500,315.45,104,0,성서로,0,0,2020-09-01
1560079001,1560025500,1560025501,208.76,104,0,성서동로,0,0,2020-09-01
1560079002,1560025501,1560008700,287.24,104,0,성서동로,0,0,2020-09-01
1560079101,1560008700,1560025501,279.13,104,0,성서동로,0,0,2020-09-01
1560079102,1560025501,1560025500,206.3,104,0,성서동로,0,0,2020-09-01
1560079300,1560008500,1560026300,296.78,104,0,성서로,0,0,2020-09-01
1560079400,1560026300,1560010700,278.12,104,0,성서로,0,0,2020-09-01
1560079500,1560010700,1560026300,278.24,104,0,성서로,0,0,2020-09-01
1560079600,1560026300,1560008500,296.88,104,0,성서로,0,0,2020-09-01
1560079700,1560017400,1560027300,286.16,104,0,성서공단북로,0,0,2020-09-01
1560079800,1560027300,1560017300,50,104,0,성서공단북로,0,0,2020-09-01
1560079900,1560017300,1560027300,49.99,104,0,성서공단북로,0,0,2020-09-01
1560080000,1560027300,1560017400,286.15,104,0,성서공단북로,0,0,2020-09-01
1560080100,1560002700,1560028400,324.34,103,0,달구벌대로,0,0,2020-09-01
1560080200,1560028400,1560003200,378.91,103,0,달구벌대로,0,0,2020-09-01
1560080301,1560151100,1570014801,278.03,103,0,비슬로,0,0,2020-09-01
1560080302,1570014801,1570014800,70.96,103,0,비슬로,0,0,2020-09-01
1560080401,1560007500,1560114400,367.36,104,0,성서로,0,0,2020-09-01
1560080402,1560114400,1560113900,244.03,104,0,성서로,0,0,2020-09-01
1560080403,1560113900,1560024900,220.26,104,0,성서로,0,0,2020-09-01
1560080500,1560024900,1560007001,966.59,104,0,달서대로,0,0,2020-09-01
1560080600,1560007001,1560024900,976.56,104,0,달서대로,0,0,2020-09-01
1560080701,1560024900,1560113900,228.3,104,0,성서로,0,0,2020-09-01
1560080702,1560113900,1560114400,243.72,104,0,성서로,0,0,2020-09-01
1560080703,1560114400,1560007500,374.68,104,0,성서로,0,0,2020-09-01
1560080801,1560027700,1560016704,177.93,104,0,용산로,0,0,2020-09-01
1560080802,1560016704,1560016700,163.32,104,0,용산로,0,0,2020-09-01
1560080901,1560016700,1560016704,162.95,104,0,용산로,0,0,2020-09-01
1560080902,1560016704,1560027700,177.94,104,0,용산로,0,0,2020-09-01
1560081000,1560002000,1560027900,136.7,104,0,용산로,0,0,2020-09-01
1560081100,1560027900,1560027700,173.04,104,0,용산로,0,0,2020-09-01
1560081200,1560027700,1560027900,173.04,104,0,용산로,0,0,2020-09-01
1560081300,1560027900,1560002000,138.04,104,0,용산로,0,0,2020-09-01
1560081500,1560028200,1560018300,480.88,104,0,야외음악당로,0,0,2020-09-01
1560081600,1560018300,1560028200,480.79,104,0,야외음악당로,0,0,2020-09-01
1560081800,1560018500,1560028100,299.65,104,0,당산로,0,0,2020-09-01
1560081902,1560011301,1560011300,138.2,104,0,용산로,0,0,2020-09-01
1560081903,1560027200,1560011302,225.46,104,0,용산로,0,0,2020-09-01
1560081904,1560011302,1560011301,163.9,104,0,용산로,0,0,2020-09-01
1560082400,1560011800,1560026900,406.91,104,0,구마로,0,0,2020-09-01
1560086200,1560028100,1560020300,358.73,104,0,당산로,0,0,2020-09-01
1560086300,1560020300,1560028100,365.71,104,0,당산로,0,0,2020-09-01
1560086400,1560028100,1560018500,292.86,104,0,당산로,0,0,2020-09-01
1560086500,1560018300,1560027500,122.26,104,0,야외음악당로,0,0,2020-09-01
1560086601,1560027500,1560016401,27.86,104,0,야외음악당로,0,0,2020-09-01
1560086602,1560016401,1560016400,205.48,104,0,야외음악당로,0,0,2020-09-01
1560086701,1560016400,1560016401,206.8,104,0,야외음악당로,0,0,2020-09-01
1560086702,1560016401,1560027500,28.78,104,0,야외음악당로,0,0,2020-09-01
1560086800,1560027500,1560018300,122.97,104,0,야외음악당로,0,0,2020-09-01
1560086900,1560018200,1560027800,102.07,104,0,와룡로,0,0,2020-09-01
1560087000,1560027800,1560002100,338.84,104,0,와룡로,0,0,2020-09-01
1560087100,1560002100,1560027800,339.42,104,0,와룡로,0,0,2020-09-01
1560087200,1560027800,1560018200,101.28,104,0,와룡로,0,0,2020-09-01
1560087301,1560011300,1560011301,137.69,104,0,용산로,0,0,2020-09-01
1560087303,1560011301,1560011302,163.9,104,0,용산로,0,0,2020-09-01
1560087304,1560011302,1560027200,225.86,104,0,용산로,0,0,2020-09-01
1560087400,1560027200,1560016700,181.39,104,0,용산로,0,0,2020-09-01
1560087500,1560016700,1560027200,181.14,104,0,용산로,0,0,2020-09-01
1560090700,1560003200,1560028400,378.69,103,0,달구벌대로,0,0,2020-09-01
1560090800,1560028400,1560002700,321.94,103,0,달구벌대로,0,0,2020-09-01
1560091700,1560023400,1560029900,329.4,104,0,선원로,0,0,2020-09-01
1560091802,1560023301,1560023300,119.46,104,0,선원로,0,0,2020-09-01
1560091803,1560029900,1560023302,129.4,104,0,선원로,0,0,2020-09-01
1560091804,1560023302,1560023301,121.98,104,0,선원로,0,0,2020-09-01
1560091901,1560023300,1560023301,119.28,104,0,선원로,0,0,2020-09-01
1560091903,1560023301,1560023302,121.98,104,0,선원로,0,0,2020-09-01
1560091904,1560023302,1560029900,129.64,104,0,선원로,0,0,2020-09-01
1560092000,1560029900,1560023400,329.35,104,0,선원로,0,0,2020-09-01
1560092700,1560003000,1560028300,231.34,103,0,달구벌대로,0,0,2020-09-01
1560092800,1560028300,1560002300,555.38,103,0,달구벌대로,0,0,2020-09-01
1560092900,1560026900,1560011700,301.2,104,0,구마로,0,0,2020-09-01
1560093000,1560011700,1560026900,301.01,104,0,구마로,0,0,2020-09-01
1560093100,1560026900,1560011800,407.64,104,0,구마로,0,0,2020-09-01
1560093601,1560010000,1560026601,183.49,104,0,학산로,0,0,2020-09-01
1560093602,1560026601,1560026600,186.3,104,0,학산로,0,0,2020-09-01
1560093700,1560026600,1560009900,363.98,104,0,학산로,0,0,2020-09-01
1560093800,1560009900,1560026600,363.99,104,0,학산로,0,0,2020-09-01
1560093901,1560026600,1560026601,186.18,104,0,학산로,0,0,2020-09-01
1560093902,1560026601,1560010000,183.77,104,0,학산로,0,0,2020-09-01
1560094401,1560011700,1560026802,185.4,104,0,구마로,0,0,2020-09-01
1560094402,1560026802,1560026800,178.46,104,0,구마로,0,0,2020-09-01
1560094500,1560026800,1560011100,371.35,104,0,구마로,0,0,2020-09-01
1560094600,1560011100,1560026800,371.17,104,0,구마로,0,0,2020-09-01
1560094701,1560026800,1560026802,178.28,104,0,구마로,0,0,2020-09-01
1560094702,1560026802,1560011700,185.93,104,0,구마로,0,0,2020-09-01
1560095201,1560028200,1560028201,428.75,104,0,야외음악당로,0,0,2020-09-01
1560095202,1560028201,1560029100,346.44,104,0,야외음악당로,0,0,2020-09-01
1560095300,1560029100,1560029800,598.82,104,0,야외음악당로,0,0,2020-09-01
1560095400,1560029800,1560029100,597.31,104,0,야외음악당로,0,0,2020-09-01
1560095501,1560029100,1560028201,348.59,104,0,야외음악당로,0,0,2020-09-01
1560095502,1560028201,1560028200,425.23,104,0,야외음악당로,0,0,2020-09-01
1560097700,1560001100,1560026100,183.24,103,0,월배로,0,0,2020-09-01
1560097800,1560026100,1560001200,345.44,103,0,월배로,0,0,2020-09-01
1560097900,1560001200,1560026100,345.15,103,0,월배로,0,0,2020-09-01
1560098000,1560026100,1560001100,185.24,103,0,월배로,0,0,2020-09-01
1560098100,1560007900,1560025600,163.2,104,0,학산로,0,0,2020-09-01
1560098200,1560025600,1560008200,247.58,104,0,학산로,0,0,2020-09-01
1560098300,1560008200,1560025600,247.01,104,0,학산로,0,0,2020-09-01
1560098400,1560025600,1560007900,161.52,104,0,학산로,0,0,2020-09-01
1560098500,1560007800,1560025300,935.85,104,0,학산남로,0,0,2020-09-01
1560098600,1560025300,1560007300,137.37,104,0,학산남로,0,0,2020-09-01
1560098700,1560007300,1560025300,142.45,104,0,학산남로,0,0,2020-09-01
1560098800,1560025300,1560007800,928.42,104,0,학산남로,0,0,2020-09-01
1560098900,1560000600,1560025000,151.45,103,0,월배로,0,0,2020-09-01
1560099000,1560025000,1560000800,206.65,103,0,월배로,0,0,2020-09-01
1560099100,1560000800,1560025000,208.51,103,0,월배로,0,0,2020-09-01
1560099200,1560025000,1560000600,147.7,103,0,월배로,0,0,2020-09-01
1560099302,1560024801,1560024800,159.09,104,0,상인로,0,0,2020-09-01
1560099303,1560000800,1560024802,225.32,104,0,상인로,0,0,2020-09-01
1560099304,1560024802,1560024801,303.97,104,0,상인로,0,0,2020-09-01
1560099400,1560024800,1560006000,173.09,104,0,상인로,0,0,2020-09-01
1560099500,1560006000,1560024800,173.08,104,0,상인로,0,0,2020-09-01
1560099601,1560024800,1560024801,156.63,104,0,상인로,0,0,2020-09-01
1560099603,1560024801,1560024802,305.65,104,0,상인로,0,0,2020-09-01
1560099604,1560024802,1560000800,224.81,104,0,상인로,0,0,2020-09-01
1560099700,1560005700,1560024500,133.69,104,0,상화북로,0,0,2020-09-01
1560099800,1560002300,1560028300,556.93,103,0,달구벌대로,0,0,2020-09-01
1560099900,1560028300,1560003000,229.71,103,0,달구벌대로,0,0,2020-09-01
1560100000,1560020200,1560028800,157.07,104,0,성서동로,0,0,2020-09-01
1560100100,1560028800,1560021400,156.28,104,0,성서동로,0,0,2020-09-01
1560100200,1560021400,1560028800,158.82,104,0,성서동로,0,0,2020-09-01
1560100300,1560028800,1560020200,155.66,104,0,성서동로,0,0,2020-09-01
1560100900,1560009600,1560026700,311.64,104,0,학산로,0,0,2020-09-01
1560101000,1560010000,1560026700,305.8,104,0,학산로,0,0,2020-09-01
1560101100,1560026700,1560010000,305.68,104,0,학산로,0,0,2020-09-01
1560101200,1560026700,1560009600,314.31,104,0,학산로,0,0,2020-09-01
1560101901,1560022400,1560029701,134,104,0,용산로,0,0,2020-09-01
1560101902,1560029701,1560029700,41.26,104,0,용산로,0,0,2020-09-01
1560102001,1560024500,1560024501,101.79,104,0,상화북로,0,0,2020-09-01
1560102002,1560024501,1560006000,136.38,104,0,상화북로,0,0,2020-09-01
1560102101,1560006000,1560024501,138.67,104,0,상화북로,0,0,2020-09-01
1560102102,1560024501,1560024500,101.25,104,0,상화북로,0,0,2020-09-01
1560102200,1560024500,1560005700,129.97,104,0,상화북로,0,0,2020-09-01
1560102300,1560005800,1560024400,809.73,104,0,앞산순환로,0,0,2020-09-01
1560102400,1560024400,1560004900,168.94,104,0,앞산순환로,0,0,2020-09-01
1560102500,1560004900,1560024400,187.28,104,0,앞산순환로,0,0,2020-09-01
1560102600,1560024400,1560005800,793.97,104,0,앞산순환로,0,0,2020-09-01
1560102701,1560004700,1560004703,246.07,104,0,상화로,0,0,2020-09-01
1560102702,1560004703,1560024300,146.79,104,0,상화로,0,0,2020-09-01
1560102800,1560024300,1560004900,173.9,104,0,상화로,0,0,2020-09-01
1560102900,1560004900,1560024300,169.5,104,0,상화로,0,0,2020-09-01
1560103001,1560024300,1560004703,151.19,104,0,상화로,0,0,2020-09-01
1560103002,1560004703,1560004700,245.56,104,0,상화로,0,0,2020-09-01
1560103100,1560006600,1560025100,365.34,104,0,조암남로,0,0,2020-09-01
1560103203,1560117100,1560117101,185.53,104,0,조암남로,0,0,2020-09-01
1560103204,1560117101,1560007300,216.16,104,0,조암남로,0,0,2020-09-01
1560103206,1560025101,1560117100,112.84,104,0,조암남로,0,0,2020-09-01
1560103207,1560025100,1560025103,189.6,104,0,조암남로,0,0,2020-09-01
1560103208,1560025103,1560025101,26.21,104,0,조암남로,0,0,2020-09-01
1560103303,1560007300,1560117101,216.19,104,0,조암남로,0,0,2020-09-01
1560103304,1560117101,1560117100,190.47,104,0,조암남로,0,0,2020-09-01
1560103305,1560117100,1560025101,107.89,104,0,조암남로,0,0,2020-09-01
1560103307,1560025101,1560025103,26.21,104,0,조암남로,0,0,2020-09-01
1560103308,1560025103,1560025100,194.71,104,0,조암남로,0,0,2020-09-01
1560103400,1560025100,1560006600,362.33,104,0,조암남로,0,0,2020-09-01
1560103500,1560000300,1560024700,243.84,103,0,월배로,0,0,2020-09-01
1560103600,1560024700,1560000400,617.04,103,0,월배로,0,0,2020-09-01
1560103700,1560000400,1560024700,616.79,103,0,월배로,0,0,2020-09-01
1560103800,1560024700,1560000300,242.32,103,0,월배로,0,0,2020-09-01
1560103901,1560005100,1560023901,121.08,104,0,한실로,0,0,2020-09-01
1560103902,1560023901,1560023900,86.31,104,0,한실로,0,0,2020-09-01
1560104000,1560023900,1560004600,300.63,104,0,한실로,0,0,2020-09-01
1560104100,1560004600,1560023900,300.25,104,0,한실로,0,0,2020-09-01
1560104201,1560021100,1560021101,169.1,104,0,용산로,0,0,2020-09-01
1560104202,1560021101,1560029700,45.2,104,0,용산로,0,0,2020-09-01
1560104301,1560029700,1560021101,45.37,104,0,용산로,0,0,2020-09-01
1560104302,1560021101,1560021100,168.94,104,0,용산로,0,0,2020-09-01
1560104401,1560029700,1560029701,40.85,104,0,용산로,0,0,2020-09-01
1560104402,1560029701,1560022400,134.42,104,0,용산로,0,0,2020-09-01
1560105701,1560007900,1560025401,66.74,104,0,조암로,0,0,2020-09-01
1560105703,1560025401,1560025403,18.87,104,0,조암로,0,0,2020-09-01
1560105704,1560025403,1560025400,196.9,104,0,조암로,0,0,2020-09-01
1560105802,1560025401,1560007900,67.59,104,0,조암로,0,0,2020-09-01
1560105803,1560025400,1560025403,191.94,104,0,조암로,0,0,2020-09-01
1560105804,1560025403,1560025401,18.87,104,0,조암로,0,0,2020-09-01
1560105900,1560007100,1560025200,341.93,104,0,조암로,0,0,2020-09-01
1560106000,1560025200,1560007100,339.09,104,0,조암로,0,0,2020-09-01
1560106102,1560116900,1560025400,185.79,104,0,조암로,0,0,2020-09-01
1560106103,1560025200,1560025201,116.9,104,0,조암로,0,0,2020-09-01
1560106104,1560025201,1560116900,233.72,104,0,조암로,0,0,2020-09-01
1560106201,1560025400,1560116900,183.69,104,0,조암로,0,0,2020-09-01
1560106203,1560116900,1560025201,230.91,104,0,조암로,0,0,2020-09-01
1560106204,1560025201,1560025200,121.02,104,0,조암로,0,0,2020-09-01
1560106703,1560024000,1560083301,157.49,104,0,화암로,0,0,2020-09-01
1560106704,1560083301,1560083300,32.5,104,0,화암로,0,0,2020-09-01
1560106705,1560083300,1560023701,134.37,104,0,테크노폴리스로,0,0,2020-09-01
1560106706,1560023701,1560023700,96.89,104,0,테크노폴리스로,0,0,2020-09-01
1560107003,1560083300,1560083301,32.82,104,0,화암로,0,0,2020-09-01
1560107004,1560083301,1560024000,156.97,104,0,화암로,0,0,2020-09-01
1560107005,1560023700,1560023701,98.87,104,0,테크노폴리스로,0,0,2020-09-01
1560107006,1560023701,1560083300,138.8,104,0,테크노폴리스로,0,0,2020-09-01
1560107101,1560023900,1560023901,80.03,104,0,한실로,0,0,2020-09-01
1560107102,1560023901,1560005100,116.49,104,0,한실로,0,0,2020-09-01
1560107200,1560004600,1560023800,196.06,104,0,도원남로,0,0,2020-09-01
1560107301,1560023800,1560004302,135.78,104,0,도원남로,0,0,2020-09-01
1560107302,1560004302,1560004300,279.04,104,0,도원남로,0,0,2020-09-01
1560107401,1560004300,1560004302,273.6,104,0,도원남로,0,0,2020-09-01
1560107402,1560004302,1560023800,120.72,104,0,도원남로,0,0,2020-09-01
1560107500,1560023800,1560004600,197.41,104,0,도원남로,0,0,2020-09-01
1560107601,1560024000,1560024001,294.23,104,0,상화로,0,0,2020-09-01
1560107602,1560024001,1560005100,316.55,104,0,상화로,0,0,2020-09-01
1560107701,1560005100,1560024001,315.74,104,0,상화로,0,0,2020-09-01
1560107702,1560024001,1560024000,291.46,104,0,상화로,0,0,2020-09-01
1560107801,1560151100,1560024201,252.22,104,0,상화로,0,0,2020-09-01
1560107802,1560024201,1560024200,134.17,104,0,상화로,0,0,2020-09-01
1560107900,1560024200,1560024000,195.4,104,0,상화로,0,0,2020-09-01
1560108000,1560024000,1560024200,182.36,104,0,상화로,0,0,2020-09-01
1560108101,1560024200,1560024201,134.61,104,0,상화로,0,0,2020-09-01
1560108102,1560024201,1560151100,257.63,104,0,상화로,0,0,2020-09-01
1560108200,1560004700,1560004900,567.58,104,1,상화로,0,5,2020-09-01
1560108300,1560004900,1560004700,569.82,104,1,상화로,0,5,2020-09-01
1560108400,1560030000,1560004900,434.21,104,0,앞산터널로,0,5,2020-09-01
1560108500,1560004900,1560030000,432.84,104,0,앞산터널로,0,5,2020-09-01
1560246600,1560083200,1560083100,77.68,104,0,테크노폴리스로,0,5,2020-09-01
1560246700,1560083100,1560083200,78.66,104,0,테크노폴리스로,0,5,2020-09-01
1560246800,1560023700,1560083200,182.87,104,0,테크노폴리스로,0,0,2020-09-01
1560247000,1560083200,1560023700,196.71,104,0,테크노폴리스로,0,0,2020-09-01
1560300300,1560024900,1560097800,267.04,104,0,달서대로,0,0,2020-09-01
1560300400,1560097800,1560024900,267,104,0,달서대로,0,0,2020-09-01
1560300502,1560098000,1570204501,121.89,104,0,성천로,0,0,2020-09-01
1560300503,1570204501,1570204500,135.79,104,0,성천로,0,0,2020-09-01
1560300603,1570204500,1570204501,134.12,104,0,성천로,0,0,2020-09-01
1560300604,1570204501,1560098000,121.97,104,0,성천로,0,0,2020-09-01
1560300700,1560097800,1560097900,158.82,104,0,달서대로,0,0,2020-09-01
1560300800,1560097900,1560097800,158.91,104,0,달서대로,0,0,2020-09-01
1560300900,1560098100,1570186100,1041.16,101,0,중부내륙고속도로지선,0,5,2020-09-01
1560301000,1570186100,1560098100,1043.54,101,0,중부내륙고속도로지선,0,5,2020-09-01
1560301100,1560097900,1560098000,94.78,104,0,달서대로,0,0,2020-09-01
1560301200,1560098000,1560097900,94.33,104,0,달서대로,0,0,2020-09-01
1560301300,1560098100,1560097900,470.43,101,0,중부내륙고속도로지선,0,5,2020-09-01
1560301601,1560098200,1560007501,256.63,104,0,성서동로,0,0,2020-09-01
1560301602,1560007501,1560007500,207.2,104,0,성서동로,0,0,2020-09-01
1560301701,1560007500,1560007501,207.35,104,0,성서동로,0,0,2020-09-01
1560301702,1560007501,1560098200,267.19,104,0,성서동로,0,0,2020-09-01
1560302001,1560098000,1560150800,285.34,104,0,달서대로,0,0,2020-09-01
1560302003,1560150800,1560150900,231.98,104,0,달서대로,0,0,2020-09-01
1560302004,1560150900,1560151100,429.92,104,0,달서대로,0,0,2020-09-01
1560302102,1560150800,1560098000,282.52,104,0,달서대로,0,0,2020-09-01
1560302103,1560151100,1560150900,429.32,104,0,달서대로,0,0,2020-09-01
1560302104,1560150900,1560150800,234.29,104,0,달서대로,0,0,2020-09-01
1560302200,1560025500,1560098200,141.12,104,0,성서동로,0,0,2020-09-01
1560302300,1560098200,1560025500,138.38,104,0,성서동로,0,0,2020-09-01
1560302400,1560098200,1560098300,156.93,104,0,월암로,0,0,2020-09-01
1560302500,1560098300,1560098200,156.97,104,0,월암로,0,0,2020-09-01
1560302601,1560098300,1560115900,144.25,104,0,월암로,0,0,2020-09-01
1560302602,1560115900,1560007100,439.58,104,0,월암로,0,0,2020-09-01
1560302701,1560007100,1560115900,440.38,104,0,월암로,0,0,2020-09-01
1560302702,1560115900,1560098300,143.5,104,0,월암로,0,0,2020-09-01
1560303001,1560001300,1560116800,705.98,101,0,중부내륙고속도로지선,0,5,2020-09-01
1560303002,1560116800,1560098100,1737.59,101,0,중부내륙고속도로지선,0,5,2020-09-01
1560303101,1560098100,1560116800,1737.95,101,0,중부내륙고속도로지선,0,5,2020-09-01
1560303102,1560116800,1560001300,709.83,101,0,중부내륙고속도로지선,0,5,2020-09-01
1560346700,1570203000,1560113200,470.84,104,0,달서대로,0,0,2020-09-01
1560347000,1560113200,1570203000,477.03,104,0,달서대로,0,0,2020-09-01
1560482400,1570295100,1560030000,2306.18,104,4,앞산터널로,0,5,2020-09-01
1560482500,1560030000,1570295100,2308.1,104,4,앞산터널로,0,5,2020-09-01
1560482600,1570014800,1570014801,72.7,103,0,비슬로,0,0,2020-09-01
1560482700,1570014801,1560151100,276.41,103,0,비슬로,0,0,2020-09-01
1560482800,1530000500,1560029100,1172.08,103,0,두류공원로,0,0,2020-09-01
1560482900,1560029100,1530000500,1169.5,103,0,두류공원로,0,0,2020-09-01
1560483000,1530006900,1560029800,974.63,104,0,파도고개로,0,0,2020-09-01
1560483100,1560029800,1530006900,976.87,104,0,파도고개로,0,0,2020-09-01
1560483200,1560004000,1560151300,1176.35,101,0,중부내륙고속도로지선,0,5,2020-09-01
1560483300,1560151300,1560004000,1188.75,101,0,중부내륙고속도로지선,0,5,2020-09-01
1560483400,1560029100,1520000200,363.81,103,0,두류공원로,0,0,2020-09-01
1560483500,1520000200,1560029100,367.73,103,0,두류공원로,0,0,2020-09-01
1560483600,1560029800,1520000300,357.54,104,0,파도고개로,0,0,2020-09-01
1560483700,1520000300,1560029800,362.85,104,0,파도고개로,0,0,2020-09-01
1560483800,1500002000,1520000500,324.01,104,0,명덕로,0,0,2020-09-01
1560483900,1520000500,1500002000,326.98,104,0,명덕로,0,0,2020-09-01
1560484400,1560023500,1560151400,545.74,104,0,새방로,0,0,2020-09-01
1560484500,1560151400,1560023500,552.02,104,0,새방로,0,0,2020-09-01
1570000102,1570013000,1570013100,158.2,104,0,국가산단북로,0,0,2020-09-01
1570000152,1570064400,1570064401,178.41,104,0,국가산단북로,0,0,2020-09-01
1570000153,1570064401,1570013000,409.44,104,0,국가산단북로,0,0,2020-09-01
1570000202,1570013100,1570013000,154.96,104,0,국가산단북로,0,0,2020-09-01
1570000252,1570013000,1570064401,412.81,104,0,국가산단북로,0,0,2020-09-01
1570000253,1570064401,1570064400,174.84,104,0,국가산단북로,0,0,2020-09-01
1570001101,1570064800,1570000500,2083.8,103,0,비슬로,0,0,2020-09-01
1570001201,1570000500,1570064800,2080.91,103,0,비슬로,0,0,2020-09-01
1570002711,1570001200,1570140100,339.46,103,0,비슬로,0,0,2020-09-01
1570002721,1570140100,1570001400,868.8,103,0,비슬로,0,0,2020-09-01
1570002811,1570001400,1570140100,860.86,103,0,비슬로,0,0,2020-09-01
1570002821,1570140100,1570001200,338.89,103,0,비슬로,0,0,2020-09-01
1570003302,1570002000,1570001404,251.37,104,0,현풍중앙로,0,0,2020-09-01
1570003304,1570001404,1570001405,257.82,104,0,현풍중앙로,0,0,2020-09-01
1570003305,1570001405,1570001400,226.06,104,0,현풍중앙로,0,0,2020-09-01
1570003403,1570001404,1570002000,251.07,104,0,현풍중앙로,0,0,2020-09-01
1570003404,1570001400,1570001405,237.17,104,0,현풍중앙로,0,0,2020-09-01
1570003405,1570001405,1570001404,258.61,104,0,현풍중앙로,0,0,2020-09-01
1570003503,1570001401,1570001700,65.29,103,0,비슬로,0,0,2020-09-01
1570003505,1570001402,1570001401,182.3,103,0,비슬로,0,0,2020-09-01
1570003506,1570001400,1570001403,480.98,103,0,비슬로,0,0,2020-09-01
1570003507,1570001403,1570001402,276.94,103,0,비슬로,0,0,2020-09-01
1570003602,1570001700,1570001401,66.13,103,0,비슬로,0,0,2020-09-01
1570003604,1570001401,1570001402,195.26,103,0,비슬로,0,0,2020-09-01
1570003606,1570001402,1570001403,277.44,103,0,비슬로,0,0,2020-09-01
1570003607,1570001403,1570001400,473.05,103,0,비슬로,0,0,2020-09-01
1570004300,1570002100,1570001700,101.66,103,3,비슬로,0,0,2020-09-01
1570004400,1570001700,1570002100,101.55,103,3,비슬로,0,0,2020-09-01
1570004700,1570002200,1570002000,63.57,104,3,현풍중앙로,0,0,2020-09-01
1570004800,1570002000,1570002200,64.66,104,3,현풍중앙로,0,0,2020-09-01
1570004900,1570002100,1570002400,613.67,103,0,비슬로,0,0,2020-09-01
1570005000,1570002400,1570002100,628.06,103,0,비슬로,0,0,2020-09-01
1570005101,1570002400,1570002201,418.09,104,0,현풍중앙로,0,0,2020-09-01
1570005102,1570002201,1570002200,306.6,104,0,현풍중앙로,0,0,2020-09-01
1570005201,1570002200,1570002201,310.2,104,0,현풍중앙로,0,0,2020-09-01
1570005202,1570002201,1570002400,414.37,104,0,현풍중앙로,0,0,2020-09-01
1570005500,1570002600,1570002500,33.82,103,2,비슬로,0,0,2020-09-01
1570005600,1570002500,1570002600,33.68,103,2,비슬로,0,0,2020-09-01
1570006700,1570002900,1570003000,411.45,103,0,비슬로,0,0,2020-09-01
1570006800,1570003000,1570002900,404.89,103,0,비슬로,0,0,2020-09-01
1570006921,1570062100,1570004300,763.3,103,0,비슬로,0,0,2020-09-01
1570006923,1570003006,1570062100,1406.44,103,0,비슬로,0,0,2020-09-01
1570006924,1570003000,1570003007,1758.34,103,0,비슬로,0,0,2020-09-01
1570006925,1570003007,1570003006,1222.48,103,0,비슬로,0,0,2020-09-01
1570007011,1570004300,1570062100,767.3,103,0,비슬로,0,0,2020-09-01
1570007022,1570062100,1570003006,1409.58,103,0,비슬로,0,0,2020-09-01
1570007024,1570003006,1570003007,1220.04,103,0,비슬로,0,0,2020-09-01
1570007025,1570003007,1570003000,1754.56,103,0,비슬로,0,0,2020-09-01
1570009500,1570004500,1570004100,1367.41,101,0,중부내륙고속도로지선,0,5,2020-09-01
1570009600,1570004100,1570004500,1366.65,101,0,중부내륙고속도로지선,0,5,2020-09-01
1570009700,1570004400,1570004500,433.89,101,0,중부내륙고속도로지선,0,5,2020-09-01
1570009800,1570004500,1570004400,470.66,101,0,중부내륙고속도로지선,0,5,2020-09-01
1570010500,1570004500,1570005200,2355.74,101,0,중부내륙고속도로지선,0,5,2020-09-01
1570010600,1570005200,1570004500,2355.44,101,0,중부내륙고속도로지선,0,5,2020-09-01
1570011500,1570005300,1570005400,108.16,103,3,비슬로,0,0,2020-09-01
1570011600,1570005400,1570005300,106.32,103,3,비슬로,0,0,2020-09-01
1570011701,1570005400,1570188300,261.82,103,0,비슬로,0,0,2020-09-01
1570011801,1570188300,1570005400,263.35,103,0,비슬로,0,0,2020-09-01
1570012900,1570188500,1570005800,363.48,103,0,비슬로,0,0,2020-09-01
1570013000,1570005800,1570188500,366.2,103,0,비슬로,0,0,2020-09-01
1570013301,1570005800,1570005801,504.92,103,0,비슬로,0,0,2020-09-01
1570013302,1570005801,1570006500,201.11,103,0,비슬로,0,0,2020-09-01
1570013401,1570006500,1570005801,203.65,103,0,비슬로,0,0,2020-09-01
1570013402,1570005801,1570005800,502.35,103,0,비슬로,0,0,2020-09-01
1570013700,1570295000,1570294900,255.69,104,0,명천로,0,0,2020-09-01
1570013800,1570294900,1570295000,256.17,104,0,명천로,0,0,2020-09-01
1570014100,1570006400,1570006300,323.31,101,0,중부내륙고속도로지선,0,5,2020-09-01
1570014200,1570006300,1570188400,457.93,101,0,중부내륙고속도로지선,0,5,2020-09-01
1570014300,1570006300,1570188600,429.51,101,0,중부내륙고속도로지선,0,5,2020-09-01
1570014400,1570006700,1570006300,527.18,101,0,중부내륙고속도로지선,0,5,2020-09-01
1570014500,1570006700,1570188400,388.34,101,0,중부내륙고속도로지선,0,5,2020-09-01
1570014600,1570006400,1570188600,679.83,101,0,중부내륙고속도로지선,0,5,2020-09-01
1570014702,1570006502,1570006800,209.33,103,0,비슬로,0,0,2020-09-01
1570014703,1570006500,1570006503,70.1,103,0,비슬로,0,0,2020-09-01
1570014704,1570006503,1570006502,303.97,103,0,비슬로,0,0,2020-09-01
1570014801,1570006800,1570006502,211.84,103,0,비슬로,0,0,2020-09-01
1570014803,1570006502,1570006503,304.16,103,0,비슬로,0,0,2020-09-01
1570014804,1570006503,1570006500,67.4,103,0,비슬로,0,0,2020-09-01
1570014900,1570006800,1570006900,96.67,103,3,비슬로,0,0,2020-09-01
1570015000,1570006900,1570006800,96.98,103,3,비슬로,0,0,2020-09-01
1570015701,1570007500,1570007501,55.09,105,3,파동로,0,0,2020-09-01
1570015702,1570007501,1570007502,80.63,105,0,가창로,0,0,2020-09-01
1570015801,1570007501,1570007500,62.22,105,3,파동로,0,0,2020-09-01
1570015802,1570007502,1570007501,89.16,105,0,가창로,0,0,2020-09-01
1570017102,1570008700,1570008701,190.34,103,0,달구벌대로,0,0,2020-09-01
1570017104,1570008701,1570008702,85.86,103,0,달구벌대로,0,0,2020-09-01
1570017106,1570008702,1570008703,622.99,103,0,달구벌대로,0,0,2020-09-01
1570017111,1570008706,1570008900,275.58,103,0,달구벌대로,0,0,2020-09-01
1570017112,1570008703,1570008707,1167.75,103,0,달구벌대로,0,0,2020-09-01
1570017113,1570008707,1570008705,897.28,103,0,달구벌대로,0,0,2020-09-01
1570017114,1570008705,1570008708,52.98,103,0,달구벌대로,0,0,2020-09-01
1570017115,1570008708,1570008706,329.77,103,0,달구벌대로,0,0,2020-09-01
1570017203,1570008701,1570008700,189.32,103,0,달구벌대로,0,0,2020-09-01
1570017205,1570008702,1570008701,84.39,103,0,달구벌대로,0,0,2020-09-01
1570017207,1570008703,1570008702,617.21,103,0,달구벌대로,0,0,2020-09-01
1570017210,1570008900,1570008706,285.52,103,0,달구벌대로,0,0,2020-09-01
1570017212,1570008705,1570008707,903.26,103,0,달구벌대로,0,0,2020-09-01
1570017213,1570008707,1570008703,1145.24,103,0,달구벌대로,0,0,2020-09-01
1570017214,1570008706,1570008708,334.09,103,0,달구벌대로,0,0,2020-09-01
1570017215,1570008708,1570008705,53.62,103,0,달구벌대로,0,0,2020-09-01
1570017902,1570008800,1570201101,174.7,103,0,달구벌대로,0,0,2020-09-01
1570017903,1570201101,1570201100,174.23,103,0,달구벌대로,0,0,2020-09-01
1570018002,1570201100,1570201101,173.47,103,0,달구벌대로,0,0,2020-09-01
1570018003,1570201101,1570008800,172.67,103,0,달구벌대로,0,0,2020-09-01
1570018901,1570008900,1570008801,135.48,103,0,달구벌대로,0,0,2020-09-01
1570018902,1570008801,1570008800,80.25,103,0,달구벌대로,0,0,2020-09-01
1570019001,1570008800,1570008801,81.48,103,0,달구벌대로,0,0,2020-09-01
1570019002,1570008801,1570008900,136.93,103,0,달구벌대로,0,0,2020-09-01
1570021700,1570000500,1570010300,555.55,103,0,비슬로,0,0,2020-09-01
1570021800,1570010300,1570000500,557.64,103,0,비슬로,0,0,2020-09-01
1570021901,1570013100,1570013200,265.67,104,0,국가산단북로,0,0,2020-09-01
1570021903,1570013200,1570013201,175.15,104,0,국가산단북로,0,0,2020-09-01
1570021904,1570013201,1570010300,406.05,104,0,국가산단북로,0,0,2020-09-01
1570022001,1570013200,1570013100,263.77,104,0,국가산단북로,0,0,2020-09-01
1570022003,1570010300,1570013201,409.57,104,0,국가산단북로,0,0,2020-09-01
1570022004,1570013201,1570013200,170.61,104,0,국가산단북로,0,0,2020-09-01
1570022300,1570010300,1570000800,145,104,0,국가산단북로,0,0,2020-09-01
1570022400,1570000800,1570010300,145,104,0,국가산단북로,0,0,2020-09-01
1570022500,1570010300,1570001200,709.87,103,0,비슬로,0,0,2020-09-01
1570022600,1570001200,1570010300,714.11,103,0,비슬로,0,0,2020-09-01
1570022901,1570003000,1570003001,969.46,104,0,논공로,0,0,2020-09-01
1570022903,1570003001,1570003002,397.08,104,0,논공로,0,0,2020-09-01
1570022907,1570003002,1570003004,227.29,104,0,논공로,0,0,2020-09-01
1570022908,1570003004,1570003003,132.24,104,0,논공로,0,0,2020-09-01
1570022909,1570003003,1570003005,637.35,104,0,논공로,0,0,2020-09-01
1570022910,1570003005,1570010700,1404.89,104,0,논공로,0,0,2020-09-01
1570023002,1570003001,1570003000,968.07,104,0,논공로,0,0,2020-09-01
1570023004,1570003002,1570003001,397.18,104,0,논공로,0,0,2020-09-01
1570023007,1570003003,1570003004,132.26,104,0,논공로,0,0,2020-09-01
1570023008,1570003004,1570003002,220.61,104,0,논공로,0,0,2020-09-01
1570023009,1570010700,1570003005,1429.89,104,0,논공로,0,0,2020-09-01
1570023010,1570003005,1570003003,637.6,104,0,논공로,0,0,2020-09-01
1570023301,1570010500,1570010501,58.99,104,0,논공중앙로,0,0,2020-09-01
1570023302,1570010501,1570010700,818.47,104,0,논공중앙로,0,0,2020-09-01
1570023401,1570010700,1570010501,820.84,104,0,논공중앙로,0,0,2020-09-01
1570023402,1570010501,1570010500,56.62,104,0,논공중앙로,0,0,2020-09-01
1570024500,1570010900,1570004400,2741.01,101,0,중부내륙고속도로지선,0,5,2020-09-01
1570024600,1570004400,1570010900,2727.21,101,0,중부내륙고속도로지선,0,5,2020-09-01
1570025700,1570011400,1570011500,468.35,104,0,명천로,0,0,2020-09-01
1570025800,1570011500,1570011400,474.25,104,0,명천로,0,0,2020-09-01
1570025900,1570005800,1570295000,272.68,104,0,명천로,0,0,2020-09-01
1570026000,1570295000,1570005800,272.53,104,0,명천로,0,0,2020-09-01
1570027301,1570202800,1570011801,152.81,104,0,서재본길,0,0,2020-09-01
1570027302,1570011801,1570011800,935.62,104,0,서재본길,0,0,2020-09-01
1570027401,1570011800,1570011801,934.39,104,0,서재본길,0,0,2020-09-01
1570027402,1570011801,1570202800,151.05,104,0,서재본길,0,0,2020-09-01
1570027701,1570011800,1570011802,105.97,104,0,서재로,0,0,2020-09-01
1570027702,1570011802,1570011900,96.47,104,0,서재로,0,0,2020-09-01
1570027801,1570011900,1570011802,97.17,104,0,서재로,0,0,2020-09-01
1570027802,1570011802,1570011800,105.27,104,0,서재로,0,0,2020-09-01
1570027901,1570011900,1570011901,114.36,104,0,서재로,0,0,2020-09-01
1570027902,1570011901,1570012000,122.29,104,0,서재로,0,0,2020-09-01
1570028001,1570012000,1570011901,121.4,104,0,서재로,0,0,2020-09-01
1570028002,1570011901,1570011900,115.26,104,0,서재로,0,0,2020-09-01
1570028501,1570012000,1570012001,121.33,104,0,서재로,0,0,2020-09-01
1570028503,1570012001,1570012002,175.58,104,0,서재로,0,0,2020-09-01
1570028504,1570012002,1570012400,939.31,104,0,서재로,0,0,2020-09-01
1570028602,1570012001,1570012000,122.3,104,0,서재로,0,0,2020-09-01
1570028603,1570012400,1570012002,947.35,104,0,서재로,0,0,2020-09-01
1570028604,1570012002,1570012001,181.85,104,0,서재로,0,0,2020-09-01
1570029900,1570001100,1570012600,1182.79,101,0,중부내륙고속도로,0,5,2020-09-01
1570030200,1570012600,1570001100,1179.86,101,0,중부내륙고속도로,0,5,2020-09-01
1570030500,1570005600,1570005900,637.82,101,0,중부내륙고속도로지선,0,5,2020-09-01
1570030600,1570005900,1570005600,621.69,101,0,광주대구고속도로,0,5,2020-09-01
1570030801,1570013900,1570013701,283.94,104,0,논공로,0,0,2020-09-01
1570030802,1570013701,1570013700,595.62,104,0,논공로,0,0,2020-09-01
1570030901,1570013700,1570013701,595.25,104,0,논공로,0,0,2020-09-01
1570030902,1570013701,1570013900,287.18,104,0,논공로,0,0,2020-09-01
1570031004,1570013700,1570013702,309.53,104,0,논공중앙로34길,0,0,2020-09-01
1570031005,1570013702,1570013800,198.8,104,0,논공중앙로34길,0,0,2020-09-01
1570031104,1570013800,1570013702,198.49,104,0,논공중앙로34길,0,0,2020-09-01
1570031105,1570013702,1570013700,310.24,104,0,논공중앙로34길,0,0,2020-09-01
1570031201,1570013700,1570013501,495.92,104,0,논공로,0,0,2020-09-01
1570031202,1570013501,1570013500,2245.73,104,0,논공로,0,0,2020-09-01
1570031301,1570013500,1570013501,2260.92,104,0,논공로,0,0,2020-09-01
1570031302,1570013501,1570013700,487.82,104,0,논공로,0,0,2020-09-01
1570031601,1570014800,1570014601,198.64,103,0,비슬로,0,0,2020-09-01
1570031603,1570014601,1570014602,458.32,103,0,비슬로,0,0,2020-09-01
1570031604,1570014602,1570014600,149.62,103,0,비슬로,0,0,2020-09-01
1570031702,1570014601,1570014800,196.8,103,0,비슬로,0,0,2020-09-01
1570031703,1570014600,1570014602,156.15,103,0,비슬로,0,0,2020-09-01
1570031704,1570014602,1570014601,454.26,103,0,비슬로,0,0,2020-09-01
1570032301,1570013800,1570013801,586.9,104,0,논공중앙로,0,0,2020-09-01
1570032302,1570013801,1570010500,276.01,104,0,논공중앙로,0,0,2020-09-01
1570032402,1570002901,1570002900,959.6,104,0,논공중앙로,0,0,2020-09-01
1570032406,1570002903,1570002901,162.79,104,0,논공중앙로,0,0,2020-09-01
1570032407,1570002902,1570002904,106.16,104,0,논공중앙로,0,0,2020-09-01
1570032408,1570002904,1570002903,115.84,104,0,논공중앙로,0,0,2020-09-01
1570032409,1570013800,1570002905,180.94,104,0,논공중앙로,0,0,2020-09-01
1570032410,1570002905,1570002902,173.39,104,0,논공중앙로,0,0,2020-09-01
1570032501,1570002900,1570002901,963.97,104,0,논공중앙로,0,0,2020-09-01
1570032505,1570002901,1570002903,162.79,104,0,논공중앙로,0,0,2020-09-01
1570032507,1570002903,1570002904,115.84,104,0,논공중앙로,0,0,2020-09-01
1570032508,1570002904,1570002902,106.16,104,0,논공중앙로,0,0,2020-09-01
1570032509,1570002902,1570002905,173.13,104,0,논공중앙로,0,0,2020-09-01
1570032510,1570002905,1570013800,179.12,104,0,논공중앙로,0,0,2020-09-01
1570032601,1570010500,1570013801,275.81,104,0,논공중앙로,0,0,2020-09-01
1570032602,1570013801,1570013800,584.79,104,0,논공중앙로,0,0,2020-09-01
1570032700,1570002900,1570013500,1660.27,103,0,비슬로,0,0,2020-09-01
1570032800,1570002600,1570013500,316.71,103,0,비슬로,0,0,2020-09-01
1570032900,1570013500,1570002600,317.53,103,0,비슬로,0,0,2020-09-01
1570033000,1570013500,1570002900,1659.12,103,0,비슬로,0,0,2020-09-01
1570033300,1570010900,1570013900,2974.8,104,0,논공로,0,0,2020-09-01
1570033400,1570010500,1570013900,423.75,104,0,논공중앙로52길,0,0,2020-09-01
1570033500,1570013900,1570010500,423.42,104,0,논공중앙로52길,0,0,2020-09-01
1570033600,1570013900,1570010900,2991.25,104,0,논공로,0,0,2020-09-01
1570035100,1570005900,1570006100,384.95,101,0,중부내륙고속도로지선,0,5,2020-09-01
1570035200,1570006100,1570006200,65.34,101,3,중부내륙고속도로지선,0,5,2020-09-01
1570035300,1570006100,1570005900,413.48,101,0,중부내륙고속도로지선,0,5,2020-09-01
1570035400,1570006200,1570006100,67.95,101,3,중부내륙고속도로지선,0,5,2020-09-01
1570035500,1570006200,1570006400,703.91,101,0,중부내륙고속도로지선,0,5,2020-09-01
1570035600,1570188400,1570006200,856.19,101,0,중부내륙고속도로지선,0,5,2020-09-01
1570035700,1570005900,1570005200,740.28,101,0,중부내륙고속도로지선,0,5,2020-09-01
1570035800,1570005200,1570005900,701.71,101,0,중부내륙고속도로지선,0,5,2020-09-01
1570036100,1570012400,1570015000,1397.73,104,0,서재로,0,0,2020-09-01
1570036200,1570015000,1570012400,1403.65,104,0,서재로,0,0,2020-09-01
1570036301,1570013900,1570013901,450.35,104,0,논공로,0,0,2020-09-01
1570036302,1570013901,1570010700,731.99,104,0,논공로,0,0,2020-09-01
1570036401,1570010700,1570013901,723.47,104,0,논공로,0,0,2020-09-01
1570036402,1570013901,1570013900,443.57,104,0,논공로,0,0,2020-09-01
1570036602,1570014401,1570203700,52.81,104,0,사문진로,0,0,2020-09-01
1570036603,1570014400,1570014402,350.12,104,0,사문진로,0,0,2020-09-01
1570036604,1570014402,1570014401,101.68,104,0,사문진로,0,0,2020-09-01
1570036701,1570203700,1570014401,58.23,104,0,사문진로,0,0,2020-09-01
1570036703,1570014401,1570014402,101.68,104,0,사문진로,0,0,2020-09-01
1570036704,1570014402,1570014400,336.09,104,0,사문진로,0,0,2020-09-01
1570037200,1570006900,1570014400,251.54,103,0,비슬로,0,0,2020-09-01
1570037300,1570014400,1570006900,251.29,103,0,비슬로,0,0,2020-09-01
1570037401,1570014400,1570014403,221.52,103,0,비슬로,0,0,2020-09-01
1570037402,1570014403,1570014500,132.96,103,0,비슬로,0,0,2020-09-01
1570037501,1570014500,1570014403,132.54,103,0,비슬로,0,0,2020-09-01
1570037502,1570014403,1570014400,224.71,103,0,비슬로,0,0,2020-09-01
1570037601,1570014500,1570014501,197.26,103,0,비슬로,0,0,2020-09-01
1570037602,1570014501,1570014600,136.68,103,0,비슬로,0,0,2020-09-01
1570037701,1570014600,1570014501,137.03,103,0,비슬로,0,0,2020-09-01
1570037702,1570014501,1570014500,200.4,103,0,비슬로,0,0,2020-09-01
1570144800,1570063200,1570063300,262.15,104,0,과학대로,0,0,2020-09-01
1570144900,1570063300,1570063200,261.01,104,0,과학대로,0,0,2020-09-01
1570148400,1570064800,1570064900,234.13,103,3,비슬로,0,0,2020-09-01
1570148500,1570064900,1570065000,303.07,103,0,비슬로,0,0,2020-09-01
1570148600,1570064900,1570064800,234.13,103,3,비슬로,0,0,2020-09-01
1570148800,1570065000,1570064900,304.55,103,0,비슬로,0,0,2020-09-01
1570420002,1570140501,1570140500,187.42,104,0,현풍동로,0,0,2020-09-01
1570420003,1570002400,1570140502,566.37,104,0,현풍동로,0,0,2020-09-01
1570420004,1570140502,1570140501,516.81,104,0,현풍동로,0,0,2020-09-01
1570420101,1570140500,1570140501,186.17,104,0,현풍동로,0,0,2020-09-01
1570420103,1570140501,1570140502,530.57,104,0,현풍동로,0,0,2020-09-01
1570420104,1570140502,1570002400,574.37,104,0,현풍동로,0,0,2020-09-01
1570420400,1570001400,1570140200,208.4,104,0,테크노대로,0,0,2020-09-01
1570420500,1570140200,1570001400,196.2,104,0,테크노대로,0,0,2020-09-01
1570420600,1570140100,1570140600,362.41,104,0,테크노남로,0,0,2020-09-01
1570420700,1570140600,1570140100,362.5,104,0,테크노남로,0,0,2020-09-01
1570420801,1570140200,1570140302,68.82,104,0,테크노대로2길,0,0,2020-09-01
1570420802,1570140302,1570140300,359.34,104,0,테크노대로2길,0,0,2020-09-01
1570420901,1570140300,1570140302,354.3,104,0,테크노대로2길,0,0,2020-09-01
1570420902,1570140302,1570140200,68.89,104,0,테크노대로2길,0,0,2020-09-01
1570421000,1570140300,1570140400,250.37,104,0,테크노남로1길,0,0,2020-09-01
1570421100,1570140400,1570140300,250.74,104,0,테크노남로1길,0,0,2020-09-01
1570421201,1570140700,1570140201,347.78,104,0,테크노북로,0,0,2020-09-01
1570421202,1570140201,1570140200,334.88,104,0,테크노북로,0,0,2020-09-01
1570421301,1570140200,1570140201,331.63,104,0,테크노북로,0,0,2020-09-01
1570421302,1570140201,1570140700,341.09,104,0,테크노북로,0,0,2020-09-01
1570421400,1570140400,1570140600,171.21,104,0,테크노남로1길,0,0,2020-09-01
1570421500,1570140600,1570140400,175.97,104,0,테크노남로1길,0,0,2020-09-01
1570421601,1570140500,1570140701,194.58,104,0,현풍동로,0,0,2020-09-01
1570421602,1570140701,1570140700,24.54,104,0,현풍동로,0,0,2020-09-01
1570421701,1570140700,1570140701,24.49,104,0,현풍동로,0,0,2020-09-01
1570421702,1570140701,1570140500,187.85,104,0,현풍동로,0,0,2020-09-01
1570421800,1570140800,1570000800,430.87,104,0,테크노순환로,0,0,2020-09-01
1570421900,1570000800,1570140800,431.91,104,0,테크노순환로,0,0,2020-09-01
1570422000,1570140900,1570140200,370.06,104,0,테크노대로,0,0,2020-09-01
1570422100,1570140200,1570140900,369.54,104,0,테크노대로,0,0,2020-09-01
1570422202,1570140301,1570140300,196.48,104,0,테크노대로4길,0,0,2020-09-01
1570422203,1570140900,1570140303,76.77,104,0,테크노대로4길,0,0,2020-09-01
1570422204,1570140303,1570140301,348.82,104,0,테크노대로4길,0,0,2020-09-01
1570422301,1570140300,1570140301,198.51,104,0,테크노대로4길,0,0,2020-09-01
1570422303,1570140301,1570140303,360.61,104,0,테크노대로4길,0,0,2020-09-01
1570422304,1570140303,1570140900,76.6,104,0,테크노대로4길,0,0,2020-09-01
1570422401,1570140600,1570140801,127.21,104,0,테크노순환로1길,0,0,2020-09-01
1570422404,1570140802,1570140800,132.93,104,0,테크노순환로1길,0,0,2020-09-01
1570422405,1570140801,1570140803,266.46,104,0,테크노순환로1길,0,0,2020-09-01
1570422406,1570140803,1570140802,272.63,104,0,테크노순환로1길,0,0,2020-09-01
1570422502,1570140801,1570140600,126.7,104,0,테크노순환로1길,0,0,2020-09-01
1570422503,1570140800,1570140802,133.4,104,0,테크노순환로1길,0,0,2020-09-01
1570422505,1570140802,1570140803,266.94,104,0,테크노순환로1길,0,0,2020-09-01
1570422506,1570140803,1570140801,265.23,104,0,테크노순환로1길,0,0,2020-09-01
1570422600,1570141000,1570140400,363.9,104,0,비슬로96길,0,0,2020-09-01
1570422700,1570140400,1570141000,366.69,104,0,비슬로96길,0,0,2020-09-01
1570422800,1570140600,1570141100,324.82,104,0,테크노남로,0,0,2020-09-01
1570422900,1570141100,1570140600,324.77,104,0,테크노남로,0,0,2020-09-01
1570423000,1570141000,1570141100,321.08,104,0,테크노남로3길,0,0,2020-09-01
1570423100,1570141100,1570141000,326.69,104,0,테크노남로3길,0,0,2020-09-01
1570423201,1570141600,1570140702,271.83,104,0,테크노북로,0,0,2020-09-01
1570423202,1570140702,1570140700,396.08,104,0,테크노북로,0,0,2020-09-01
1570423301,1570140700,1570140702,390.28,104,0,테크노북로,0,0,2020-09-01
1570423302,1570140702,1570141600,268.66,104,0,테크노북로,0,0,2020-09-01
1570423400,1570141300,1570140800,316.29,104,0,테크노순환로,0,0,2020-09-01
1570423500,1570140800,1570141300,316.32,104,0,테크노순환로,0,0,2020-09-01
1570423801,1570141100,1570141301,123.11,104,0,테크노순환로3길,0,0,2020-09-01
1570423803,1570141301,1570141302,184.19,104,0,테크노순환로3길,0,0,2020-09-01
1570423805,1570141302,1570141303,164.42,104,0,테크노순환로3길,0,0,2020-09-01
1570423806,1570141303,1570141300,143.81,104,0,테크노순환로3길,0,0,2020-09-01
1570423902,1570141301,1570141100,123.2,104,0,테크노순환로3길,0,0,2020-09-01
1570423904,1570141302,1570141301,180.92,104,0,테크노순환로3길,0,0,2020-09-01
1570423905,1570141300,1570141303,143.23,104,0,테크노순환로3길,0,0,2020-09-01
1570423906,1570141303,1570141302,161.7,104,0,테크노순환로3길,0,0,2020-09-01
1570424002,1570140902,1570140900,233.3,104,0,테크노상업로,0,0,2020-09-01
1570424003,1570141700,1570140903,174.16,104,0,테크노상업로,0,0,2020-09-01
1570424005,1570140903,1570140904,182.94,104,0,테크노상업로,0,0,2020-09-01
1570424006,1570140904,1570140902,178.2,104,0,테크노상업로,0,0,2020-09-01
1570424101,1570140900,1570140902,230.74,104,0,테크노상업로,0,0,2020-09-01
1570424104,1570140903,1570141700,169.89,104,0,테크노상업로,0,0,2020-09-01
1570424105,1570140902,1570140904,171.35,104,0,테크노상업로,0,0,2020-09-01
1570424106,1570140904,1570140903,177.77,104,0,테크노상업로,0,0,2020-09-01
1570424301,1570141800,1570140901,228.94,104,0,테크노대로,0,0,2020-09-01
1570424302,1570140901,1570140900,194.81,104,0,테크노대로,0,0,2020-09-01
1570424401,1570140900,1570140901,195.13,104,0,테크노대로,0,0,2020-09-01
1570424402,1570140901,1570141800,228.99,104,0,테크노대로,0,0,2020-09-01
1570424600,1570141900,1570141000,367.07,104,0,비슬로96길,0,0,2020-09-01
1570424700,1570141000,1570141900,360.7,104,0,비슬로96길,0,0,2020-09-01
1570424800,1570142000,1570141100,340.89,104,0,테크노남로,0,0,2020-09-01
1570424900,1570141100,1570142000,340.96,104,0,테크노남로,0,0,2020-09-01
1570425400,1570142100,1570141300,343.48,104,0,테크노순환로,0,0,2020-09-01
1570425500,1570141300,1570142100,343.31,104,0,테크노순환로,0,0,2020-09-01
1570425601,1570141600,1570141702,204.59,104,0,테크노중앙대로,0,0,2020-09-01
1570425602,1570141702,1570141700,161.14,104,0,테크노중앙대로,0,0,2020-09-01
1570425701,1570141700,1570141801,202.76,104,0,테크노중앙대로,0,0,2020-09-01
1570425702,1570141801,1570141800,279.52,104,0,테크노중앙대로,0,0,2020-09-01
1570425801,1570141700,1570141702,161.4,104,0,테크노중앙대로,0,0,2020-09-01
1570425802,1570141702,1570141600,204.69,104,0,테크노중앙대로,0,0,2020-09-01
1570425900,1570141800,1570141900,420.64,104,0,테크노중앙대로,0,0,2020-09-01
1570426001,1570141800,1570141801,279.2,104,0,테크노중앙대로,0,0,2020-09-01
1570426002,1570141801,1570141700,202.68,104,0,테크노중앙대로,0,0,2020-09-01
1570426100,1570141900,1570142000,371.57,104,0,테크노중앙대로,0,0,2020-09-01
1570426200,1570141900,1570141800,421.13,104,0,테크노중앙대로,0,0,2020-09-01
1570426300,1570142000,1570141900,367.41,104,0,테크노중앙대로,0,0,2020-09-01
1570426400,1570142000,1570142100,459.56,104,0,테크노중앙대로,0,0,2020-09-01
1570426500,1570142100,1570142000,456.63,104,0,테크노중앙대로,0,0,2020-09-01
1570427001,1570141900,1570142401,197.09,104,0,테크노중앙대로4길,0,0,2020-09-01
1570427002,1570142401,1570142400,196.91,104,0,테크노중앙대로4길,0,0,2020-09-01
1570427101,1570142400,1570142001,190.01,104,0,테크노남로,0,0,2020-09-01
1570427102,1570142001,1570142000,272.11,104,0,테크노남로,0,0,2020-09-01
1570427201,1570142400,1570142401,201.83,104,0,테크노중앙대로4길,0,0,2020-09-01
1570427202,1570142401,1570141900,199.97,104,0,테크노중앙대로4길,0,0,2020-09-01
1570427301,1570142000,1570142001,280.15,104,0,테크노남로,0,0,2020-09-01
1570427302,1570142001,1570142400,194.26,104,0,테크노남로,0,0,2020-09-01
1570427603,1570141602,1570141603,102.25,104,0,현풍로,0,0,2020-09-01
1570427604,1570141603,1570141600,90.68,104,0,현풍로,0,0,2020-09-01
1570427605,1570142500,1570141604,262.54,104,0,현풍로,0,0,2020-09-01
1570427606,1570141604,1570141602,272.68,104,0,현풍로,0,0,2020-09-01
1570427703,1570141600,1570141603,90.43,104,0,현풍로,0,0,2020-09-01
1570427704,1570141603,1570141602,102.52,104,0,현풍로,0,0,2020-09-01
1570427705,1570141602,1570141604,270.72,104,0,현풍로,0,0,2020-09-01
1570427706,1570141604,1570142500,266.23,104,0,현풍로,0,0,2020-09-01
1570427801,1570142600,1570141601,267.59,104,0,테크노북로,0,0,2020-09-01
1570427802,1570141601,1570141600,277.41,104,0,테크노북로,0,0,2020-09-01
1570427901,1570141600,1570141601,277.66,104,0,테크노북로,0,0,2020-09-01
1570427902,1570141601,1570142600,267.23,104,0,테크노북로,0,0,2020-09-01
1570428001,1570142700,1570141701,269.06,104,0,테크노상업로,0,0,2020-09-01
1570428002,1570141701,1570141700,275.41,104,0,테크노상업로,0,0,2020-09-01
1570428101,1570141700,1570141701,275.54,104,0,테크노상업로,0,0,2020-09-01
1570428102,1570141701,1570142700,269.08,104,0,테크노상업로,0,0,2020-09-01
1570428200,1570142800,1570141800,548.42,104,0,테크노대로,0,0,2020-09-01
1570428300,1570141800,1570142800,548.47,104,0,테크노대로,0,0,2020-09-01
1570428401,1570143000,1570142101,242.95,104,0,테크노순환로,0,0,2020-09-01
1570428402,1570142101,1570142100,413.21,104,0,테크노순환로,0,0,2020-09-01
1570428501,1570142100,1570142101,413.61,104,0,테크노순환로,0,0,2020-09-01
1570428502,1570142101,1570143000,242.78,104,0,테크노순환로,0,0,2020-09-01
1570428601,1570142800,1570142402,86.81,104,0,테크노남로,0,0,2020-09-01
1570428604,1570142403,1570142400,183.55,104,0,테크노남로,0,0,2020-09-01
1570428605,1570142402,1570142404,169.17,104,0,테크노남로,0,0,2020-09-01
1570428606,1570142404,1570142403,122.1,104,0,테크노남로,0,0,2020-09-01
1570428701,1570142400,1570142901,143.46,104,0,테크노순환로7길,0,0,2020-09-01
1570428702,1570142901,1570142900,97.41,104,0,테크노순환로7길,0,0,2020-09-01
1570428801,1570142900,1570142901,99.17,104,0,테크노순환로7길,0,0,2020-09-01
1570428802,1570142901,1570142400,145.61,104,0,테크노순환로7길,0,0,2020-09-01
1570428902,1570142402,1570142800,88.01,104,0,테크노남로,0,0,2020-09-01
1570428903,1570142400,1570142403,185.39,104,0,테크노남로,0,0,2020-09-01
1570428905,1570142403,1570142404,123.62,104,0,테크노남로,0,0,2020-09-01
1570428906,1570142404,1570142402,171.46,104,0,테크노남로,0,0,2020-09-01
1570429000,1570142500,1570142600,211.57,104,0,테크노북로7길,0,0,2020-09-01
1570429100,1570142600,1570142700,370.32,104,0,테크노북로,0,0,2020-09-01
1570429200,1570142600,1570142500,214.91,104,0,테크노북로7길,0,0,2020-09-01
1570429301,1570142700,1570142801,199.57,104,0,테크노북로,0,0,2020-09-01
1570429302,1570142801,1570142800,281.98,104,0,테크노북로,0,0,2020-09-01
1570429400,1570142700,1570142600,370.47,104,0,테크노북로,0,0,2020-09-01
1570429501,1570142800,1570142801,281.91,104,0,테크노북로,0,0,2020-09-01
1570429502,1570142801,1570142700,199.66,104,0,테크노북로,0,0,2020-09-01
1570429601,1570142900,1570143001,69.55,104,0,테크노순환로7길,0,0,2020-09-01
1570429602,1570143001,1570143000,143.74,104,0,테크노순환로7길,0,0,2020-09-01
1570429701,1570143000,1570143001,143.9,104,0,테크노순환로7길,0,0,2020-09-01
1570429702,1570143001,1570142900,69.76,104,0,테크노순환로7길,0,0,2020-09-01
1570429800,1570142600,1570143200,600.45,104,0,테크노대로5길,0,0,2020-09-01
1570429900,1570143200,1570142600,619.01,104,0,테크노대로5길,0,0,2020-09-01
1570430000,1570143200,1570142700,265.83,104,0,테크노북로9길,0,0,2020-09-01
1570430100,1570142700,1570143200,266.05,104,0,테크노북로9길,0,0,2020-09-01
1570430200,1570143300,1570142800,262.75,104,0,테크노대로,0,0,2020-09-01
1570430300,1570142800,1570143300,263.65,104,0,테크노대로,0,0,2020-09-01
1570430400,1570143300,1570142900,798.27,104,0,테크노대로6길,0,0,2020-09-01
1570430500,1570142900,1570143300,810.39,104,0,테크노대로6길,0,0,2020-09-01
1570430601,1570143400,1570142501,332.16,104,0,현풍로,0,0,2020-09-01
1570430602,1570142501,1570142500,95.42,104,0,현풍로,0,0,2020-09-01
1570430701,1570142500,1570142501,98.18,104,0,현풍로,0,0,2020-09-01
1570430702,1570142501,1570143400,332.23,104,0,현풍로,0,0,2020-09-01
1570430801,1570143200,1570143301,204.95,104,0,테크노대로5길,0,0,2020-09-01
1570430802,1570143301,1570143300,275.33,104,0,테크노대로5길,0,0,2020-09-01
1570430900,1570143100,1570143400,320.5,104,0,테크노순환로,0,0,2020-09-01
1570431000,1570143400,1570143100,315.28,104,0,테크노순환로,0,0,2020-09-01
1570431101,1570143300,1570143301,274.53,104,0,테크노대로5길,0,0,2020-09-01
1570431102,1570143301,1570143200,205.25,104,0,테크노대로5길,0,0,2020-09-01
1570431200,1570143100,1570143500,608.76,104,2,테크노순환로,0,5,2020-09-01
1570431300,1570143700,1570143000,1038.33,104,0,테크노순환로,0,0,2020-09-01
1570431400,1570143000,1570143700,1050.52,104,0,테크노순환로,0,0,2020-09-01
1570431500,1570143500,1570143100,607.69,104,2,테크노순환로,0,5,2020-09-01
1570431600,1570143800,1570143100,1777.02,104,0,테크노폴리스로,0,5,2020-09-01
1570431700,1570143100,1570143800,1766.56,104,0,테크노폴리스로,0,5,2020-09-01
1570431800,1570143600,1570143200,280.42,104,0,테크노북로9길,0,0,2020-09-01
1570431900,1570143200,1570143600,279.78,104,0,테크노북로9길,0,0,2020-09-01
1570432000,1570143400,1570143500,288.68,104,0,테크노순환로,0,0,2020-09-01
1570432100,1570143700,1570143300,281.9,104,0,테크노대로,0,0,2020-09-01
1570432200,1570143300,1570143700,280.9,104,0,테크노대로,0,0,2020-09-01
1570432300,1570143500,1570143400,292.21,104,0,테크노순환로,0,0,2020-09-01
1570432400,1570143500,1570143600,546.47,104,0,테크노순환로,0,0,2020-09-01
1570432500,1570143600,1570143500,551.63,104,0,테크노순환로,0,0,2020-09-01
1570432600,1570143600,1570143700,481.02,104,0,테크노순환로,0,0,2020-09-01
1570432700,1570143700,1570143600,480.98,104,0,테크노순환로,0,0,2020-09-01
1570432800,1570143900,1570143800,1314.69,104,4,테크노폴리스로,0,5,2020-09-01
1570432900,1570143800,1570143900,1315.4,104,4,테크노폴리스로,0,5,2020-09-01
1570433000,1570144000,1570143900,577.72,104,0,테크노폴리스로,0,5,2020-09-01
1570433100,1570143900,1570144000,576.54,104,0,테크노폴리스로,0,5,2020-09-01
1570433600,1570144100,1570144000,1295.12,104,4,테크노폴리스로,0,5,2020-09-01
1570433700,1570144000,1570144100,1296.54,104,4,테크노폴리스로,0,5,2020-09-01
1570433800,1570144300,1570144100,475.76,104,0,테크노폴리스로,0,5,2020-09-01
1570433900,1570144100,1570144300,480.34,104,0,테크노폴리스로,0,5,2020-09-01
1570434000,1570144200,1570144400,740.73,104,0,테크노폴리스로,0,5,2020-09-01
1570434100,1570144400,1570144200,728.6,104,0,테크노폴리스로,0,5,2020-09-01
1570434200,1570144600,1570144200,693.82,104,0,테크노폴리스로,0,5,2020-09-01
1570434300,1570144200,1570144600,696.14,104,0,테크노폴리스로,0,5,2020-09-01
1570434400,1570144400,1570144500,437.96,104,4,테크노폴리스로,0,5,2020-09-01
1570434500,1570144500,1570144300,762.57,104,0,테크노폴리스로,0,5,2020-09-01
1570434600,1570144500,1570144400,437.66,104,4,테크노폴리스로,0,5,2020-09-01
1570434700,1570144300,1570144500,765.56,104,0,테크노폴리스로,0,5,2020-09-01
1570434800,1570144800,1570144600,1976.21,104,4,테크노폴리스로,0,5,2020-09-01
1570434900,1570144600,1570144800,1978.65,104,4,테크노폴리스로,0,5,2020-09-01
1570435000,1570144900,1570144800,277.46,104,0,테크노폴리스로,0,5,2020-09-01
1570435100,1570144800,1570144900,278.53,104,0,테크노폴리스로,0,5,2020-09-01
1570435200,1570145000,1570144900,1095.2,104,4,테크노폴리스로,0,5,2020-09-01
1570435300,1570144900,1570145000,1093.19,104,4,테크노폴리스로,0,5,2020-09-01
1570435400,1570145100,1570145000,476.97,104,0,테크노폴리스로,0,5,2020-09-01
1570435500,1570145000,1570145100,472.82,104,0,테크노폴리스로,0,5,2020-09-01
1570557901,1570185100,1570001101,346.59,101,0,중부내륙고속도로지선,0,5,2020-09-01
1570557902,1570001101,1570001100,2082.8,101,0,중부내륙고속도로지선,0,5,2020-09-01
1570558001,1570001100,1570001101,2081.11,101,0,중부내륙고속도로지선,0,5,2020-09-01
1570558002,1570001101,1570185100,346.57,101,0,중부내륙고속도로지선,0,5,2020-09-01
1570558300,1570185200,1570185100,510.74,101,0,중부내륙고속도로지선,0,5,2020-09-01
1570558500,1570185100,1570185200,507.06,101,0,중부내륙고속도로지선,0,5,2020-09-01
1570558800,1570002500,1570185400,63.42,103,0,비슬로,0,0,2020-09-01
1570559000,1570185400,1570002500,63.81,103,0,비슬로,0,0,2020-09-01
1570559100,1570185400,1570185500,62.17,103,0,비슬로,0,0,2020-09-01
1570559200,1570185500,1570185400,62.5,103,0,비슬로,0,0,2020-09-01
1570559300,1570185500,1570002400,331.02,103,0,비슬로,0,0,2020-09-01
1570559400,1570002400,1570185500,327.8,103,0,비슬로,0,0,2020-09-01
1570559500,1570185700,1570185200,5397.63,101,0,중부내륙고속도로지선,0,5,2020-09-01
1570559600,1570185200,1570185700,5399.24,101,0,중부내륙고속도로지선,0,5,2020-09-01
1570559700,1570004100,1570185600,1312.1,101,4,중부내륙고속도로지선,0,5,2020-09-01
1570559800,1570185600,1570004100,1316.05,101,4,중부내륙고속도로지선,0,5,2020-09-01
1570559900,1570185600,1570185800,322.45,101,0,중부내륙고속도로지선,0,5,2020-09-01
1570560000,1570185800,1570185600,322.41,101,0,중부내륙고속도로지선,0,5,2020-09-01
1570560100,1570185800,1570185700,951.9,101,4,중부내륙고속도로지선,0,5,2020-09-01
1570560200,1570185700,1570185800,957.81,101,4,중부내륙고속도로지선,0,5,2020-09-01
1570560300,1570186100,1570006700,2255.34,101,0,중부내륙고속도로지선,0,5,2020-09-01
1570560400,1570188600,1570186100,2119.43,101,0,중부내륙고속도로지선,0,5,2020-09-01
1570560500,1570185900,1570014700,214.86,104,0,성천로,0,0,2020-09-01
1570560600,1570014700,1570185900,215.89,104,0,성천로,0,0,2020-09-01
1570560800,1570186200,1570185900,332.98,104,0,성천로,0,0,2020-09-01
1570560900,1570185900,1570186200,335.05,104,0,성천로,0,0,2020-09-01
1570574100,1570190800,1570190900,124.55,104,0,국가산단서로,0,0,2020-09-01
1570574200,1570190900,1570191000,212.11,104,0,국가산단서로,0,0,2020-09-01
1570574300,1570191000,1570191100,271.09,104,0,국가산단서로,0,0,2020-09-01
1570574400,1570190900,1570190800,124.5,104,0,국가산단서로,0,0,2020-09-01
1570574500,1570191100,1570191200,262.65,104,0,국가산단서로,0,0,2020-09-01
1570574600,1570191000,1570190900,212.07,104,0,국가산단서로,0,0,2020-09-01
1570574700,1570191100,1570191000,271.08,104,0,국가산단서로,0,0,2020-09-01
1570574800,1570191200,1570191100,262.69,104,0,국가산단서로,0,0,2020-09-01
1570574900,1570191300,1570191000,188.84,104,0,국가산단서로84길,0,0,2020-09-01
1570575000,1570191000,1570191300,188.88,104,0,국가산단서로84길,0,0,2020-09-01
1570575300,1570191200,1570191500,681.53,104,0,국가산단서로,0,0,2020-09-01
1570575400,1570191500,1570191200,672.58,104,0,국가산단서로,0,0,2020-09-01
1570575700,1570190800,1570191700,486.41,104,0,국가산단북로,0,0,2020-09-01
1570575800,1570191700,1570190800,481.95,104,0,국가산단북로,0,0,2020-09-01
1570576000,1570191800,1570191300,270.96,104,0,국가산단서로84길,0,0,2020-09-01
1570576100,1570191300,1570191800,271.05,104,0,국가산단서로84길,0,0,2020-09-01
1570576500,1570191600,1570191500,166.19,104,0,국가산단서로60길,0,0,2020-09-01
1570576600,1570191500,1570191600,166.37,104,0,국가산단서로60길,0,0,2020-09-01
1570576700,1570191700,1570191800,212.45,104,0,국가산단대로39길,0,0,2020-09-01
1570576800,1570191800,1570191900,269.76,104,0,국가산단대로39길,0,0,2020-09-01
1570576900,1570191800,1570191700,212.43,104,0,국가산단대로39길,0,0,2020-09-01
1570577000,1570191500,1570192000,397.81,104,0,국가산단서로,0,0,2020-09-01
1570577100,1570191900,1570191800,269.68,104,0,국가산단대로39길,0,0,2020-09-01
1570577200,1570192000,1570191500,398.02,104,0,국가산단서로,0,0,2020-09-01
1570577300,1570192100,1570191600,290.72,104,0,국가산단서로60길,0,0,2020-09-01
1570577400,1570191900,1570192100,587.65,104,0,국가산단대로39길,0,0,2020-09-01
1570577500,1570191600,1570192100,290.86,104,0,국가산단서로60길,0,0,2020-09-01
1570577600,1570192100,1570191900,579.07,104,0,국가산단대로39길,0,0,2020-09-01
1570577800,1570192200,1570191800,251.06,104,0,국가산단서로84길,0,0,2020-09-01
1570577900,1570191800,1570192200,251.08,104,0,국가산단서로84길,0,0,2020-09-01
1570578100,1570192300,1570192000,159.36,104,0,국가산단서로50길,0,0,2020-09-01
1570578200,1570192000,1570192300,159.31,104,0,국가산단서로50길,0,0,2020-09-01
1570578300,1570192400,1570192100,258.8,104,0,국가산단서로60길,0,0,2020-09-01
1570578400,1570192100,1570192400,258.77,104,0,국가산단서로60길,0,0,2020-09-01
1570578500,1570192200,1570192400,663.13,104,0,국가산단대로49길,0,0,2020-09-01
1570578600,1570192000,1570192600,544.01,104,0,국가산단서로,0,0,2020-09-01
1570578700,1570192400,1570192200,653.58,104,0,국가산단대로49길,0,0,2020-09-01
1570578800,1570192600,1570192000,545.76,104,0,국가산단서로,0,0,2020-09-01
1570578900,1570192100,1570192500,397.41,104,0,국가산단대로39길,0,0,2020-09-01
1570579000,1570192500,1570192100,397.2,104,0,국가산단대로39길,0,0,2020-09-01
1570579100,1570192500,1570192300,289.49,104,0,국가산단서로50길,0,0,2020-09-01
1570579200,1570192300,1570192500,289.45,104,0,국가산단서로50길,0,0,2020-09-01
1570579300,1570191700,1570193200,829.81,104,0,국가산단북로,0,0,2020-09-01
1570579400,1570193200,1570191700,829.75,104,0,국가산단북로,0,0,2020-09-01
1570579800,1570192400,1570192900,400.43,104,0,국가산단대로49길,0,0,2020-09-01
1570580000,1570193300,1570192200,579.12,104,0,국가산단서로84길,0,0,2020-09-01
1570580100,1570192200,1570193300,579.08,104,0,국가산단서로84길,0,0,2020-09-01
1570580200,1570192900,1570192400,401.03,104,0,국가산단대로49길,0,0,2020-09-01
1570580300,1570192700,1570192600,172.47,104,0,국가산단서로40길,0,0,2020-09-01
1570580400,1570192600,1570192700,172.33,104,0,국가산단서로40길,0,0,2020-09-01
1570580500,1570192900,1570192500,297.57,104,0,국가산단서로50길,0,0,2020-09-01
1570580600,1570192500,1570192900,297.56,104,0,국가산단서로50길,0,0,2020-09-01
1570580900,1570192500,1570193500,537.52,104,0,국가산단대로39길,0,0,2020-09-01
1570581000,1570193500,1570192500,536.99,104,0,국가산단대로39길,0,0,2020-09-01
1570581400,1570193500,1570192700,298.43,104,0,국가산단서로40길,0,0,2020-09-01
1570581700,1570192700,1570193500,299.38,104,0,국가산단서로40길,0,0,2020-09-01
1570581900,1570193200,1570193300,178.75,104,0,국가산단북로34길,0,0,2020-09-01
1570582100,1570192900,1570193600,386.84,104,0,국가산단대로49길,0,0,2020-09-01
1570582200,1570193300,1570193200,178.73,104,0,국가산단북로34길,0,0,2020-09-01
1570582400,1570193600,1570192900,381.29,104,0,국가산단대로49길,0,0,2020-09-01
1570582700,1570193600,1570193500,361.15,104,0,국가산단서로40길,0,0,2020-09-01
1570582800,1570193500,1570193600,366.22,104,0,국가산단서로40길,0,0,2020-09-01
1570583300,1570193200,1570193800,265.89,104,0,국가산단북로,0,0,2020-09-01
1570583400,1570193800,1570193200,265.76,104,0,국가산단북로,0,0,2020-09-01
1570584100,1570192700,1570195300,1031.67,104,0,국가산단대로33길,0,0,2020-09-01
1570584200,1570195300,1570192700,1021.63,104,0,국가산단대로33길,0,0,2020-09-01
1570584400,1570193500,1570194700,583.41,104,0,국가산단대로39길,0,0,2020-09-01
1570584500,1570194700,1570193500,573.96,104,0,국가산단대로39길,0,0,2020-09-01
1570585000,1570193600,1570194600,404.64,104,0,국가산단대로49길,0,0,2020-09-01
1570585100,1570194600,1570193600,400.17,104,0,국가산단대로49길,0,0,2020-09-01
1570586100,1570193800,1570063200,425,104,0,국가산단북로,0,0,2020-09-01
1570586200,1570063200,1570193800,424.97,104,0,국가산단북로,0,0,2020-09-01
1570587701,1570195100,1570194601,104.43,104,0,국가산단대로49길,0,0,2020-09-01
1570587702,1570194601,1570194600,70.06,104,0,국가산단대로49길,0,0,2020-09-01
1570587801,1570194600,1570194601,70.17,104,0,국가산단대로49길,0,0,2020-09-01
1570587802,1570194601,1570195100,104.21,104,0,국가산단대로49길,0,0,2020-09-01
1570587900,1570195200,1570194700,177.43,104,0,국가산단대로39길,0,0,2020-09-01
1570588000,1570194700,1570195200,177.47,104,0,국가산단대로39길,0,0,2020-09-01
1570588100,1570063300,1570194900,240.89,104,0,국가산단대로,0,0,2020-09-01
1570588200,1570194900,1570195000,366.73,104,0,국가산단대로,0,0,2020-09-01
1570588300,1570194900,1570063300,240.63,104,0,국가산단대로,0,0,2020-09-01
1570588400,1570195000,1570194900,366.66,104,0,국가산단대로,0,0,2020-09-01
1570588500,1570195000,1570195100,457.41,104,0,국가산단대로,0,0,2020-09-01
1570588600,1570195100,1570195000,457.35,104,0,국가산단대로,0,0,2020-09-01
1570588700,1570195100,1570195200,453.85,104,0,국가산단대로,0,0,2020-09-01
1570588800,1570195200,1570195300,288.79,104,0,국가산단대로,0,0,2020-09-01
1570588900,1570195200,1570195100,453.9,104,0,국가산단대로,0,0,2020-09-01
1570589200,1570195300,1570195200,288.8,104,0,국가산단대로,0,0,2020-09-01
1570590700,1570196200,1570195100,174.76,104,0,국가산단대로50길,0,0,2020-09-01
1570590800,1570195100,1570196200,174.86,104,0,국가산단대로50길,0,0,2020-09-01
1570590900,1570196400,1570195200,174.12,104,0,국가산단대로40길,0,0,2020-09-01
1570591000,1570195200,1570196400,174.23,104,0,국가산단대로40길,0,0,2020-09-01
1570594100,1570197300,1570063200,579.87,104,0,국가산단북로,0,0,2020-09-01
1570594200,1570063200,1570197300,580.59,104,0,국가산단북로,0,0,2020-09-01
1570594700,1570197600,1570195300,638.31,104,0,국가산단대로34길,0,0,2020-09-01
1570594800,1570195300,1570197600,638.3,104,0,국가산단대로34길,0,0,2020-09-01
1570595700,1570197500,1570196400,465.38,104,0,국가산단대로40길,0,0,2020-09-01
1570595800,1570196400,1570197500,465.48,104,0,국가산단대로40길,0,0,2020-09-01
1570597500,1570198400,1570196200,779.31,104,0,국가산단대로50길,0,0,2020-09-01
1570597600,1570196200,1570198400,779.22,104,0,국가산단대로50길,0,0,2020-09-01
1570597900,1570197500,1570197600,294.47,104,0,국가산단대로30길,0,0,2020-09-01
1570598200,1570197600,1570197500,294.53,104,0,국가산단대로30길,0,0,2020-09-01
1570599700,1570198600,1570197500,315.24,104,0,국가산단대로40길,0,0,2020-09-01
1570599800,1570197500,1570198600,319.85,104,0,국가산단대로40길,0,0,2020-09-01
1570600901,1570064400,1570197301,340.36,104,0,국가산단북로,0,0,2020-09-01
1570600902,1570197301,1570197300,478.43,104,0,국가산단북로,0,0,2020-09-01
1570601001,1570197300,1570197301,484.23,104,0,국가산단북로,0,0,2020-09-01
1570601002,1570197301,1570064400,333.81,104,0,국가산단북로,0,0,2020-09-01
1570601500,1570198300,1570198400,217.25,104,0,국가산단북로32길,0,0,2020-09-01
1570601600,1570198400,1570198500,219.24,104,0,국가산단북로32길,0,0,2020-09-01
1570601700,1570198500,1570198600,172.98,104,0,국가산단북로32길,0,0,2020-09-01
1570601800,1570198400,1570198300,217.2,104,0,국가산단북로32길,0,0,2020-09-01
1570601900,1570198500,1570198400,219.36,104,0,국가산단북로32길,0,0,2020-09-01
1570602100,1570198600,1570198500,172.97,104,0,국가산단북로32길,0,0,2020-09-01
1570603701,1570198300,1570199701,414.66,104,0,국가산단대로64길,0,0,2020-09-01
1570603703,1570199701,1570199900,282.04,104,0,국가산단대로64길,0,0,2020-09-01
1570604002,1570199701,1570198300,409.3,104,0,국가산단대로64길,0,0,2020-09-01
1570604003,1570199900,1570199701,299.5,104,0,국가산단대로64길,0,0,2020-09-01
1570604300,1570199900,1570198400,559.29,104,0,국가산단대로50길,0,0,2020-09-01
1570604400,1570198400,1570199900,559.31,104,0,국가산단대로50길,0,0,2020-09-01
1570604500,1570200000,1570198500,560.75,104,0,국가산단대로46길,0,0,2020-09-01
1570604600,1570198500,1570200000,571.11,104,0,국가산단대로46길,0,0,2020-09-01
1570605100,1570199900,1570200000,195.11,104,0,국가산단대로64길,0,0,2020-09-01
1570605200,1570200000,1570199900,192.14,104,0,국가산단대로64길,0,0,2020-09-01
1570606502,1570065001,1570065000,1713.18,104,0,구지동로,0,0,2020-09-01
1570606601,1570065000,1570065001,1708.32,104,0,구지동로,0,0,2020-09-01
1570606900,1570200700,1570008800,119.27,104,0,왕선로,0,0,2020-09-01
1570607000,1570008800,1570200700,124.28,104,0,왕선로,0,0,2020-09-01
1570607101,1570200800,1570200701,209.21,104,0,왕선로,0,0,2020-09-01
1570607102,1570200701,1570200700,135.38,104,0,왕선로,0,0,2020-09-01
1570607201,1570200700,1570200701,136.86,104,0,왕선로,0,0,2020-09-01
1570607202,1570200701,1570200800,214.79,104,0,왕선로,0,0,2020-09-01
1570607301,1570200900,1570200801,129.17,104,0,왕선로,0,0,2020-09-01
1570607302,1570200801,1570200800,231.21,104,0,왕선로,0,0,2020-09-01
1570607401,1570200800,1570200801,225.62,104,0,왕선로,0,0,2020-09-01
1570607402,1570200801,1570200900,125.21,104,0,왕선로,0,0,2020-09-01
1570607900,1570201300,1570200900,353.86,104,3,세천로,0,0,2020-09-01
1570608100,1570200900,1570201300,354.25,104,3,세천로,0,0,2020-09-01
1570608800,1570201100,1570008200,504.81,103,0,달구벌대로,0,0,2020-09-01
1570609000,1570008200,1570201100,502.67,103,0,달구벌대로,0,0,2020-09-01
1570609301,1570201500,1570201301,235.18,104,0,세천로,0,0,2020-09-01
1570609302,1570201301,1570201300,54.5,104,0,세천로,0,0,2020-09-01
1570609401,1570201300,1570201301,54.54,104,0,세천로,0,0,2020-09-01
1570609402,1570201301,1570201500,235.16,104,0,세천로,0,0,2020-09-01
1570610001,1570201900,1570201502,168.49,104,0,세천로,0,0,2020-09-01
1570610002,1570201502,1570201500,179.89,104,0,세천로,0,0,2020-09-01
1570610201,1570201500,1570201502,179.91,104,0,세천로,0,0,2020-09-01
1570610202,1570201502,1570201900,159.54,104,0,세천로,0,0,2020-09-01
1570610901,1570202200,1570201902,234.72,104,0,세천로,0,0,2020-09-01
1570610903,1570201902,1570201903,114.19,104,0,세천로,0,0,2020-09-01
1570610904,1570201903,1570201900,119.88,104,0,세천로,0,0,2020-09-01
1570611002,1570201902,1570202200,234.71,104,0,세천로,0,0,2020-09-01
1570611003,1570201900,1570201903,119.82,104,0,세천로,0,0,2020-09-01
1570611004,1570201903,1570201902,114.12,104,0,세천로,0,0,2020-09-01
1570611700,1570202500,1570202200,178.43,104,0,세천로,0,0,2020-09-01
1570611800,1570202200,1570202500,177.77,104,0,세천로,0,0,2020-09-01
1570611901,1570202500,1570202501,155.81,104,0,세천로,0,0,2020-09-01
1570611902,1570202501,1570202700,229.96,104,0,세천로,0,0,2020-09-01
1570612001,1570202700,1570202501,235.82,104,0,세천로,0,0,2020-09-01
1570612002,1570202501,1570202500,154.78,104,0,세천로,0,0,2020-09-01
1570612300,1570202700,1570202800,208.83,104,0,세천로,0,0,2020-09-01
1570612400,1570202800,1570202700,210.38,104,0,세천로,0,0,2020-09-01
1570612500,1570202700,1570203000,915.43,104,0,세천로,0,0,2020-09-01
1570612600,1570203000,1570202800,759.26,104,0,세천로,0,0,2020-09-01
1570613400,1570203400,1570203000,250.83,104,0,세천로,0,0,2020-09-01
1570620200,1570015000,1570207000,435.49,104,0,서재로,0,0,2020-09-01
1570620300,1570207000,1570015000,443.11,104,0,서재로,0,0,2020-09-01
1570673303,1570004301,1570004302,178.3,103,0,비슬로,0,0,2020-09-01
1570673305,1570004302,1570004303,458.87,103,0,비슬로,0,0,2020-09-01
1570673306,1570004303,1570004300,283.11,103,0,비슬로,0,0,2020-09-01
1570673308,1570004304,1570004301,563.03,103,0,비슬로,0,0,2020-09-01
1570673310,1570004305,1570004304,913.32,103,0,비슬로,0,0,2020-09-01
1570673311,1570224200,1570004306,50.71,103,0,비슬로,0,0,2020-09-01
1570673312,1570004306,1570004305,225.13,103,0,비슬로,0,0,2020-09-01
1570673404,1570004302,1570004301,177.93,103,0,비슬로,0,0,2020-09-01
1570673405,1570004300,1570004303,285.32,103,0,비슬로,0,0,2020-09-01
1570673406,1570004303,1570004302,458.5,103,0,비슬로,0,0,2020-09-01
1570673407,1570004301,1570004304,560.96,103,0,비슬로,0,0,2020-09-01
1570673409,1570004304,1570004305,914.19,103,0,비슬로,0,0,2020-09-01
1570673411,1570004305,1570004306,224.96,103,0,비슬로,0,0,2020-09-01
1570673412,1570004306,1570224200,47.6,103,0,비슬로,0,0,2020-09-01
1570675701,1570224900,1570224201,255.55,103,0,비슬로,0,0,2020-09-01
1570675702,1570224201,1570224200,279.44,103,0,비슬로,0,0,2020-09-01
1570675801,1570224200,1570224201,282.65,103,0,비슬로,0,0,2020-09-01
1570675802,1570224201,1570224900,255.35,103,0,비슬로,0,0,2020-09-01
1570677501,1570225300,1570224901,155.01,103,0,비슬로,0,0,2020-09-01
1570677502,1570224901,1570224900,111.08,103,0,비슬로,0,0,2020-09-01
1570677601,1570224900,1570224901,111.72,103,0,비슬로,0,0,2020-09-01
1570677602,1570224901,1570225300,152.87,103,0,비슬로,0,0,2020-09-01
1570679701,1570226400,1570225301,98.26,103,0,비슬로,0,0,2020-09-01
1570679704,1570225302,1570225300,148.46,103,0,비슬로,0,0,2020-09-01
1570679705,1570225301,1570225303,124.66,103,0,비슬로,0,0,2020-09-01
1570679706,1570225303,1570225302,234.99,103,0,비슬로,0,0,2020-09-01
1570679802,1570225301,1570226400,98.69,103,0,비슬로,0,0,2020-09-01
1570679803,1570225300,1570225302,150.26,103,0,비슬로,0,0,2020-09-01
1570679805,1570225302,1570225303,234.94,103,0,비슬로,0,0,2020-09-01
1570679806,1570225303,1570225301,123.58,103,0,비슬로,0,0,2020-09-01
1570682300,1570227100,1570226400,335.92,103,0,비슬로,0,0,2020-09-01
1570682400,1570226400,1570227100,335.76,103,0,비슬로,0,0,2020-09-01
1570686100,1570228200,1570228100,287.31,103,0,비슬로,0,0,2020-09-01
1570686200,1570228100,1570228200,285.17,103,0,비슬로,0,0,2020-09-01
1570686502,1570228201,1570228200,1477.86,103,0,비슬로,0,0,2020-09-01
1570686503,1570005300,1570228202,270.13,103,0,비슬로,0,0,2020-09-01
1570686504,1570228202,1570228201,368.67,103,0,비슬로,0,0,2020-09-01
1570686601,1570228200,1570228201,1481.9,103,0,비슬로,0,0,2020-09-01
1570686603,1570228201,1570228202,364.26,103,0,비슬로,0,0,2020-09-01
1570686604,1570228202,1570005300,276.17,103,0,비슬로,0,0,2020-09-01
1570692100,1570234700,1570140301,256.1,104,0,테크노대로2길,0,0,2020-09-01
1570692200,1570140301,1570234700,256.1,104,0,테크노대로2길,0,0,2020-09-01
1570692300,1570235200,1570235100,213.68,104,0,테크노공원로,0,0,2020-09-01
1570692400,1570235100,1570235200,213.68,104,0,테크노공원로,0,0,2020-09-01
1570692500,1570235600,1570140904,64.64,104,0,테크노상업로2길,0,0,2020-09-01
1570692600,1570140904,1570235600,64.64,104,0,테크노상업로2길,0,0,2020-09-01
1570782700,1570264900,1570264700,618.66,104,0,과학북로80길,0,0,2020-09-01
1570782800,1570264700,1570264900,615.76,104,0,과학북로80길,0,0,2020-09-01
1570783700,1570265000,1570264900,322.29,104,4,국가산단동로,0,0,2020-09-01
1570783800,1570264900,1570265000,324.35,104,4,국가산단동로,0,0,2020-09-01
1570783900,1570265000,1570197301,203.97,104,0,과학북로,0,0,2020-09-01
1570784000,1570197301,1570265000,203.97,104,0,과학북로,0,0,2020-09-01
1570784100,1570233000,1570065001,75.47,104,0,구지동로,0,0,2020-09-01
1570784200,1570065001,1570233000,75.47,104,0,구지동로,0,0,2020-09-01
1570784500,1570264700,1570233000,433.24,104,0,국가산단동로,0,0,2020-09-01
1570784600,1570233000,1570264700,439.34,104,0,국가산단동로,0,0,2020-09-01
1570790500,1570140701,1570001405,533.26,104,0,현풍동로,0,0,2020-09-01
1570790600,1570001405,1570140701,532.72,104,0,현풍동로,0,0,2020-09-01
1570794100,1570234700,1570140302,184.1,104,0,테크노대로2길,0,0,2020-09-01
1570794200,1570140302,1570234700,184.1,104,0,테크노대로2길,0,0,2020-09-01
1570796300,1570141302,1570140803,340.65,104,0,테크노순환로1길,0,0,2020-09-01
1570796400,1570140803,1570141302,340.65,104,0,테크노순환로1길,0,0,2020-09-01
1570796900,1570267900,1570142101,134.06,104,0,테크노순환로5길,0,0,2020-09-01
1570797000,1570142101,1570267900,134.06,104,0,테크노순환로5길,0,0,2020-09-01
1570797100,1570268000,1570267900,153.75,104,0,테크노순환로5길,0,0,2020-09-01
1570797200,1570267900,1570268000,153.75,104,0,테크노순환로5길,0,0,2020-09-01
1570797500,1570235100,1570141801,62.32,104,0,테크노공원로,0,0,2020-09-01
1570797600,1570141801,1570235100,62.32,104,0,테크노공원로,0,0,2020-09-01
1570798100,1570142401,1570142001,234.81,104,0,테크노중앙대로4길,0,0,2020-09-01
1570798200,1570142001,1570142401,228.07,104,0,테크노중앙대로4길,0,0,2020-09-01
1570798300,1570268000,1570142001,116.15,104,0,테크노순환로5길,0,0,2020-09-01
1570798400,1570142001,1570268000,116.15,104,0,테크노순환로5길,0,0,2020-09-01
1570799500,1570234700,1570140303,185.43,104,0,테크노대로2길,0,0,2020-09-01
1570799600,1570140303,1570234700,185.43,104,0,테크노대로2길,0,0,2020-09-01
1570799900,1570235000,1570141801,64.78,104,0,테크노공원로,0,0,2020-09-01
1570800000,1570141801,1570235000,64.78,104,0,테크노공원로,0,0,2020-09-01
1570800100,1570234800,1570140901,63.48,104,0,테크노공원로,0,0,2020-09-01
1570800200,1570140901,1570234800,63.48,104,0,테크노공원로,0,0,2020-09-01
1570800300,1570140902,1570140201,366.15,104,0,테크노북로2길,0,0,2020-09-01
1570800400,1570140201,1570140902,366.17,104,0,테크노북로2길,0,0,2020-09-01
1570800500,1570234900,1570234800,189.37,104,0,테크노공원로,0,0,2020-09-01
1570800600,1570234800,1570234900,181.6,104,0,테크노공원로,0,0,2020-09-01
1570800700,1570235000,1570234900,138.56,104,0,테크노공원로,0,0,2020-09-01
1570800800,1570234900,1570235000,129.82,104,0,테크노공원로,0,0,2020-09-01
1570800900,1570235300,1570235200,113.16,104,0,테크노공원로,0,0,2020-09-01
1570801000,1570235200,1570235300,113.16,104,0,테크노공원로,0,0,2020-09-01
1570801100,1570235300,1570142801,156.61,104,0,테크노공원로,0,0,2020-09-01
1570801200,1570142801,1570235300,156.61,104,0,테크노공원로,0,0,2020-09-01
1570801300,1570140903,1570140702,363.92,104,0,테크노북로4길,0,0,2020-09-01
1570801400,1570140702,1570140903,363.96,104,0,테크노북로4길,0,0,2020-09-01
1570801500,1570143301,1570142801,265.35,104,0,테크노공원로,0,0,2020-09-01
1570801600,1570142801,1570143301,265.25,104,0,테크노공원로,0,0,2020-09-01
1570801900,1570235500,1570234900,47.41,104,0,테크노상업로2길,0,0,2020-09-01
1570802000,1570234900,1570235500,47.41,104,0,테크노상업로2길,0,0,2020-09-01
1570802100,1570235600,1570235500,83.33,104,0,테크노상업로2길,0,0,2020-09-01
1570802200,1570235500,1570235600,83.33,104,0,테크노상업로2길,0,0,2020-09-01
1570803500,1570235900,1570235200,47.17,104,0,테크노상업로4길,0,0,2020-09-01
1570803600,1570235200,1570235900,47.17,104,0,테크노상업로4길,0,0,2020-09-01
1570803700,1570236200,1570235900,83.22,104,0,테크노상업로4길,0,0,2020-09-01
1570803800,1570235900,1570236200,83.22,104,0,테크노상업로4길,0,0,2020-09-01
1570803900,1570236200,1570141701,65.85,104,0,테크노상업로4길,0,0,2020-09-01
1570804000,1570141701,1570236200,65.85,104,0,테크노상업로4길,0,0,2020-09-01
1570805100,1570268100,1570236700,113.74,104,0,테크노북로6길,0,0,2020-09-01
1570805200,1570236700,1570268100,113.74,104,0,테크노북로6길,0,0,2020-09-01
1570805300,1570268100,1570141701,51.61,104,0,테크노북로6길,0,0,2020-09-01
1570805400,1570141701,1570268100,51.61,104,0,테크노북로6길,0,0,2020-09-01
1570805700,1570236700,1570141601,203.2,104,0,테크노북로6길,0,0,2020-09-01
1570805800,1570141601,1570236700,203.47,104,0,테크노북로6길,0,0,2020-09-01
1570805900,1570236800,1570236700,72.42,104,0,테크노북로6길,0,0,2020-09-01
1570806000,1570236700,1570236800,72.42,104,0,테크노북로6길,0,0,2020-09-01
1570806100,1570236800,1570141702,203.61,104,0,테크노중앙대로,0,0,2020-09-01
1570806200,1570141702,1570236800,203.61,104,0,테크노중앙대로,0,0,2020-09-01
1570806500,1570237100,1570140702,93.5,104,0,테크노북로3길,0,0,2020-09-01
1570806600,1570140702,1570237100,93.5,104,0,테크노북로3길,0,0,2020-09-01
1570807500,1570237300,1570237100,92.83,104,0,테크노북로3길,0,0,2020-09-01
1570807600,1570237100,1570237300,92.83,104,0,테크노북로3길,0,0,2020-09-01
1570808100,1570269200,1570268600,98.38,104,0,현풍로27길,0,0,2020-09-01
1570808200,1570268600,1570269200,98.38,104,0,현풍로27길,0,0,2020-09-01
1570808500,1570269900,1570268600,90.25,104,0,현풍로27길,0,0,2020-09-01
1570808600,1570268600,1570269900,89.43,104,0,현풍로27길,0,0,2020-09-01
1570809100,1570269300,1570269200,60.66,104,3,현풍로27길,0,0,2020-09-01
1570809200,1570269200,1570269300,58.62,104,3,현풍로27길,0,0,2020-09-01
1570809300,1570269300,1570237300,18.14,104,0,현풍로27길,0,0,2020-09-01
1570809400,1570237300,1570269300,18.14,104,0,현풍로27길,0,0,2020-09-01
1570809500,1570237300,1570141602,327.3,104,0,현풍로,0,0,2020-09-01
1570809600,1570141602,1570237300,330.9,104,0,현풍로,0,0,2020-09-01
1570816900,1570271600,1570141604,101.08,104,0,테크노북로5길,0,0,2020-09-01
1570817000,1570141604,1570271600,101.08,104,0,테크노북로5길,0,0,2020-09-01
1570817100,1570271600,1570141601,91.67,104,0,테크노북로5길,0,0,2020-09-01
1570817200,1570141601,1570271600,91.67,104,0,테크노북로5길,0,0,2020-09-01
1570819900,1570269900,1570140501,252.34,104,0,현풍동로18길,0,0,2020-09-01
1570820000,1570140501,1570269900,252.47,104,0,현풍동로18길,0,0,2020-09-01
1570827300,1570276100,1570003005,474.35,104,0,논공중앙로45길,0,0,2020-09-01
1570827400,1570003005,1570276100,474.17,104,0,논공중앙로45길,0,0,2020-09-01
1570827500,1570275500,1570003003,199.36,104,0,논공중앙로33길,0,0,2020-09-01
1570827600,1570003003,1570275500,198.83,104,0,논공중앙로33길,0,0,2020-09-01
1570827700,1570276000,1570275500,39.42,104,0,논공중앙로33길,0,0,2020-09-01
1570827800,1570275500,1570276000,40.26,104,0,논공중앙로33길,0,0,2020-09-01
1570827900,1570276000,1570013800,31.44,104,3,논공중앙로33길,0,0,2020-09-01
1570828000,1570013800,1570276000,31.44,104,3,논공중앙로33길,0,0,2020-09-01
1570828100,1570276100,1570013801,41.05,104,3,논공중앙로45길,0,0,2020-09-01
1570828200,1570013801,1570276100,41.05,104,3,논공중앙로45길,0,0,2020-09-01
1570828300,1570013801,1570013701,376.58,104,0,논공중앙로46길,0,0,2020-09-01
1570828400,1570013701,1570013801,377.13,104,0,논공중앙로46길,0,0,2020-09-01
1570889200,1570227100,1570228100,515.91,103,2,비슬로,0,0,2020-09-01
1570889300,1570228100,1570227100,518.22,103,2,비슬로,0,0,2020-09-01
1570889800,1570145100,1560083100,542.5,104,4,테크노폴리스로,0,5,2020-09-01
1570889900,1560083100,1570145100,544.38,104,4,테크노폴리스로,0,5,2020-09-01
1570890400,1570295100,1570295200,700.26,104,4,앞산터널로,0,5,2020-09-01
1570890500,1570295200,1570295100,685.82,104,4,앞산터널로,0,5,2020-09-01
1570890600,1570186200,1570186201,97.46,104,0,성천로,0,0,2020-09-01
1570890700,1570186201,1570186200,96.55,104,0,성천로,0,0,2020-09-01
1570890800,1570186201,1570204500,244.82,104,0,성천로,0,0,2020-09-01
1570890900,1570204500,1570186201,243.15,104,0,성천로,0,0,2020-09-01
1570891000,1570203400,1570203401,92.84,104,0,서재로,0,0,2020-09-01
1570891100,1570203401,1570203400,93.06,104,0,서재로,0,0,2020-09-01
1570891200,1570203401,1570203403,155.48,104,0,서재로,0,0,2020-09-01
1570891300,1570203403,1570203401,150.77,104,0,서재로,0,0,2020-09-01
1570891500,1570203403,1570203402,241.33,104,0,서재로,0,0,2020-09-01
1570891600,1570203402,1570203403,235.98,104,0,서재로,0,0,2020-09-01
1570891700,1570203402,1570011800,298.99,104,0,서재로,0,0,2020-09-01
1570891800,1570011800,1570203402,293.54,104,0,서재로,0,0,2020-09-01
1570891900,1520029200,1570207000,715.07,104,3,서재로,0,0,2020-09-01
1570892000,1570207000,1520029200,722.87,104,3,서재로,0,0,2020-09-01
1570892100,1570294700,3690218200,1465.34,101,0,경부고속도로,0,5,2020-09-01
1570892200,3690218200,1570294700,1476.67,101,0,경부고속도로,0,5,2020-09-01
3600019900,3600009500,3600009400,15.54,103,0,대경로,0,0,2020-09-01
3600020000,3600009400,3600009500,15.54,103,0,대경로,0,0,2020-09-01
3600020100,3600009300,3600009800,419.07,101,0,경부고속도로,0,5,2020-09-01
3600020200,3600184600,3600009300,631.6,101,0,경부고속도로,0,5,2020-09-01
3600020300,3600184600,3600009900,293.65,101,0,경부고속도로,0,5,2020-09-01
3600020400,3600184500,3600009800,663.87,101,0,경부고속도로,0,5,2020-09-01
3600020503,3600008900,3600184500,2460.92,101,0,경부고속도로,0,5,2020-09-01
3600020602,3600009900,3600008900,2320.16,101,0,경부고속도로,0,5,2020-09-01
3600020700,3600009300,3600009900,740.81,101,0,경부고속도로,0,5,2020-09-01
3600020800,3600184500,3600009300,471.89,101,0,경부고속도로,0,5,2020-09-01
3600021001,3600009800,3600009802,7175.16,101,0,경부고속도로,0,5,2020-09-01
3600021501,3600009500,3600009501,123.66,103,0,대경로,0,0,2020-09-01
3600021503,3600009501,3600009502,81.38,103,0,대경로,0,0,2020-09-01
3600021504,3600009502,3600010500,2304.77,103,0,대경로,0,0,2020-09-01
3600021602,3600009501,3600009500,124.24,103,0,대경로,0,0,2020-09-01
3600021603,3600010500,3600009502,2298.64,103,0,대경로,0,0,2020-09-01
3600021604,3600009502,3600009501,80.6,103,0,대경로,0,0,2020-09-01
3600022300,3600010500,3600010600,1735.94,103,0,대경로,0,0,2020-09-01
3600022400,3600010600,3600010500,1740.85,103,0,대경로,0,0,2020-09-01
3600022500,3600010600,3600010700,643.53,103,0,대경로,0,0,2020-09-01
3600022600,3600010700,3600010600,648.47,103,0,대경로,0,0,2020-09-01
3600022700,3600010700,3600010800,119.36,103,0,대경로,0,0,2020-09-01
3600022800,3600010800,3600010700,117.73,103,0,대경로,0,0,2020-09-01
3600023101,3600010800,3600010801,157.81,103,0,대경로,0,0,2020-09-01
3600023102,3600010801,3600011100,1023.73,103,0,대경로,0,0,2020-09-01
3600023201,3600011100,3600010801,1020.36,103,0,대경로,0,0,2020-09-01
3600023202,3600010801,3600010800,156.51,103,0,대경로,0,0,2020-09-01
3600023901,3600011100,3600011101,643.11,103,0,대경로,0,0,2020-09-01
3600023903,3600011101,3600011102,801.77,103,0,대경로,0,0,2020-09-01
3600023904,3600011102,3600011600,19.19,103,0,대경로,0,0,2020-09-01
3600024002,3600011101,3600011100,636.73,103,0,대경로,0,0,2020-09-01
3600024003,3600011600,3600011102,19.3,103,0,대경로,0,0,2020-09-01
3600024004,3600011102,3600011101,801.49,103,0,대경로,0,0,2020-09-01
3600024901,3600011700,3600011701,18.92,103,0,대경로,0,0,2020-09-01
3600024903,3600011701,3600011702,299.69,103,0,대경로,0,0,2020-09-01
3600024904,3600011702,3600012000,726.4,103,0,대경로,0,0,2020-09-01
3600025002,3600011701,3600011700,19.08,103,0,대경로,0,0,2020-09-01
3600025003,3600012000,3600011702,726.09,103,0,대경로,0,0,2020-09-01
3600025004,3600011702,3600011701,299.26,103,0,대경로,0,0,2020-09-01
3600025301,3600012000,3600012001,1298.73,103,0,대경로,0,0,2020-09-01
3600025302,3600012001,3600012200,26.05,103,0,대경로,0,0,2020-09-01
3600025401,3600012200,3600012001,26.05,103,0,대경로,0,0,2020-09-01
3600025402,3600012001,3600012000,1301.57,103,0,대경로,0,0,2020-09-01
3600025500,3600012200,3600012300,157.83,103,3,대경로,0,0,2020-09-01
3600025600,3600012300,3600012200,157.39,103,3,대경로,0,0,2020-09-01
3600025900,3600012300,3600012500,1235.05,103,0,대경로,0,0,2020-09-01
3600026000,3600012500,3600012300,1234.95,103,0,대경로,0,0,2020-09-01
3600026501,3600013000,3600013001,2241.81,101,0,익산포항고속도로,0,5,2020-09-01
3600448800,3600009801,3600184600,1846.21,101,0,경부고속도로,0,5,2020-09-01
3600749200,3600009802,3570894200,409.16,101,0,경부고속도로,0,5,2020-09-01
3600749300,3570894200,3600009801,6244.18,101,0,경부고속도로,0,5,2020-09-01
3600749400,3600013001,3600280200,4381.89,101,0,익산포항고속도로,0,5,2020-09-01
3600749500,3600013000,3600013200,1542.5,101,4,익산포항고속도로,0,5,2020-09-01
3600749600,3600013200,3600013000,1532.55,101,4,익산포항고속도로,0,5,2020-09-01
3600749700,3600280200,3600013000,6613.57,101,0,익산포항고속도로,0,5,2020-09-01
3610000300,3610000100,3610000200,1175.15,107,0,한티로,0,0,2025-01-15
3610000400,3610000200,3610000100,1182.99,107,0,한티로,0,0,2025-01-15
3610000501,3610000300,3610111200,2415.6,107,0,한티로,0,0,2025-01-15
3610000502,3610111200,3610000400,1224.17,107,0,한티로,0,0,2025-01-15
3610000601,3610000400,3610111200,1236.65,107,0,한티로,0,0,2025-01-15
3610000602,3610111200,3610000300,2377.79,107,0,한티로,0,0,2025-01-15
3610000700,3610000200,3610000300,1410.04,107,0,한티로,0,0,2025-01-15
3610000800,3610000300,3610000200,1438.82,107,0,한티로,0,0,2025-01-15
3610000903,3610111800,3610111801,495.3,107,0,한티로,0,0,2025-01-15
3610000904,3610111801,3610000500,1662.74,107,0,한티로,0,0,2025-01-15
3610000906,3610000401,3610111800,91.87,107,0,한티로,0,0,2025-01-15
3610000908,3610000402,3610000401,219.66,107,0,한티로,0,0,2025-01-15
3610000909,3610000400,3610000403,538.69,107,0,한티로,0,0,2025-01-15
3610000910,3610000403,3610000402,261.68,107,0,한티로,0,0,2025-01-15
3610001003,3610000500,3610111801,1659.23,107,0,한티로,0,0,2025-01-15
3610001004,3610111801,3610111800,475.7,107,0,한티로,0,0,2025-01-15
3610001005,3610111800,3610000401,98.5,107,0,한티로,0,0,2025-01-15
3610001007,3610000401,3610000402,227.41,107,0,한티로,0,0,2025-01-15
3610001009,3610000402,3610000403,254.75,107,0,한티로,0,0,2025-01-15
3610001010,3610000403,3610000400,557.8,107,0,한티로,0,0,2025-01-15
3610001100,3610000500,3610000600,50.42,107,3,한티로,0,0,2025-01-15
3610001200,3610000600,3610000500,51.91,107,3,한티로,0,0,2025-01-15
3610001300,3610000700,3570016200,1660.18,106,0,치산효령로,0,0,2025-01-15
3610001400,3570016200,3610000700,1659.79,106,0,치산효령로,0,0,2025-01-15
3610001501,3610112900,3610112600,1146.75,107,0,한티로,0,0,2025-01-15
3610001502,3610113500,3610001000,1314.42,107,0,한티로,0,0,2025-01-15
3610001503,3610112600,3610113500,1205.19,107,0,한티로,0,0,2025-01-15
3610001504,3610000600,3610112900,464.33,107,0,한티로,0,0,2025-01-15
3610001601,3610113500,3610112600,1201.14,107,0,한티로,0,0,2025-01-15
3610001602,3610001000,3610113500,1320.53,107,0,한티로,0,0,2025-01-15
3610001603,3610112600,3610112900,1135.6,107,0,한티로,0,0,2025-01-15
3610001604,3610112900,3610000600,475.08,107,0,한티로,0,0,2025-01-15
3610001700,3610000900,3610000700,3401.62,105,0,치산효령로,0,0,2025-01-15
3610001800,3610000700,3610000900,3403.44,105,0,치산효령로,0,0,2025-01-15
3610001900,3610000700,3610000800,2604.58,105,0,산성가음로,0,0,2025-01-15
3610002000,3610000800,3610000700,2623.15,105,0,산성가음로,0,0,2025-01-15
3610002100,3610000800,3570017100,898.72,106,0,갑티로,0,0,2025-01-15
3610002200,3570017100,3610000800,893.69,106,0,갑티로,0,0,2025-01-15
3610002300,3610001000,3610000900,505.52,105,0,치산효령로,0,0,2025-01-15
3610002400,3610000900,3610001000,502.45,105,0,치산효령로,0,0,2025-01-15
3610002501,3610001000,3610090000,202.59,106,0,치산효령로,0,0,2025-01-15
3610002502,3610090000,3610001100,185.32,106,0,치산효령로,0,0,2025-01-15
3610002601,3610001100,3610090000,186.42,106,0,치산효령로,0,0,2025-01-15
3610002602,3610090000,3610001000,212.09,106,0,치산효령로,0,0,2025-01-15
3610002700,3610000800,3610001200,1740.22,105,0,산성가음로,0,0,2025-01-15
3610002800,3610001200,3610000800,1720.72,105,0,산성가음로,0,0,2025-01-15
3610002900,3610001300,3610001200,54.88,105,3,산성가음로,0,0,2025-01-15
3610003000,3610001200,3610001300,54.88,105,3,산성가음로,0,0,2025-01-15
3610003100,3610140100,3610001500,1139.68,103,0,경북대로,0,0,2025-01-15
3610003200,3610001500,3610140100,1122.38,103,0,경북대로,0,0,2025-01-15
3610003300,3570017300,3610001400,721.74,107,0,동부로,0,0,2025-01-15
3610003400,3610001400,3570017300,704.86,107,0,동부로,0,0,2025-01-15
3610003500,3610001500,3610001611,824.37,103,0,경북대로,0,0,2025-01-15
3610003501,3610001611,3610001610,12.06,103,0,경북대로,0,0,2025-01-15
3610003600,3610001612,3610001500,823.93,103,0,경북대로,0,0,2025-01-15
3610003701,3610065600,3610066500,1029.85,107,0,동부로,0,0,2025-01-15
3610003702,3610066500,3610002000,525.62,103,0,동부로,0,0,2025-01-15
3610003703,3610001400,3610065600,513.16,107,0,동부로,0,0,2025-01-15
3610003801,3610002000,3610066500,504.82,103,0,동부로,0,0,2025-01-15
3610003802,3610065600,3610001400,534.33,107,0,동부로,0,0,2025-01-15
3610003803,3610066500,3610065600,1034.33,107,0,동부로,0,0,2025-01-15
3610003901,3610001300,3610001301,2200.16,105,0,산성가음로,0,0,2025-01-15
3610003902,3610001301,3610002300,1322.6,105,0,산성가음로,0,0,2025-01-15
3610004001,3610002300,3610001301,1321.54,105,0,산성가음로,0,0,2025-01-15
3610004002,3610001301,3610001300,2214.87,105,0,산성가음로,0,0,2025-01-15
3610004501,3610001100,3610001101,2780.58,106,0,치산효령로,0,0,2025-01-15
3610004504,3610001102,3610002800,1872.3,106,0,치산효령로,0,0,2025-01-15
3610004505,3610001101,3610001103,492.01,106,0,치산효령로,0,0,2025-01-15
3610004507,3610001103,3610001104,966.57,106,0,치산효령로,0,0,2025-01-15
3610004508,3610001104,3610001102,3845.09,106,0,치산효령로,0,0,2025-01-15
3610004602,3610001101,3610001100,2774.79,106,0,치산효령로,0,0,2025-01-15
3610004603,3610002800,3610001102,1858.93,106,0,치산효령로,0,0,2025-01-15
3610004606,3610001103,3610001101,485.34,106,0,치산효령로,0,0,2025-01-15
3610004607,3610001102,3610001104,3852.96,106,0,치산효령로,0,0,2025-01-15
3610004608,3610001104,3610001103,969.98,106,0,치산효령로,0,0,2025-01-15
3610004700,3610002000,3610002100,71.11,103,0,동부로,0,0,2025-01-15
3610004800,3610002100,3610002000,72.25,103,0,동부로,0,0,2025-01-15
3610004900,3610002100,3610002200,77.04,103,3,동부로,0,0,2025-01-15
3610005000,3610002200,3610002100,74.81,103,3,동부로,0,0,2025-01-15
3610005103,3610002000,3610001704,1588.01,106,0,삼국유사로,0,0,2025-01-15
3610005104,3610001704,3610001701,1967.93,106,0,삼국유사로,0,0,2025-01-15
3610005203,3610001701,3610001704,1965.37,106,0,삼국유사로,0,0,2025-01-15
3610005204,3610001704,3610002000,1608.23,106,0,삼국유사로,0,0,2025-01-15
3610005302,3610001601,3610002500,319.6,103,0,경북대로,0,0,2025-01-15
3610005304,3610001614,3610001601,1119.95,103,0,경북대로,0,0,2025-01-15
3610005305,3610001610,3610001619,185.81,103,0,경북대로,0,0,2025-01-15
3610005307,3610001618,3610001622,208.8,103,0,경북대로,0,0,2025-01-15
3610005309,3610001622,3610001624,132.12,103,0,경북대로,0,0,2025-01-15
3610005311,3610001624,3610001626,737.48,103,0,경북대로,0,0,2025-01-15
3610005313,3610001626,3610001628,202.79,103,0,경북대로,0,0,2025-01-15
3610005315,3610001628,3610001630,525.88,103,0,경북대로,0,0,2025-01-15
3610005317,3610001630,3610001632,660,103,0,경북대로,0,0,2025-01-15
3610005318,3610001632,3610001615,307.69,103,0,경북대로,0,0,2025-01-15
3610005319,3610001615,3610001614,12.66,103,0,경북대로,0,0,2025-01-15
3610005320,3610001619,3610001618,12.07,103,0,경북대로,0,0,2025-01-15
3610005401,3610002500,3610001601,320.06,103,0,경북대로,0,0,2025-01-15
3610005403,3610001601,3610001617,1103.38,103,0,경북대로,0,0,2025-01-15
3610005406,3610001620,3610001613,187.71,103,0,경북대로,0,0,2025-01-15
3610005408,3610001623,3610001621,206.34,103,0,경북대로,0,0,2025-01-15
3610005410,3610001625,3610001623,131.8,103,0,경북대로,0,0,2025-01-15
3610005412,3610001627,3610001625,736.57,103,0,경북대로,0,0,2025-01-15
3610005414,3610001629,3610001627,202.79,103,0,경북대로,0,0,2025-01-15
3610005416,3610001631,3610001629,532.84,103,0,경북대로,0,0,2025-01-15
3610005417,3610001616,3610001633,302.21,103,0,경북대로,0,0,2025-01-15
3610005418,3610001633,3610001631,665.38,103,0,경북대로,0,0,2025-01-15
3610005419,3610001613,3610001612,12.03,103,0,경북대로,0,0,2025-01-15
3610005420,3610001617,3610001616,12.14,103,0,경북대로,0,0,2025-01-15
3610005421,3610001621,3610001620,12.43,103,0,경북대로,0,0,2025-01-15
3610005900,3610002500,3610002600,251,103,0,경북대로,0,0,2025-01-15
3610006000,3610002600,3610002500,261.5,103,0,경북대로,0,0,2025-01-15
3610006100,3610002600,3610002700,206.56,103,3,경북대로,0,0,2025-01-15
3610006200,3610002700,3610002600,207.46,103,3,경북대로,0,0,2025-01-15
3610006300,3610002700,3610002900,242.38,103,0,경북대로,0,0,2025-01-15
3610006400,3610002900,3610002700,242.63,103,0,경북대로,0,0,2025-01-15
3610006500,3610002900,3610002800,432.57,106,0,치산효령로,0,0,2025-01-15
3610006600,3610002800,3610002900,427.39,106,0,치산효령로,0,0,2025-01-15
3610006903,3610002201,3610002202,3058.77,103,0,동부로,0,0,2025-01-15
3610006904,3610002202,3610003600,3221.78,103,0,동부로,0,0,2025-01-15
3610007003,3610003600,3610002202,3210.39,103,0,동부로,0,0,2025-01-15
3610007004,3610002202,3610002201,3050.78,103,0,동부로,0,0,2025-01-15
3610007100,3610003000,3610003100,60.77,106,3,삼국유사로,0,0,2025-01-15
3610007200,3610003100,3610003000,60.68,106,3,삼국유사로,0,0,2025-01-15
3610007301,3610002900,3610002901,1012.9,103,0,경북대로,0,0,2025-01-15
3610007302,3610002901,3610003700,1507.94,103,0,경북대로,0,0,2025-01-15
3610007401,3610003700,3610002901,1503.48,103,0,경북대로,0,0,2025-01-15
3610007402,3610002901,3610002900,1028.69,103,0,경북대로,0,0,2025-01-15
3610007500,3610003800,3570018800,4688.58,106,0,삼국유사로,0,0,2025-01-15
3610007600,3570018800,3610003800,4693.75,106,0,삼국유사로,0,0,2025-01-15
3610007700,3610003100,3610003400,2059.6,106,0,삼국유사로,0,0,2025-01-15
3610007800,3610003400,3610003100,2065.01,106,0,삼국유사로,0,0,2025-01-15
3610007900,3610003300,3610003500,156.93,105,3,산성가음로,0,0,2025-01-15
3610008000,3610003500,3610003300,155.27,105,3,산성가음로,0,0,2025-01-15
3610008100,3610003600,3610003500,953.88,103,0,동부로,0,0,2025-01-15
3610008200,3610003500,3610003600,966.4,103,0,동부로,0,0,2025-01-15
3610008300,3610003500,3610004200,2347.35,103,0,동부로,0,0,2025-01-15
3610008400,3610004200,3610003500,2356.68,103,0,동부로,0,0,2025-01-15
3610008500,3610003400,3610003800,1367.65,106,0,삼국유사로,0,0,2025-01-15
3610008600,3610003800,3610003400,1373.65,106,0,삼국유사로,0,0,2025-01-15
3610008700,3610003500,3610003900,538.95,105,0,산성가음로,0,0,2025-01-15
3610008800,3610003900,3610003500,537.94,105,0,산성가음로,0,0,2025-01-15
3610008900,3610003700,3610004100,187.16,103,3,경북대로,0,0,2025-01-15
3610009000,3610004100,3610003700,186.36,103,3,경북대로,0,0,2025-01-15
3610009100,3610004400,3610003900,1039.1,105,0,산성가음로,0,0,2025-01-15
3610009200,3610003900,3610004400,1042.05,105,0,산성가음로,0,0,2025-01-15
3610009300,3610004100,3610004300,228,103,0,경북대로,0,0,2025-01-15
3610009400,3610004300,3610004100,220.08,103,0,경북대로,0,0,2025-01-15
3610009500,3610004300,3610004600,2430.38,106,0,효우로,0,0,2025-01-15
3610009600,3610004600,3610004300,2437.58,106,0,효우로,0,0,2025-01-15
3610009700,3610004200,3610004500,1397.35,103,0,동부로,0,0,2025-01-15
3610009800,3610004500,3610004200,1406.46,103,0,동부로,0,0,2025-01-15
3610009903,3610004601,3610004801,2228.79,106,0,효우로,0,0,2025-01-15
3610009904,3610004600,3610004602,378.71,106,0,효우로,0,0,2025-01-15
3610009905,3610004602,3610004601,1975.23,106,0,효우로,0,0,2025-01-15
3610010002,3610004801,3610004601,2218.48,106,0,효우로,0,0,2025-01-15
3610010004,3610004601,3610004602,1963.78,106,0,효우로,0,0,2025-01-15
3610010005,3610004602,3610004600,392.29,106,0,효우로,0,0,2025-01-15
3610010300,3610004400,3610005200,2604.39,105,0,산성가음로,0,0,2025-01-15
3610010400,3610005200,3610004400,2601.17,105,0,산성가음로,0,0,2025-01-15
3610010501,3610004300,3610004301,1717.06,103,0,경북대로,0,0,2025-01-15
3610010502,3610004301,3610005500,1375.07,103,0,경북대로,0,0,2025-01-15
3610010601,3610005500,3610004301,1384.91,103,0,경북대로,0,0,2025-01-15
3610010602,3610004301,3610004300,1719.19,103,0,경북대로,0,0,2025-01-15
3610010901,3610004700,3610004701,47.39,106,3,효우로,0,0,2025-01-15
3610011001,3610004701,3610004700,52.46,106,3,효우로,0,0,2025-01-15
3610011100,3610004700,3610005000,877.76,103,0,동부로,0,0,2025-01-15
3610011200,3610005000,3610004700,878.8,103,0,동부로,0,0,2025-01-15
3610011301,3610004800,3610004802,86.82,107,0,이화길,0,0,2025-01-15
3610011303,3610004802,3610004803,470.82,107,0,이화길,0,0,2025-01-15
3610011304,3610004803,3610005000,139.87,107,0,이화길,0,0,2025-01-15
3610011402,3610004802,3610004800,87.39,107,0,이화길,0,0,2025-01-15
3610011403,3610005000,3610004803,134.63,107,0,이화길,0,0,2025-01-15
3610011404,3610004803,3610004802,476.91,107,0,이화길,0,0,2025-01-15
3610011500,3610004900,3610005100,386.37,101,0,중앙고속도로,0,5,2025-01-15
3610011600,3610005100,3610004900,573.61,101,0,중앙고속도로,0,5,2025-01-15
3610011700,3610004900,3610005400,567.5,101,0,중앙고속도로,0,5,2025-01-15
3610011800,3610005400,3610004900,568.7,101,0,중앙고속도로,0,5,2025-01-15
3610011900,3610005100,3610005300,379.88,101,0,중앙고속도로,0,5,2025-01-15
3610012000,3610005300,3610005100,359.52,101,0,중앙고속도로,0,5,2025-01-15
3610012100,3610005100,3610005400,281.2,101,0,중앙고속도로,0,5,2025-01-15
3610012200,3610005400,3610005100,796.49,101,0,중앙고속도로,0,5,2025-01-15
3610012300,3610005300,3610005700,159.47,101,0,중앙고속도로,0,5,2025-01-15
3610012400,3610005700,3610005300,161.59,101,0,중앙고속도로,0,5,2025-01-15
3610012500,3610005500,3610005600,38.98,103,0,경북대로,0,0,2025-01-15
3610012600,3610005600,3610005500,39.26,103,0,경북대로,0,0,2025-01-15
3610012700,3610005800,3610005600,41.26,103,0,경북대로,0,0,2025-01-15
3610012800,3610005600,3610005800,41.26,103,0,경북대로,0,0,2025-01-15
3610012901,3610005000,3610005001,442.14,103,0,동부로,0,0,2025-01-15
3610012902,3610005001,3610005900,857.89,103,0,동부로,0,0,2025-01-15
3610013001,3610005900,3610005001,859.88,103,0,동부로,0,0,2025-01-15
3610013002,3610005001,3610005000,436.94,103,0,동부로,0,0,2025-01-15
3610013100,3610005800,3610006000,1550.55,103,0,경북대로,0,0,2025-01-15
3610013200,3610006000,3610005800,1552.79,103,0,경북대로,0,0,2025-01-15
3610013300,3610006000,3610006100,161.06,103,0,경북대로,0,0,2025-01-15
3610013400,3610006100,3610006000,160.29,103,0,경북대로,0,0,2025-01-15
3610013500,3610006100,3610006200,747.56,103,0,경북대로,0,0,2025-01-15
3610013600,3610006200,3610006100,758.23,103,0,경북대로,0,0,2025-01-15
3610013900,3610006200,3610006400,910.06,103,0,경북대로,0,0,2025-01-15
3610014000,3610006400,3610006200,925.45,103,0,경북대로,0,0,2025-01-15
3610014101,3550012800,3610140000,1455.21,106,0,송백로,0,0,2025-01-15
3610014102,3610140000,3610006800,1422.16,106,0,송백로,0,0,2025-01-15
3610014201,3610006800,3610140000,1394.96,106,0,송백로,0,0,2025-01-15
3610014202,3610140000,3550012800,1463.87,106,0,송백로,0,0,2025-01-15
3610014302,3610006501,3610007200,4462.17,106,0,군위금성로,0,0,2025-01-15
3610014303,3610006500,3610006502,2510.87,106,0,군위금성로,0,0,2025-01-15
3610014304,3610006502,3610006501,273.71,106,0,군위금성로,0,0,2025-01-15
3610014401,3610007200,3610006501,4455.71,106,0,군위금성로,0,0,2025-01-15
3610014403,3610006501,3610006502,283.65,106,0,군위금성로,0,0,2025-01-15
3610014404,3610006502,3610006500,2502,106,0,군위금성로,0,0,2025-01-15
3610014501,3610006400,3610006401,505.8,103,0,경북대로,0,0,2025-01-15
3610014502,3610006401,3610007100,962.87,103,0,경북대로,0,0,2025-01-15
3610014601,3610007100,3610006401,967.72,103,0,경북대로,0,0,2025-01-15
3610014602,3610006401,3610006400,502.24,103,0,경북대로,0,0,2025-01-15
3610014702,3610006506,3610006500,173.12,107,0,군청로,0,0,2025-01-15
3610014703,3610006700,3610006508,272.8,107,0,군청로,0,0,2025-01-15
3610014704,3610006508,3610006506,112.98,107,0,군청로,0,0,2025-01-15
3610014801,3610006500,3610006506,172.33,107,0,군청로,0,0,2025-01-15
3610014803,3610006506,3610006508,113.82,107,0,군청로,0,0,2025-01-15
3610014804,3610006508,3610006700,277.53,107,0,군청로,0,0,2025-01-15
3610014900,3610006600,3610006700,351.41,107,0,도군로,0,0,2025-01-15
3610015000,3610006700,3610006600,344.48,107,0,도군로,0,0,2025-01-15
3610015101,3610007100,3610006601,595.74,105,0,도군로,0,0,2025-01-15
3610015102,3610006601,3610006600,49.04,105,0,도군로,0,0,2025-01-15
3610015201,3610006600,3610006601,47.62,105,0,도군로,0,0,2025-01-15
3610015202,3610006601,3610007100,585.65,105,0,도군로,0,0,2025-01-15
3610015300,3610006800,3610006900,55.33,106,3,송백로,0,0,2025-01-15
3610015400,3610006900,3610006800,57.69,106,3,송백로,0,0,2025-01-15
3610015500,3610006900,3610007000,28.92,106,0,송백로,0,0,2025-01-15
3610015600,3610007000,3610006900,30.75,106,0,송백로,0,0,2025-01-15
3610015700,3610007500,3610007100,249.35,105,0,도군로,0,0,2025-01-15
3610015800,3610007100,3610007500,250.33,105,0,도군로,0,0,2025-01-15
3610015900,3610007100,3610007600,241.5,103,0,경북대로,0,0,2025-01-15
3610016000,3610007600,3610007100,242.57,103,0,경북대로,0,0,2025-01-15
3610016300,3610007600,3610007700,93.94,103,3,경북대로,0,0,2025-01-15
3610016400,3610007700,3610007600,93.95,103,3,경북대로,0,0,2025-01-15
3610016700,3610007000,3610008000,1523.99,106,0,송백로,0,0,2025-01-15
3610016800,3610008000,3610007000,1515.75,106,0,송백로,0,0,2025-01-15
3610017100,3610008100,3610008000,63.39,107,3,도군로,0,0,2025-01-15
3610017200,3610008000,3610008100,63.39,107,3,도군로,0,0,2025-01-15
3610017300,3610008300,3610008200,5142.42,105,0,도군로,0,0,2025-01-15
3610017400,3610008200,3610008300,5129.8,105,0,도군로,0,0,2025-01-15
3610017501,3610008000,3610008001,256.15,106,0,송백로,0,0,2025-01-15
3610017502,3610008001,3610008200,1320.03,105,0,도군로,0,0,2025-01-15
3610017601,3610008001,3610008000,260.45,106,0,송백로,0,0,2025-01-15
3610017602,3610008200,3610008001,1310.47,105,0,도군로,0,0,2025-01-15
3610017701,3610007700,3610007709,552.59,103,0,경북대로,0,0,2025-01-15
3610017705,3610007708,3610007714,178.04,103,0,경북대로,0,0,2025-01-15
3610017706,3610007714,3610007712,708.38,103,0,경북대로,0,0,2025-01-15
3610017707,3610007712,3610007716,775.29,103,0,경북대로,0,0,2025-01-15
3610017709,3610007716,3610007718,453.91,103,0,경북대로,0,0,2025-01-15
3610017712,3610007720,3610008701,167.27,103,0,경북대로,0,0,2025-01-15
3610017713,3610007718,3610007722,472.37,103,0,경북대로,0,0,2025-01-15
3610017714,3610007722,3610007720,447.71,103,0,경북대로,0,0,2025-01-15
3610017715,3610007709,3610007708,47.31,103,0,경북대로,0,0,2025-01-15
3610017802,3610007710,3610007700,552.71,103,0,경북대로,0,0,2025-01-15
3610017805,3610007713,3610007715,707.51,103,0,경북대로,0,0,2025-01-15
3610017806,3610007715,3610007711,177.85,103,0,경북대로,0,0,2025-01-15
3610017808,3610007717,3610007713,773.74,103,0,경북대로,0,0,2025-01-15
3610017810,3610007719,3610007717,458.23,103,0,경북대로,0,0,2025-01-15
3610017811,3610008702,3610007721,167,103,0,경북대로,0,0,2025-01-15
3610017813,3610007721,3610007723,445.76,103,0,경북대로,0,0,2025-01-15
3610017814,3610007723,3610007719,469.83,103,0,경북대로,0,0,2025-01-15
3610017815,3610007711,3610007710,47.05,103,0,경북대로,0,0,2025-01-15
3610018103,3610008101,3610008102,1258.65,105,0,도군로,0,0,2025-01-15
3610018104,3610008102,3610008500,2788.73,105,0,도군로,0,0,2025-01-15
3610018203,3610008500,3610008102,2807.9,105,0,도군로,0,0,2025-01-15
3610018204,3610008102,3610008101,1251.64,105,0,도군로,0,0,2025-01-15
3610018300,3610008500,3610008400,125.92,105,3,도군로,0,0,2025-01-15
3610018400,3610008400,3610008500,125.94,105,3,도군로,0,0,2025-01-15
3610018502,3610007501,3610007500,815.8,105,0,도군로,0,0,2025-01-15
3610018504,3610007502,3610007501,281.85,105,0,도군로,0,0,2025-01-15
3610018506,3610007503,3610007502,1348.04,105,0,도군로,0,0,2025-01-15
3610018507,3610008400,3610007504,4765.05,105,0,도군로,0,0,2025-01-15
3610018508,3610007504,3610007503,73.26,105,0,도군로,0,0,2025-01-15
3610018601,3610007500,3610007501,831.15,105,0,도군로,0,0,2025-01-15
3610018603,3610007501,3610007502,271.44,105,0,도군로,0,0,2025-01-15
3610018605,3610007502,3610007503,1341.56,105,0,도군로,0,0,2025-01-15
3610018607,3610007503,3610007504,70.57,105,0,도군로,0,0,2025-01-15
3610018608,3610007504,3610008400,4774.19,105,0,도군로,0,0,2025-01-15
3610018700,3610008200,3610008800,1753.61,106,0,소보안계로,0,0,2025-01-15
3610018800,3610008800,3610008200,1751.07,106,0,소보안계로,0,0,2025-01-15
3610018900,3610008800,3610008900,4465.59,107,0,사촌길,0,0,2025-01-15
3610019000,3610008900,3610008800,4473.82,107,0,사촌길,0,0,2025-01-15
3610019100,3610008800,3610009200,3744.97,106,0,소보안계로,0,0,2025-01-15
3610019200,3610009200,3610008800,3729.99,106,0,소보안계로,0,0,2025-01-15
3610019300,3610008900,3610009100,541.26,107,0,보현2길,0,0,2025-01-15
3610019400,3610009100,3610008900,555.21,107,0,보현2길,0,0,2025-01-15
3610019500,3610009200,3610009000,2173.96,106,0,소보안계로,0,0,2025-01-15
3610019600,3610009000,3610009200,2181.07,106,0,소보안계로,0,0,2025-01-15
3610019901,3610004701,3610004702,21.29,106,0,효우로,0,0,2025-01-15
3610019902,3610004702,3610004801,1373.76,106,0,효우로,0,0,2025-01-15
3610020001,3610004801,3610004702,1377.58,106,0,효우로,0,0,2025-01-15
3610020002,3610004702,3610004701,22.03,106,0,효우로,0,0,2025-01-15
3610020104,3610006504,3610006503,116.41,106,0,동서길,0,0,2025-01-15
3610020105,3610006500,3610006505,312.84,106,0,동서길,0,0,2025-01-15
3610020106,3610006505,3610006504,137.68,106,0,동서길,0,0,2025-01-15
3610020108,3610006507,3610006600,301.28,106,0,동서길,0,0,2025-01-15
3610020109,3610006503,3610006509,158.33,106,0,동서길,0,0,2025-01-15
3610020110,3610006509,3610006507,115.85,106,0,동서길,0,0,2025-01-15
3610020203,3610006503,3610006504,123.62,106,0,동서길,0,0,2025-01-15
3610020205,3610006504,3610006505,140.08,106,0,동서길,0,0,2025-01-15
3610020206,3610006505,3610006500,309.04,106,0,동서길,0,0,2025-01-15
3610020207,3610006600,3610006507,299.04,106,0,동서길,0,0,2025-01-15
3610020209,3610006507,3610006509,115.63,106,0,동서길,0,0,2025-01-15
3610020210,3610006509,3610006503,178.74,106,0,동서길,0,0,2025-01-15
3610020300,3610009300,3550020900,2888.44,103,0,장천로,0,0,2025-01-15
3610020400,3610009400,3610009500,40.5,106,3,도신로,0,0,2025-01-15
3610020500,3610009500,3610009400,41.07,106,3,도신로,0,0,2025-01-15
3610020600,3610009500,3610009600,939.39,106,0,도신로,0,0,2025-01-15
3610020700,3610009700,3610009400,783.27,106,0,도신로,0,0,2025-01-15
3610020800,3610009400,3610009700,798.68,106,0,도신로,0,0,2025-01-15
3610020900,3610007000,3610009800,3198.41,106,0,도신로,0,0,2025-01-15
3610021000,3610009800,3610007000,3202.95,106,0,도신로,0,0,2025-01-15
3610021100,3610009800,3610009700,26.65,106,3,도신로,0,0,2025-01-15
3610021200,3610009700,3610009800,21.88,106,3,도신로,0,0,2025-01-15
3610021300,3610009000,3610009100,1672.96,106,0,소보안계로,0,0,2025-01-15
3610021400,3610009100,3610009000,1690.74,106,0,소보안계로,0,0,2025-01-15
3610021500,3610008002,3610008101,448.41,105,0,도군로,0,0,2025-01-15
3610021600,3610008101,3610008002,444.5,105,0,도군로,0,0,2025-01-15
3610021700,3610008002,3610008001,60.5,105,3,도군로,0,0,2025-01-15
3610021800,3610008001,3610008002,60.5,105,3,도군로,0,0,2025-01-15
3610021900,3610005600,3610005700,47.64,103,0,장천로,0,0,2025-01-15
3610022000,3610005700,3610009300,193.2,103,3,장천로,0,0,2025-01-15
3610022100,3610009300,3610005700,193.2,103,3,장천로,0,0,2025-01-15
3610022200,3610005700,3610005600,47.64,103,0,장천로,0,0,2025-01-15
3610143700,3610065600,3610065700,47.93,107,0,동부로,0,0,2025-01-15
3610143800,3610065700,3610065600,48.21,107,0,동부로,0,0,2025-01-15
3610302803,3610006201,3610006202,202.16,107,0,군청로,0,0,2025-01-15
3610302806,3610006203,3610006200,565.18,107,0,군청로,0,0,2025-01-15
3610302807,3610006202,3610006204,68.33,107,0,군청로,0,0,2025-01-15
3610302808,3610006204,3610006203,121.68,107,0,군청로,0,0,2025-01-15
3610302809,3610006500,3610006205,303.97,107,0,군청로,0,0,2025-01-15
3610302810,3610006205,3610006201,185.67,107,0,군청로,0,0,2025-01-15
3610302904,3610006202,3610006201,197.81,107,0,군청로,0,0,2025-01-15
3610302905,3610006200,3610006203,574.74,107,0,군청로,0,0,2025-01-15
3610302907,3610006203,3610006204,122.11,107,0,군청로,0,0,2025-01-15
3610302908,3610006204,3610006202,68.45,107,0,군청로,0,0,2025-01-15
3610302909,3610006201,3610006205,184.73,107,0,군청로,0,0,2025-01-15
3610302910,3610006205,3610006500,311.95,107,0,군청로,0,0,2025-01-15
3610341500,3610085100,3610085200,477.01,101,4,상주영천고속도로,0,5,2025-01-15
3610341600,3610085200,3610085100,478.54,101,4,상주영천고속도로,0,5,2025-01-15
3610341701,3610085200,3610090300,5221.18,101,0,상주영천고속도로,0,5,2025-01-15
3610341702,3610090300,3610090400,294.73,101,0,상주영천고속도로,0,5,2025-01-15
3610341703,3610090400,3610086500,4458.05,101,0,상주영천고속도로,0,5,2025-01-15
3610341801,3610090400,3610090300,294.8,101,0,상주영천고속도로,0,5,2025-01-15
3610341802,3610086500,3610090400,4465.42,101,0,상주영천고속도로,0,5,2025-01-15
3610341803,3610090300,3610085200,5221.25,101,0,상주영천고속도로,0,5,2025-01-15
3610344100,3610086500,3610086600,399.51,101,4,상주영천고속도로,0,5,2025-01-15
3610344200,3610086600,3610086500,398.56,101,4,상주영천고속도로,0,5,2025-01-15
3610344500,3610086600,3610086700,913.71,101,0,상주영천고속도로,0,5,2025-01-15
3610344600,3610086700,3610086600,907.94,101,0,상주영천고속도로,0,5,2025-01-15
3610345000,3610087000,3610086700,1333.67,101,4,상주영천고속도로,0,5,2025-01-15
3610346200,3610087700,3610087400,1163.38,101,0,중앙고속도로,0,5,2025-01-15
3610346300,3610087400,3610087700,427.28,101,0,상주영천고속도로,0,5,2025-01-15
3610347100,3610087700,3610088500,1043.9,101,0,상주영천고속도로,0,5,2025-01-15
3610347200,3610088500,3610087700,1039.97,101,0,중앙고속도로,0,5,2025-01-15
3610347900,3610088000,3610088800,1221.54,101,0,상주영천고속도로,0,5,2025-01-15
3610348100,3610088800,3610088000,1225.86,101,0,상주영천고속도로,0,5,2025-01-15
3610348300,3610088500,3610088900,514.6,101,0,상주영천고속도로,0,5,2025-01-15
3610348400,3610088900,3610088500,509.1,101,0,중앙고속도로,0,5,2025-01-15
3610348500,3610088800,3610088900,759.36,101,0,중앙고속도로,0,5,2025-01-15
3610348600,3610088900,3610088800,1068.87,101,0,상주영천고속도로,0,5,2025-01-15
3610348700,3610088800,3610089000,847.41,101,0,상주영천고속도로,0,5,2025-01-15
3610348800,3610089000,3610088800,842.82,101,0,상주영천고속도로,0,5,2025-01-15
3610348900,3610088900,3610089000,552.79,101,0,상주영천고속도로,0,5,2025-01-15
3610349000,3610089000,3610088900,1194.16,101,0,중앙고속도로,0,5,2025-01-15
3610349100,3610089000,3610089100,478.05,101,0,상주영천고속도로,0,5,2025-01-15
3610349200,3610089100,3610089000,477.57,101,0,상주영천고속도로,0,5,2025-01-15
3610349300,3610089100,3610089200,385.72,101,4,상주영천고속도로,0,5,2025-01-15
3610349400,3610089200,3610089100,387.45,101,4,상주영천고속도로,0,5,2025-01-15
3610349500,3610089200,3610089300,169.2,101,0,상주영천고속도로,0,5,2025-01-15
3610349600,3610089300,3610089200,167.86,101,0,상주영천고속도로,0,5,2025-01-15
3610349700,3610089300,3610089400,981.12,101,4,상주영천고속도로,0,5,2025-01-15
3610349800,3610089400,3610089300,981.24,101,4,상주영천고속도로,0,5,2025-01-15
3610349900,3610089400,3610089500,8233.73,101,0,상주영천고속도로,0,5,2025-01-15
3610350000,3610089500,3610089400,8236.35,101,0,상주영천고속도로,0,5,2025-01-15
3610350100,3610089500,3610089600,265.95,101,0,상주영천고속도로,0,5,2025-01-15
3610350200,3610089700,3610089500,264.31,101,0,상주영천고속도로,0,5,2025-01-15
3610350300,3610089500,3610089900,544.58,101,0,상주영천고속도로,0,5,2025-01-15
3610350400,3610089700,3610089600,83.22,101,0,상주영천고속도로,0,5,2025-01-15
3610350500,3610089900,3610089500,542.87,101,0,상주영천고속도로,0,5,2025-01-15
3610350600,3610089600,3610089700,81.45,101,0,상주영천고속도로,0,5,2025-01-15
3610350700,3610089600,3610089900,270.13,101,0,상주영천고속도로,0,5,2025-01-15
3610350800,3610089800,3610089700,164.4,101,0,상주영천고속도로,0,5,2025-01-15
3610350900,3610089700,3610089800,165.6,101,0,상주영천고속도로,0,5,2025-01-15
3610351000,3610089900,3610089700,272.9,101,0,상주영천고속도로,0,5,2025-01-15
3610351100,3610090000,3610089800,144.84,101,0,상주영천고속도로,0,5,2025-01-15
3610351200,3610089800,3610090000,142.95,101,0,상주영천고속도로,0,5,2025-01-15
3610351300,3610089900,3610090100,3583.24,101,0,상주영천고속도로,0,5,2025-01-15
3610351400,3610090100,3610089900,3583.51,101,0,상주영천고속도로,0,5,2025-01-15
3610351500,3610090100,3610090200,1376.93,101,0,상주영천고속도로,0,5,2025-01-15
3610351600,3610090200,3610090100,1372.44,101,0,상주영천고속도로,0,5,2025-01-15
3610351700,3610090300,3610090500,368.89,101,0,상주영천고속도로,0,5,2025-01-15
3610351800,3610090500,3610090300,434.16,101,0,상주영천고속도로,0,5,2025-01-15
3610351900,3610090500,3610090400,336.72,101,0,상주영천고속도로,0,5,2025-01-15
3610352000,3610090400,3610090500,378.19,101,0,상주영천고속도로,0,5,2025-01-15
3610352100,3610090500,3610090600,182.44,101,0,상주영천고속도로,0,5,2025-01-15
3610352200,3610090600,3610090500,171.19,101,0,상주영천고속도로,0,5,2025-01-15
3610352300,3610090600,3610007000,147.47,101,0,상주영천고속도로,0,5,2025-01-15
3610352400,3610007000,3610090600,147.16,101,0,상주영천고속도로,0,5,2025-01-15
3610395200,3610111300,3610111100,669.51,105,0,한티로,0,0,2025-01-15
3610395300,3610111100,3610111300,678.04,105,0,한티로,0,0,2025-01-15
3610395400,3610111300,3610111200,362.26,107,0,한티로,0,0,2025-01-15
3610395500,3610111200,3610111300,386.73,107,0,한티로,0,0,2025-01-15
3610395800,3610112000,3610111300,2076.73,105,0,국가지원지방도79호선,0,0,2025-01-15
3610395900,3610111300,3610112000,2066.94,105,0,국가지원지방도79호선,0,0,2025-01-15
3610396600,3610112000,3610111800,301.33,107,0,한티로,0,0,2025-01-15
3610396700,3610111800,3610112000,315.43,107,0,한티로,0,0,2025-01-15
3610397000,3610112300,3610112000,300.55,105,0,국가지원지방도79호선,0,0,2025-01-15
3610397100,3610112000,3610112300,301.27,105,0,국가지원지방도79호선,0,0,2025-01-15
3610397600,3610112500,3610112300,184.12,105,3,국가지원지방도79호선,0,0,2025-01-15
3610397700,3610112300,3610112500,186.58,105,3,국가지원지방도79호선,0,0,2025-01-15
3610398000,3610112400,3610112700,734.31,105,0,국가지원지방도79호선,0,0,2025-01-15
3610398100,3610112400,3610112600,117.46,107,0,춘산1길,0,0,2025-01-15
3610398200,3610112600,3610112400,123.94,107,0,춘산1길,0,0,2025-01-15
3610398300,3610112700,3610112400,723.1,105,0,국가지원지방도79호선,0,0,2025-01-15
3610398400,3610112900,3610112500,1713.69,105,0,국가지원지방도79호선,0,0,2025-01-15
3610398500,3610112500,3610112900,1723.97,105,0,국가지원지방도79호선,0,0,2025-01-15
3610398600,3610112700,3610112800,115.31,105,3,국가지원지방도79호선,0,0,2025-01-15
3610398700,3610112800,3610112700,115.86,105,3,국가지원지방도79호선,0,0,2025-01-15
3610398800,3610112800,3610112900,307.87,105,0,국가지원지방도79호선,0,0,2025-01-15
3610398900,3610112900,3610112800,315.41,105,0,국가지원지방도79호선,0,0,2025-01-15
3610399000,3610113200,3610112400,1270.93,105,0,국가지원지방도79호선,0,0,2025-01-15
3610399100,3610112400,3610113200,1264.62,105,0,국가지원지방도79호선,0,0,2025-01-15
3610399400,3610113200,3610113500,214.23,107,0,춘산2길,0,0,2025-01-15
3610399500,3610113500,3610113200,209.46,107,0,춘산2길,0,0,2025-01-15
3610399800,3610001000,3610113200,1224.89,105,0,국가지원지방도79호선,0,0,2025-01-15
3610399900,3610113200,3610001000,1226.7,105,0,국가지원지방도79호선,0,0,2025-01-15
3610449601,3610128200,3610001702,1499.39,106,0,삼국유사로,0,0,2025-01-15
3610449603,3610001702,3610001703,364.53,106,0,삼국유사로,0,0,2025-01-15
3610449604,3610001703,3610001701,601.33,106,0,삼국유사로,0,0,2025-01-15
3610449702,3610001702,3610128200,1496.47,106,0,삼국유사로,0,0,2025-01-15
3610449703,3610001701,3610001703,616.36,106,0,삼국유사로,0,0,2025-01-15
3610449704,3610001703,3610001702,376.58,106,0,삼국유사로,0,0,2025-01-15
3610450200,3610128300,3610128200,138.1,106,0,삼국유사로,0,0,2025-01-15
3610450300,3610128200,3610128300,138.06,106,0,삼국유사로,0,0,2025-01-15
3610450400,3610128400,3610128300,156.15,106,3,삼국유사로,0,0,2025-01-15
3610450500,3610128300,3610128400,156.11,106,3,삼국유사로,0,0,2025-01-15
3610450800,3610003000,3610128400,3244.22,106,0,삼국유사로,0,0,2025-01-15
3610450900,3610128400,3610003000,3237.69,106,0,삼국유사로,0,0,2025-01-15
3610451000,3610128600,3610003400,4262.99,107,0,아미산로,0,0,2025-01-15
3610451100,3610003400,3610128600,4266.34,107,0,아미산로,0,0,2025-01-15
3610451200,3610129100,3610128900,3000.14,107,0,괴산길,0,0,2025-01-15
3610451300,3610128900,3610129100,3008.09,107,0,괴산길,0,0,2025-01-15
3610451400,3610129200,3610128200,3092.84,107,0,안용아길,0,0,2025-01-15
3610451500,3610128200,3610129200,3075.96,107,0,안용아길,0,0,2025-01-15
3610451600,3610129300,3610001702,302.18,107,0,삼국유사로,0,0,2025-01-15
3610451700,3610001702,3610129300,274.91,107,0,삼국유사로,0,0,2025-01-15
3610451800,3610129600,3610001704,1735.87,107,0,화북2길,0,0,2025-01-15
3610451900,3610001704,3610129600,1746.38,107,0,화북2길,0,0,2025-01-15
3610452000,3610129700,3610001301,6094.49,107,0,부흥로,0,0,2025-01-15
3610452100,3610001301,3610129700,6100.46,107,0,부흥로,0,0,2025-01-15
3610452200,3610129700,3610002201,468.05,107,0,원산금양길,0,0,2025-01-15
3610452300,3610002201,3610129700,454.85,107,0,원산금양길,0,0,2025-01-15
3610452400,3610129800,3610129700,5617.89,107,0,원산금양길,0,0,2025-01-15
3610452500,3610129700,3610129800,5628.16,107,0,원산금양길,0,0,2025-01-15
3610452600,3610129900,3610002202,3784.83,107,0,연계지호길,0,0,2025-01-15
3610452700,3610002202,3610129900,3762.58,107,0,연계지호길,0,0,2025-01-15
3610452800,3610130200,3610130000,3055.47,107,0,철길로,0,0,2025-01-15
3610452900,3610130000,3610130200,3062.62,107,0,철길로,0,0,2025-01-15
3610453000,3610130500,3610000900,448.81,107,0,창평1길,0,0,2025-01-15
3610453100,3610000900,3610130500,446.76,107,0,창평1길,0,0,2025-01-15
3610453200,3610130500,3610001301,4171.9,107,0,부흥로,0,0,2025-01-15
3610453300,3610001301,3610130500,4184.78,107,0,부흥로,0,0,2025-01-15
3610453400,3610130600,3610130200,2864.51,107,0,화계봉산길,0,0,2025-01-15
3610453500,3610130200,3610130600,2880.61,107,0,화계봉산길,0,0,2025-01-15
3610453600,3610130600,3610001101,4974.54,107,0,화계봉산길,0,0,2025-01-15
3610453700,3610001101,3610130600,5003.24,107,0,화계봉산길,0,0,2025-01-15
3610453800,3610130700,3610130600,4845.53,107,0,화계봉산길,0,0,2025-01-15
3610453900,3610130600,3610130700,4846.26,107,0,화계봉산길,0,0,2025-01-15
3610454000,3610130700,3610004601,795.31,107,0,봉산3길,0,0,2025-01-15
3610454100,3610004601,3610130700,782.02,107,0,봉산3길,0,0,2025-01-15
3610454200,3610130900,3610004602,3409.91,107,0,노행길,0,0,2025-01-15
3610454300,3610004602,3610130900,3417.32,107,0,노행길,0,0,2025-01-15
3610454400,3610131000,3610130900,3589.6,107,0,노행길,0,0,2025-01-15
3610454500,3610130900,3610131000,3599.02,107,0,노행길,0,0,2025-01-15
3610454600,3610131000,3610006501,574.18,107,0,용대2길,0,0,2025-01-15
3610454700,3610006501,3610131000,579.45,107,0,용대2길,0,0,2025-01-15
3610454800,3610131200,3610006502,1974.5,107,0,상곡길,0,0,2025-01-15
3610454900,3610006502,3610131200,1973.66,107,0,상곡길,0,0,2025-01-15
3610455000,3610131300,3610007501,1484.51,107,0,대북길,0,0,2025-01-15
3610455100,3610007501,3610131300,1468.27,107,0,대북길,0,0,2025-01-15
3610455200,3610132000,3610007503,1830.59,107,0,내외량길,0,0,2025-01-15
3610455300,3610007503,3610132000,1840.05,107,0,내외량길,0,0,2025-01-15
3610455400,3610132100,3610007504,472.84,107,0,삽령길,0,0,2025-01-15
3610455500,3610007504,3610132100,471.23,107,0,삽령길,0,0,2025-01-15
3610455600,3610132500,3610140000,7085.52,107,0,서금로,0,0,2025-01-15
3610455700,3610140000,3610132500,7101.94,107,0,서금로,0,0,2025-01-15
3610455800,3610132600,3610132500,207.38,107,0,서금로,0,0,2025-01-15
3610455900,3610132500,3610132600,205.75,107,0,서금로,0,0,2025-01-15
3610456000,3610133100,3610009300,824.17,107,0,군위공단길,0,0,2025-01-15
3610456100,3610009300,3610133100,828.15,107,0,군위공단길,0,0,2025-01-15
3610456200,3610133700,3610133100,332.85,107,0,군위공단길,0,0,2025-01-15
3610456300,3610133100,3610133700,332.78,107,0,군위공단길,0,0,2025-01-15
3610456400,3610133800,3610111801,2627.47,107,0,원효길,0,0,2025-01-15
3610456500,3610111801,3610133800,2627.16,107,0,원효길,0,0,2025-01-15
3610456600,3610134400,3610002901,566.19,107,0,불로길,0,0,2025-01-15
3610456700,3610002901,3610134400,568.61,107,0,불로길,0,0,2025-01-15
3610456800,3610134500,3610134400,325.09,107,0,불로길,0,0,2025-01-15
3610456900,3610134400,3610134500,329.66,107,0,불로길,0,0,2025-01-15
3610457000,3610134800,3610001601,114.07,107,0,효령공단길,0,0,2025-01-15
3610457100,3610001601,3610134800,114.07,107,0,효령공단길,0,0,2025-01-15
3610457200,3610135200,3610001102,871.93,107,0,장기길,0,0,2025-01-15
3610457300,3610001102,3610135200,874.66,107,0,장기길,0,0,2025-01-15
3610457400,3610135200,3610001614,402.08,107,0,경북대로,0,0,2025-01-15
3610457401,3610001614,3610001617,12,107,0,경북대로,0,0,2025-01-15
3610457500,3610001615,3610135200,398.51,107,0,경북대로,0,0,2025-01-15
3610457501,3610001616,3610001615,12,107,0,경북대로,0,0,2025-01-15
3610457600,3610135400,3610001102,1406.42,107,0,치산효령로,0,0,2025-01-15
3610457700,3610001102,3610135400,1416.63,107,0,치산효령로,0,0,2025-01-15
3610457800,3610135500,3610001103,810.89,107,0,마명길,0,0,2025-01-15
3610457900,3610001103,3610135500,804.61,107,0,마명길,0,0,2025-01-15
3610458000,3610135600,3610001104,2262.78,107,0,장군로,0,0,2025-01-15
3610458100,3610001104,3610135600,2253.79,107,0,장군로,0,0,2025-01-15
3610458200,3610136000,3610001500,323.15,107,0,용매로,0,0,2025-01-15
3610458300,3610001500,3610136000,317.67,107,0,용매로,0,0,2025-01-15
3610458400,3610136400,3610136200,232.39,107,0,용매로,0,0,2025-01-15
3610458500,3610136200,3610136400,220.9,107,0,용매로,0,0,2025-01-15
3610458600,3610136500,3610000400,2348.61,107,0,용매로,0,0,2025-01-15
3610458700,3610000400,3610136500,2343.9,107,0,용매로,0,0,2025-01-15
3610458800,3610136700,3610000402,248.96,107,0,한티로,0,0,2025-01-15
3610458900,3610000402,3610136700,266.96,107,0,한티로,0,0,2025-01-15
3610459000,3610136700,3610000401,112.54,107,0,한티로,0,0,2025-01-15
3610459100,3610000401,3610136700,111.2,107,0,한티로,0,0,2025-01-15
3610459200,3610136800,3610000402,239.9,107,0,한티로,0,0,2025-01-15
3610459300,3610000402,3610136800,254.03,107,0,한티로,0,0,2025-01-15
3610459400,3610136900,3610004702,319.01,107,0,이화3길,0,0,2025-01-15
3610459500,3610004702,3610136900,315.12,107,0,이화3길,0,0,2025-01-15
3610459600,3610136900,3610004802,245.15,107,0,이화3길,0,0,2025-01-15
3610459700,3610004802,3610136900,223.88,107,0,이화3길,0,0,2025-01-15
3610459800,3610136900,3610004800,162.06,107,0,이화3길,0,0,2025-01-15
3610459900,3610004800,3610136900,161.62,107,0,이화3길,0,0,2025-01-15
3610460000,3610137000,3610005001,215.53,107,0,두북길,0,0,2025-01-15
3610460100,3610005001,3610137000,223.16,107,0,두북길,0,0,2025-01-15
3610460200,3610137200,3610005402,5026.46,101,0,중앙고속도로,0,5,2025-01-15
3610460400,3610137200,3610005400,3372.94,101,0,중앙고속도로,0,5,2025-01-15
3610460500,3610005400,3610137200,3362.38,101,0,중앙고속도로,0,5,2025-01-15
3610460600,3610137300,3610006400,269.56,107,0,동산새길,0,0,2025-01-15
3610460700,3610006400,3610137300,273.62,107,0,동산새길,0,0,2025-01-15
3610460800,3610137300,3610006503,376.41,107,0,중앙길,0,0,2025-01-15
3610460900,3610006503,3610137300,384.38,107,0,중앙길,0,0,2025-01-15
3610461000,3610137900,3610006204,119.36,107,0,군청로,0,0,2025-01-15
3610461100,3610006204,3610137900,139.06,107,0,군청로,0,0,2025-01-15
3610461200,3610138300,3610006506,412.83,107,0,동서길,0,0,2025-01-15
3610461300,3610006506,3610138300,419.58,107,0,동서길,0,0,2025-01-15
3610461400,3610138600,3610138500,110.9,107,0,중앙6길,0,0,2025-01-15
3610461500,3610138500,3610138600,110.9,107,0,중앙6길,0,0,2025-01-15
3610461600,3610139000,3610138900,155.29,107,0,중앙4길,0,0,2025-01-15
3610461700,3610138900,3610139000,155.73,107,0,중앙4길,0,0,2025-01-15
3610461800,3610139300,3610007708,706.13,107,0,군청로,0,0,2025-01-15
3610461801,3610007708,3610007711,12,107,0,군청로,0,0,2025-01-15
3610461900,3610007709,3610139300,666.38,107,0,군청로,0,0,2025-01-15
3610461901,3610007710,3610007709,12,107,0,군청로,0,0,2025-01-15
3610462200,3690172000,3610136300,2653.22,107,0,용매로,0,0,2025-01-15
3610462300,3610136300,3690172000,2639.81,107,0,용매로,0,0,2025-01-15
3610462400,3610128700,3610128600,647.62,107,0,아미산로,0,0,2025-01-15
3610462500,3610128600,3610128700,643.2,107,0,아미산로,0,0,2025-01-15
3610462600,3610128500,3610007500,63.5,107,0,내량길,0,0,2025-01-15
3610462700,3610007500,3610128500,63.5,107,0,내량길,0,0,2025-01-15
3610462800,3610129000,3610128200,81.5,107,0,괴산길,0,0,2025-01-15
3610462900,3610128200,3610129000,81.5,107,0,괴산길,0,0,2025-01-15
3610463000,3610129100,3610129000,393.06,107,3,괴산길,0,0,2025-01-15
3610463100,3610129000,3610129100,393.06,107,3,괴산길,0,0,2025-01-15
3610463200,3610129400,3610001703,66.91,107,0,삼국유사로,0,0,2025-01-15
3610463300,3610001703,3610129400,68.81,107,0,삼국유사로,0,0,2025-01-15
3610463400,3610129500,3610001701,239.48,107,0,화북3길,0,0,2025-01-15
3610463500,3610001701,3610129500,251.04,107,0,화북3길,0,0,2025-01-15
3610463600,3610003900,3610003600,910.58,107,0,읍내길,0,0,2025-01-15
3610463700,3610003600,3610003900,911.52,107,0,읍내길,0,0,2025-01-15
3610463800,3610004400,3610004200,1326.48,107,0,수서길,0,0,2025-01-15
3610463900,3610004200,3610004400,1322.3,107,0,수서길,0,0,2025-01-15
3610464000,3610130000,3610004500,914.91,107,0,철길로,0,0,2025-01-15
3610464100,3610004500,3610130000,914.31,107,0,철길로,0,0,2025-01-15
3610464200,3610130100,3610130000,528.51,107,0,미성5길,0,0,2025-01-15
3610464300,3610130000,3610130100,507.37,107,0,미성5길,0,0,2025-01-15
3610464400,3610130200,3610002300,2678.17,107,0,철길로,0,0,2025-01-15
3610464500,3610002300,3610130200,2675.01,107,0,철길로,0,0,2025-01-15
3610464600,3610130300,3610001000,50.67,107,0,부흥로,0,0,2025-01-15
3610464700,3610001000,3610130300,45.29,107,0,부흥로,0,0,2025-01-15
3610464800,3610130400,3610130300,168.71,107,0,창평길,0,0,2025-01-15
3610464900,3610130300,3610130400,166.7,107,0,창평길,0,0,2025-01-15
3610465000,3610130800,3610130700,1733.15,107,0,봉산4길,0,0,2025-01-15
3610465100,3610130700,3610130800,1721.45,107,0,봉산4길,0,0,2025-01-15
3610465200,3610130500,3610130300,81.71,107,0,부흥로,0,0,2025-01-15
3610465300,3610130300,3610130500,81.95,107,0,부흥로,0,0,2025-01-15
3610465400,3610131100,3610131000,321.14,107,0,용대3길,0,0,2025-01-15
3610465500,3610131000,3610131100,333.19,107,0,용대3길,0,0,2025-01-15
3610465600,3610131700,3610131600,1681.85,107,0,내량길,0,0,2025-01-15
3610465700,3610131600,3610131700,1698.04,107,0,내량길,0,0,2025-01-15
3610465800,3610128800,3610128500,363.25,107,0,내량길,0,0,2025-01-15
3610465900,3610128500,3610128800,367.93,107,0,내량길,0,0,2025-01-15
3610466000,3610131400,3610007502,1649.6,107,0,내외량길,0,0,2025-01-15
3610466100,3610007502,3610131400,1639.7,107,0,내외량길,0,0,2025-01-15
3610466200,3610131500,3610128500,214.52,107,0,내량길,0,0,2025-01-15
3610466300,3610128500,3610131500,213.8,107,0,내량길,0,0,2025-01-15
3610466400,3610131600,3610131500,209.53,107,0,내량길,0,0,2025-01-15
3610466500,3610131500,3610131600,209.53,107,0,내량길,0,0,2025-01-15
3610466600,3610131800,3610131600,181.27,107,0,내량길,0,0,2025-01-15
3610466700,3610131600,3610131800,181.27,107,0,내량길,0,0,2025-01-15
3610466800,3610131900,3610131500,318.61,107,0,내량길,0,0,2025-01-15
3610466900,3610131500,3610131900,316.04,107,0,내량길,0,0,2025-01-15
3610467000,3610132200,3610132100,510.24,107,0,삽령길,0,0,2025-01-15
3610467100,3610132100,3610132200,516.76,107,0,삽령길,0,0,2025-01-15
3610467200,3610132300,3610132100,441.05,107,0,삽령길,0,0,2025-01-15
3610467300,3610132100,3610132300,433.4,107,0,삽령길,0,0,2025-01-15
3610467400,3610008200,3610008102,5609.99,107,0,봉내길,0,0,2025-01-15
3610467500,3610008102,3610008200,5628.31,107,0,봉내길,0,0,2025-01-15
3610467600,3610008101,3610008100,541.77,107,0,송원3길,0,0,2025-01-15
3610467700,3610008100,3610008101,548.45,107,0,송원3길,0,0,2025-01-15
3610467800,3610132400,3610009200,1147.94,107,0,사계길,0,0,2025-01-15
3610467900,3610009200,3610132400,1144.32,107,0,사계길,0,0,2025-01-15
3610468000,3610132700,3610132600,128.06,107,0,군위공단길,0,0,2025-01-15
3610468100,3610132600,3610132700,125.72,107,0,군위공단길,0,0,2025-01-15
3610468200,3610132800,3610132600,515.87,107,0,서금로,0,0,2025-01-15
3610468300,3610132600,3610132800,506.64,107,0,서금로,0,0,2025-01-15
3610468400,3610132700,3610132500,247.22,107,0,서금로,0,0,2025-01-15
3610468500,3610132500,3610132700,247.49,107,0,서금로,0,0,2025-01-15
3610468600,3610132900,3610132800,166.51,107,3,서금로,0,0,2025-01-15
3610468700,3610132800,3610132900,166.29,107,3,서금로,0,0,2025-01-15
3610468800,3610132900,3610006000,111.53,107,0,서금로,0,0,2025-01-15
3610468900,3610006000,3610132900,111.28,107,0,서금로,0,0,2025-01-15
3610469000,3610133000,3610132700,101.19,107,0,군위공단길,0,0,2025-01-15
3610469100,3610132700,3610133000,100.25,107,0,군위공단길,0,0,2025-01-15
3610469200,3610133100,3610133000,303.9,107,0,군위공단길,0,0,2025-01-15
3610469300,3610133000,3610133100,300.36,107,0,군위공단길,0,0,2025-01-15
3610469400,3610133200,3610133000,82.12,107,0,군위공단길,0,0,2025-01-15
3610469500,3610133000,3610133200,82.12,107,0,군위공단길,0,0,2025-01-15
3610469600,3610133300,3610133200,104.38,107,0,군위공단길,0,0,2025-01-15
3610469700,3610133200,3610133300,103.79,107,0,군위공단길,0,0,2025-01-15
3610469800,3610133400,3610133200,167.9,107,0,군위공단길,0,0,2025-01-15
3610469900,3610133200,3610133400,167.97,107,0,군위공단길,0,0,2025-01-15
3610470000,3610133500,3610133400,452.64,107,0,군위공단길,0,0,2025-01-15
3610470100,3610133400,3610133500,472.45,107,0,군위공단길,0,0,2025-01-15
3610470200,3610133600,3610133500,88.9,107,0,군위공단길,0,0,2025-01-15
3610470300,3610133500,3610133600,88.9,107,0,군위공단길,0,0,2025-01-15
3610470400,3610133700,3610133500,182.52,107,0,군위공단길,0,0,2025-01-15
3610470500,3610133500,3610133700,182.52,107,0,군위공단길,0,0,2025-01-15
3610470600,3610133700,3610133400,285.39,107,0,군위공단길,0,0,2025-01-15
3610470700,3610133400,3610133700,285.64,107,0,군위공단길,0,0,2025-01-15
3610470800,3610134100,3610133900,376.12,107,0,무성1길,0,0,2025-01-15
3610470900,3610133900,3610134100,385.29,107,0,무성1길,0,0,2025-01-15
3610471000,3610134000,3610133900,50.75,107,0,무성2길,0,0,2025-01-15
3610471100,3610133900,3610134000,59.81,107,0,무성2길,0,0,2025-01-15
3610471200,3610134200,3610004301,47.8,107,0,무성1길,0,0,2025-01-15
3610471300,3610004301,3610134200,48.95,107,0,무성1길,0,0,2025-01-15
3610471400,3610134300,3610134200,203.79,107,3,무성1길,0,0,2025-01-15
3610471500,3610134200,3610134300,203.79,107,3,무성1길,0,0,2025-01-15
3610471600,3610134300,3610133900,36.43,107,0,무성1길,0,0,2025-01-15
3610471700,3610133900,3610134300,35.68,107,0,무성1길,0,0,2025-01-15
3610471800,3610134600,3610134400,1360.66,107,0,불곡길,0,0,2025-01-15
3610471900,3610134400,3610134600,1346.79,107,0,불곡길,0,0,2025-01-15
3610472000,3610002800,3610002500,356.32,107,0,치산효령로,0,0,2025-01-15
3610472100,3610002500,3610002800,359.38,107,0,치산효령로,0,0,2025-01-15
3610472200,3610134700,3610002600,278.04,107,0,중내길,0,0,2025-01-15
3610472300,3610002600,3610134700,248.66,107,0,중내길,0,0,2025-01-15
3610472400,3610134900,3610134800,100.36,107,0,효령공단길,0,0,2025-01-15
3610472500,3610134800,3610134900,100.36,107,0,효령공단길,0,0,2025-01-15
3610472600,3610135000,3610134800,115.06,107,0,효령공단길,0,0,2025-01-15
3610472700,3610134800,3610135000,115.06,107,0,효령공단길,0,0,2025-01-15
3610472800,3610135100,3610134800,230.88,107,0,효령공단길,0,0,2025-01-15
3610472900,3610134800,3610135100,230.88,107,0,효령공단길,0,0,2025-01-15
3610473000,3610135300,3610135200,112.43,107,0,장기길,0,0,2025-01-15
3610473100,3610135200,3610135300,112.77,107,0,장기길,0,0,2025-01-15
3610473200,3610135900,3610135700,217.79,107,0,교수촌동길,0,0,2025-01-15
3610473300,3610135700,3610135900,211.63,107,0,교수촌동길,0,0,2025-01-15
3610473400,3610135600,3610001610,2633.67,107,0,장군로,0,0,2025-01-15
3610473401,3610001610,3610001613,12.01,107,0,장군로,0,0,2025-01-15
3610473500,3610001611,3610135600,2631.81,107,0,장군로,0,0,2025-01-15
3610473600,3610135800,3610135700,201.42,107,0,교수촌서길,0,0,2025-01-15
3610473700,3610135700,3610135800,202.38,107,0,교수촌서길,0,0,2025-01-15
3610473800,3610135900,3610135800,1036,107,0,교수촌서길,0,0,2025-01-15
3610473900,3610135800,3610135900,995.9,107,0,교수촌서길,0,0,2025-01-15
3610474000,3610135700,3610135600,35.52,107,0,교수촌동길,0,0,2025-01-15
3610474100,3610135600,3610135700,35.52,107,0,교수촌동길,0,0,2025-01-15
3610474200,3610136100,3610136000,44.39,107,0,하평길,0,0,2025-01-15
3610474300,3610136000,3610136100,42.37,107,0,하평길,0,0,2025-01-15
3610474400,3610136200,3610136000,2035.93,107,0,용매로,0,0,2025-01-15
3610474500,3610136000,3610136200,2047.99,107,0,용매로,0,0,2025-01-15
3610474600,3610136300,3610136200,273.62,107,0,용매로,0,0,2025-01-15
3610474700,3610136200,3610136300,275.86,107,0,용매로,0,0,2025-01-15
3610474800,3610136400,3610136300,98.75,107,0,용매로,0,0,2025-01-15
3610474900,3610136300,3610136400,104.03,107,0,용매로,0,0,2025-01-15
3610475000,3610136800,3610000403,157.79,107,0,한티로,0,0,2025-01-15
3610475100,3610000403,3610136800,156.76,107,0,한티로,0,0,2025-01-15
3610475200,3610004801,3610004800,1323.52,107,0,이화길,0,0,2025-01-15
3610475300,3610004800,3610004801,1325.26,107,0,이화길,0,0,2025-01-15
3610475400,3620149800,3610137000,2984.28,107,0,두북길,0,0,2025-01-15
3610475500,3610137000,3620149800,2961.47,107,0,두북길,0,0,2025-01-15
3610475600,3610137100,3610137000,75.57,107,0,원골길,0,0,2025-01-15
3610475700,3610137000,3610137100,76.85,107,0,원골길,0,0,2025-01-15
3610475800,3610137000,3610004803,578.69,107,0,두북길,0,0,2025-01-15
3610475900,3610004803,3610137000,589,107,0,두북길,0,0,2025-01-15
3610476000,3610137200,3610006400,732.98,107,0,사직1길,0,0,2025-01-15
3610476100,3610006400,3610137200,731.18,107,0,사직1길,0,0,2025-01-15
3610476200,3610137800,3610006203,157.66,107,0,중앙길,0,0,2025-01-15
3610476300,3610006203,3610137800,152.75,107,0,중앙길,0,0,2025-01-15
3610476400,3610136600,3610006503,71.57,107,0,동서길,0,0,2025-01-15
3610476500,3610006503,3610136600,70.61,107,0,동서길,0,0,2025-01-15
3610476600,3610136600,3610006401,262.72,107,0,동서길,0,0,2025-01-15
3610476700,3610006401,3610136600,262.16,107,0,동서길,0,0,2025-01-15
3610476800,3610137400,3610137300,180.42,107,0,동산새길,0,0,2025-01-15
3610476900,3610137300,3610137400,174.43,107,0,동산새길,0,0,2025-01-15
3610477000,3610137400,3610006201,173.5,107,0,동산새길,0,0,2025-01-15
3610477100,3610006201,3610137400,173.14,107,0,동산새길,0,0,2025-01-15
3610477200,3610137500,3610137400,33.17,107,0,동산새길,0,0,2025-01-15
3610477300,3610137400,3610137500,36.88,107,0,동산새길,0,0,2025-01-15
3610477400,3610137600,3610137300,96.25,107,0,중앙길,0,0,2025-01-15
3610477500,3610137300,3610137600,96.25,107,0,중앙길,0,0,2025-01-15
3610477600,3610137700,3610137600,163.1,107,0,중앙길,0,0,2025-01-15
3610477700,3610137600,3610137700,161.13,107,0,중앙길,0,0,2025-01-15
3610477800,3610137800,3610137600,198.39,107,0,중앙길,0,0,2025-01-15
3610477900,3610137600,3610137800,198.51,107,0,중앙길,0,0,2025-01-15
3610478000,3610137800,3610006202,141.16,107,0,중앙길,0,0,2025-01-15
3610478100,3610006202,3610137800,140.98,107,0,중앙길,0,0,2025-01-15
3610478200,3610138000,3610006504,352.48,107,0,동서2길,0,0,2025-01-15
3610478300,3610006504,3610138000,351.49,107,0,동서2길,0,0,2025-01-15
3610478400,3610138100,3610006205,215.29,107,0,동서6길,0,0,2025-01-15
3610478500,3610006205,3610138100,213.37,107,0,동서6길,0,0,2025-01-15
3610478600,3610138200,3610006505,153.19,107,0,동서4길,0,0,2025-01-15
3610478700,3610006505,3610138200,147.33,107,0,동서4길,0,0,2025-01-15
3610478800,3610138300,3610006505,206.68,107,0,동서5길,0,0,2025-01-15
3610478900,3610006505,3610138300,206.8,107,0,동서5길,0,0,2025-01-15
3610479000,3610138300,3610006507,116.26,107,0,동서5길,0,0,2025-01-15
3610479100,3610006507,3610138300,106.68,107,0,동서5길,0,0,2025-01-15
3610479200,3610138400,3610006508,97.6,107,0,군청로,0,0,2025-01-15
3610479300,3610006508,3610138400,97.74,107,0,군청로,0,0,2025-01-15
3610479400,3610138800,3610138600,138.78,107,0,중앙5길,0,0,2025-01-15
3610479500,3610138600,3610138800,138.79,107,0,중앙5길,0,0,2025-01-15
3610479600,3610138700,3610138600,58.27,107,0,중앙6길,0,0,2025-01-15
3610479700,3610138600,3610138700,58.27,107,0,중앙6길,0,0,2025-01-15
3610479800,3610138800,3610006601,212.41,107,0,도군로,0,0,2025-01-15
3610479900,3610006601,3610138800,212.37,107,0,도군로,0,0,2025-01-15
3610480000,3610138900,3610138800,204.74,107,0,중앙5길,0,0,2025-01-15
3610480100,3610138800,3610138900,205,107,0,중앙5길,0,0,2025-01-15
3610480200,3610138900,3610136600,165.38,107,0,동서길,0,0,2025-01-15
3610480300,3610136600,3610138900,165.34,107,0,동서길,0,0,2025-01-15
3610480400,3610138900,3610006509,67.81,107,0,중앙4길,0,0,2025-01-15
3610480500,3610006509,3610138900,68.57,107,0,중앙4길,0,0,2025-01-15
3610480600,3610139100,3610006700,190.79,107,0,군청로,0,0,2025-01-15
3610480700,3610006700,3610139100,190.74,107,0,군청로,0,0,2025-01-15
3610480800,3610139200,3610139100,74.71,107,0,군청로,0,0,2025-01-15
3610480900,3610139100,3610139200,73.92,107,0,군청로,0,0,2025-01-15
3610481000,3610139300,3610139100,498.13,107,0,군청로,0,0,2025-01-15
3610481100,3610139100,3610139300,502.8,107,0,군청로,0,0,2025-01-15
3610481200,3610139300,3610006600,569.41,107,0,중앙길,0,0,2025-01-15
3610481300,3610006600,3610139300,569.71,107,0,중앙길,0,0,2025-01-15
3610481400,3610139400,3610139300,149.95,107,0,정1길,0,0,2025-01-15
3610481500,3610139300,3610139400,146.49,107,0,정1길,0,0,2025-01-15
3610481600,3610139500,3610139400,135.36,107,0,정1길,0,0,2025-01-15
3610481700,3610139400,3610139500,159.08,107,0,정1길,0,0,2025-01-15
3610481800,3610139600,3610139400,111.77,107,0,군청로,0,0,2025-01-15
3610481900,3610139400,3610139600,112.1,107,0,군청로,0,0,2025-01-15
3610482000,3610139700,3610006700,242.31,107,0,동서길,0,0,2025-01-15
3610482100,3610006700,3610139700,256.09,107,0,동서길,0,0,2025-01-15
3610482200,3610139800,3610006200,598.98,107,0,서금로,0,0,2025-01-15
3610482300,3610006200,3610139800,571.52,107,0,서금로,0,0,2025-01-15
3610482400,3610005401,3610137200,3917.25,101,0,중앙고속도로,0,5,2025-01-15
3610482500,3690219300,3610111100,1540.9,105,4,국가지원지방도79호선,0,0,2025-01-15
3610482600,3610111100,3690219300,1540.39,105,4,국가지원지방도79호선,0,0,2025-01-15
3610482700,3570849100,3610090200,317.66,101,0,상주영천고속도로,0,5,2025-01-15
3610482800,3610090200,3570849100,320.1,101,0,상주영천고속도로,0,5,2025-01-15
3610482900,3610140300,3610065700,1032.84,103,0,장수로,0,0,2025-01-15
3610483000,3610065700,3610140300,1032.7,103,0,장수로,0,0,2025-01-15
3610483100,3550259800,3610001612,1199.88,107,0,장군로,0,0,2025-01-15
3610483101,3610001612,3610001611,12.02,107,0,장군로,0,0,2025-01-15
3610483200,3610001613,3550259800,1206.31,107,0,장군로,0,0,2025-01-15
3610483300,3550259600,3610087400,665.12,101,0,중앙고속도로,0,5,2025-01-15
3610483400,3610087400,3550259600,661.3,101,0,중앙고속도로,0,5,2025-01-15
3610483500,3610087400,3550148800,732.65,101,0,중앙고속도로,0,5,2025-01-15
3610483600,3550148800,3610087400,734.1,101,0,중앙고속도로,0,5,2025-01-15
3610483700,3610087700,3550148800,602.61,101,0,중앙고속도로,0,5,2025-01-15
3610483800,3550148800,3610087700,845.32,101,0,상주영천고속도로,0,5,2025-01-15
3610483900,3610088000,3550149200,274.8,101,4,상주영천고속도로,0,5,2025-01-15
3610484000,3550149200,3610088000,274.3,101,4,상주영천고속도로,0,5,2025-01-15
3610484100,3550259700,3610004900,2269.24,101,0,중앙고속도로,0,5,2025-01-15
3610484200,3610004900,3550259700,2275.47,101,0,중앙고속도로,0,5,2025-01-15
3610484300,3550020900,3610009300,2902.84,103,0,장천로,0,0,2025-01-15
3610484400,3610128600,3620164800,1379.18,107,0,현리낙전길,0,0,2025-01-15
3610484500,3620164800,3610128600,1387.5,107,0,현리낙전길,0,0,2025-01-15
3610484600,3610086700,3610087000,1329.73,101,4,상주영천고속도로,0,5,2025-01-15
3610484700,3610009600,3610009500,937.65,106,0,도신로,0,0,2025-01-15
3610484800,3610005402,3610140200,971.07,101,0,중앙고속도로,0,5,2025-01-15
3610484900,3610140200,3610005401,2067.85,101,0,중앙고속도로,0,5,2025-01-15
3610485000,3610140400,3610009200,1246.89,107,0,만세길,0,0,2025-01-15
3610485100,3610009200,3610140400,1243.36,107,0,만세길,0,0,2025-01-15
3610485201,3610002300,3610140801,3662.64,105,0,산성가음로,0,0,2025-01-15
3610485301,3610140801,3610002300,3658.55,105,0,산성가음로,0,0,2025-01-15
3610485401,3610140501,3610140601,290.2,107,0,일연테마로,0,0,2025-01-15
3610485501,3610140601,3610140501,295.88,107,0,일연테마로,0,0,2025-01-15
3610485601,3610140601,3610140701,82.29,107,4,일연테마로,0,0,2025-01-15
3610485701,3610140701,3610140601,82.13,107,4,일연테마로,0,0,2025-01-15
3610485801,3610140701,3610140801,351.7,107,0,일연테마로,0,0,2025-01-15
3610485901,3610140801,3610140701,347.47,107,0,일연테마로,0,0,2025-01-15
3610486001,3610140801,3610003300,1238.82,105,0,산성가음로,0,0,2025-01-15
3610486101,3610003300,3610140801,1240.07,105,0,산성가음로,0,0,2025-01-15
3610486201,3610140901,3610065700,582.38,103,0,동부로,0,0,2025-01-15
3610486301,3610065700,3610140901,581.73,103,0,동부로,0,0,2025-01-15
3610486401,3610141001,3610140901,363.13,103,0,동부로,0,0,2025-01-15
3610486501,3610140901,3610141001,375.66,103,0,동부로,0,0,2025-01-15
3610486601,3610141101,3610141001,57.6,103,3,동부로,0,0,2025-01-15
3610486701,3610141001,3610141101,58.79,103,3,동부로,0,0,2025-01-15
3610486801,3610141201,3610141101,450.78,103,0,동부로,0,0,2025-01-15
3610486901,3610141101,3610141201,456.93,103,0,동부로,0,0,2025-01-15
3610487001,3610141301,3610141201,220.8,103,3,동부로,0,0,2025-01-15
3610487101,3610141201,3610141301,223.15,103,3,동부로,0,0,2025-01-15
3610487201,3610141401,3610002200,472.43,107,0,동부로,0,0,2025-01-15
3610487301,3610002200,3610141401,447.06,107,0,동부로,0,0,2025-01-15
3610487401,3610141401,3610141301,341.14,103,0,동부로,0,0,2025-01-15
3610487501,3610141301,3610141401,341.28,103,0,동부로,0,0,2025-01-15
3610487601,3610141401,3610002201,655.17,103,0,동부로,0,0,2025-01-15
3610487701,3610002201,3610141401,661.74,103,0,동부로,0,0,2025-01-15
3610487801,3610004700,3610141501,135.85,103,0,동부로,0,0,2025-01-15
3610487901,3610141501,3610004700,123.99,103,0,동부로,0,0,2025-01-15
3610488001,3610141501,3610141601,389.97,103,0,동부로,0,0,2025-01-15
3610488101,3610141601,3610141501,394.78,103,0,동부로,0,0,2025-01-15
3610488201,3610141501,3610141701,203.46,107,0,동부로,0,0,2025-01-15
3610488301,3610141701,3610141501,210.72,107,0,동부로,0,0,2025-01-15
3610488401,3610141601,3610004500,345.16,103,0,동부로,0,0,2025-01-15
3610488501,3610004500,3610141601,343.8,103,0,동부로,0,0,2025-01-15
3610488601,3610141701,3610141601,205.58,107,0,동부로,0,0,2025-01-15
3610488701,3610141601,3610141701,212.33,107,0,동부로,0,0,2025-01-15
3610488800,3610141901,3610141801,90.53,107,0,장군당1길,0,0,2025-01-15
3610488900,3610141802,3610141902,91.7,107,0,장군당1길,0,0,2025-01-15
3610489000,3610142001,3610001618,89.51,107,0,구효령길,0,0,2025-01-15
3610489001,3610001618,3610001621,12.26,107,0,구효령길,0,0,2025-01-15
3610489100,3610001619,3610142002,87.52,107,0,구효령길,0,0,2025-01-15
3610489200,3610141902,3610001620,84.88,107,0,장군당1길,0,0,2025-01-15
3610489201,3610001620,3610001619,12.19,107,0,장군당1길,0,0,2025-01-15
3610489300,3610001621,3610141901,81.41,107,0,장군당1길,0,0,2025-01-15
3690000101,3690000100,3690138700,3211.57,103,0,칠곡대로,0,0,2020-09-01
3690000202,3690138700,3690000100,3225.66,103,0,칠곡대로,0,0,2020-09-01
3690000900,3690000400,3690000300,312.84,103,0,칠곡대로,0,0,2020-09-01
3690001000,3690000300,3690000400,317.03,103,0,칠곡대로,0,0,2020-09-01
3690004101,1540007800,3690219100,980.28,103,0,경북대로,0,0,2020-09-01
3690004102,3690219100,3690002600,996.36,103,0,경북대로,0,0,2020-09-01
3690004201,3690002600,3690219100,998.03,103,0,경북대로,0,0,2020-09-01
3690004202,3690219100,1540007800,981.83,103,0,경북대로,0,0,2020-09-01
3690005700,3690002600,3690002800,252.11,103,0,경북대로,0,0,2020-09-01
3690005800,3690002800,3690002600,252.02,103,0,경북대로,0,0,2020-09-01
3690006700,3690002800,3690003100,125.74,103,0,경북대로,0,0,2020-09-01
3690006800,3690003100,3690002800,125.66,103,0,경북대로,0,0,2020-09-01
3690009701,3690003100,3690003101,1443.41,103,0,경북대로,0,0,2020-09-01
3690009703,3690003101,3690003102,1484.82,103,0,경북대로,0,0,2020-09-01
3690009704,3690003102,3690006000,241.62,103,0,경북대로,0,0,2020-09-01
3690009802,3690003101,3690003100,1436.19,103,0,경북대로,0,0,2020-09-01
3690009803,3690006000,3690003102,241.43,103,0,경북대로,0,0,2020-09-01
3690009804,3690003102,3690003101,1487.76,103,0,경북대로,0,0,2020-09-01
3690013500,3690006000,3690006200,306.51,103,0,경북대로,0,0,2020-09-01
3690013600,3690006200,3690006000,305.16,103,0,경북대로,0,0,2020-09-01
3690036400,3690016000,3690016200,586.97,101,0,경부고속도로,0,5,2020-09-01
3690036500,3690016200,3690016000,580.77,101,0,경부고속도로,0,5,2020-09-01
3690167500,3690069600,3690016200,2559.28,101,0,경부고속도로,0,5,2020-09-01
3690167600,3690016200,3690069600,2572.33,101,0,경부고속도로,0,5,2020-09-01
3690694600,1540138500,3690163300,601.67,101,0,경부고속도로,0,5,2020-09-01
3690694700,3690163300,1540138500,613.06,101,0,경부고속도로,0,5,2020-09-01
3690694800,3690163300,3690163200,128.88,101,1,경부고속도로,0,5,2020-09-01
3690694900,3690163200,3690163300,132.11,101,1,경부고속도로,0,5,2020-09-01
3690695200,3690163200,1570294700,4473.76,101,0,경부고속도로,0,5,2020-09-01
3690695300,1570294700,3690163200,4464.56,101,0,경부고속도로,0,5,2020-09-01
3690695400,3690218200,3690016000,1899.34,101,0,경부고속도로,0,5,2020-09-01
3690695500,3690016000,3690218200,1910.51,101,0,경부고속도로,0,5,2020-09-01
3690695800,1540007700,3690218900,2103.02,101,0,중앙고속도로,0,5,2020-09-01
3690695900,3690218900,1540007700,2102.79,101,0,중앙고속도로,0,5,2020-09-01
3690696000,3690218900,3690219000,668.17,101,3,중앙고속도로,0,5,2020-09-01
3690696100,3690219000,3690218900,668.22,101,3,중앙고속도로,0,5,2020-09-01
3690696200,3690219000,3690008401,2546.51,101,0,중앙고속도로,0,5,2020-09-01
3690696400,3690008402,3690219000,1876.42,101,0,중앙고속도로,0,5,2020-09-01
3690696500,3690008401,3690218500,2824.98,101,0,중앙고속도로,0,5,2020-09-01
3690697000,3690218500,3690008402,3484.31,101,0,중앙고속도로,0,5,2020-09-01
3690697100,3690218500,3690218400,1129.94,101,4,중앙고속도로,0,5,2020-09-01
3690697200,3690218400,3690218500,1130.07,101,4,중앙고속도로,0,5,2020-09-01
3690697300,3690218400,3690008400,685.6,101,0,중앙고속도로,0,5,2020-09-01
3690697400,3690008400,3690218400,690.15,101,0,중앙고속도로,0,5,2020-09-01
