표준노드ID,노드명,노드유형코드,회전제한여부,경도,위도,적용시작일자
1540104500,속성변화점,103,0,128.544827,35.904913,2020-09-01
1540104600,관음중학교,101,0,128.547376,35.941284,2020-09-01
1540104700,관음동산90-3,102,0,128.537689,35.934476,2020-09-01
1540104800,태전동345,102,0,128.546089,35.927969,2020-09-01
1540104900,태전동1068-6,101,0,128.547001,35.927902,2020-09-01
1540105000,대구태전초등학교,101,0,128.546051,35.929419,2020-09-01
1540105100,동아아울렛,101,0,128.549451,35.933243,2020-09-01
1540105200,칠곡네거리,101,0,128.547876,35.933502,2020-09-01
1560132900,용산동971,101,0,128.528903,35.85816,2020-09-01
1560133000,용산동979,101,0,128.524666,35.856202,2020-09-01
1560133100,용산동980,101,0,128.524516,35.855827,2020-09-01
1560133200,용산동981,101,0,128.524366,35.85546,2020-09-01
1560133300,용산동944-6,101,0,128.524616,35.854452,2020-09-01
1560133400,용산동945-6,101,0,128.524979,35.854452,2020-09-01
1560133500,용산동946-1,101,0,128.525366,35.85546,2020-09-01
1560133600,용산동942-6,101,0,128.524991,35.85546,2020-09-01
1560133700,용산동942-9,101,0,128.524616,35.855452,2020-09-01
1560133800,용산동939-6,101,0,128.525366,35.85621,2020-09-01
1560133900,용산동938-4,102,0,128.525366,35.857218,2020-09-01
1560134000,용산동980,101,0,128.525366,35.855827,2020-09-01
1560134100,용산1동행정복지센터,101,0,128.531591,35.856402,2020-09-01
1560134200,대구용산초등학교,101,0,128.531641,35.855619,2020-09-01
1560134300,용산중학교,101,0,128.531741,35.854385,2020-09-01
1560134400,용산동976,101,0,128.531366,35.854385,2020-09-01
1560134500,용산동975,101,0,128.530991,35.855619,2020-09-01
1560134600,대구용산초등학교,101,0,128.531141,35.855619,2020-09-01
1560134700,대구용산초등학교,101,0,128.531366,35.855619,2020-09-01
1560134800,용산1동행정복지센터,101,0,128.531153,35.856402,2020-09-01
1560134900,죽전동382,101,0,128.536253,35.856768,2020-09-01
1560135000,죽전동382,102,0,128.535853,35.856777,2020-09-01
1560135100,죽전동381,102,0,128.536253,35.858018,2020-09-01
1560135200,용산동238-5,102,0,128.531891,35.852569,2020-09-01
1560135300,장기동12-16,102,0,128.523101,35.851816,2020-09-01
1560135400,장기동809,102,0,128.524879,35.846745,2020-09-01
1560135500,장동34-4,101,0,128.524481,35.837911,2020-09-01
1560135600,장동98-2,102,0,128.518967,35.837587,2020-09-01
1560135700,장동77,102,0,128.517467,35.837346,2020-09-01
1560135800,장동873,101,0,128.525329,35.838046,2020-09-01
1560135900,장동873-3,101,0,128.527154,35.839362,2020-09-01
1560136000,장동873-3,101,0,128.526341,35.839237,2020-09-01
1560136100,장동873,101,0,128.525454,35.839129,2020-09-01
1560136200,장동98-9,101,0,128.524391,35.838937,2020-09-01
1560136300,장기동709,102,0,128.519654,35.838662,2020-09-01
1560136400,장동873,101,0,128.525379,35.840079,2020-09-01
1560136500,장동873,102,0,128.525154,35.84077,2020-09-01
1560136600,장동873-2,101,0,128.526204,35.840229,2020-09-01
1560136700,장기동581-8,101,0,128.524116,35.842053,2020-09-01
1560136800,장동873-3,101,0,128.527041,35.840862,2020-09-01
1560136900,장동873-3,101,0,128.527191,35.83992,2020-09-01
1560137000,장기동844-1,101,0,128.524854,35.84217,2020-09-01
1560137100,장기동844-3,101,0,128.526704,35.841703,2020-09-01
1560137200,장기동844-3,101,0,128.526216,35.842395,2020-09-01
1560137300,장기동581-8,101,1,128.524566,35.843362,2020-09-01
1560137400,장기동844-1,101,0,128.524679,35.842903,2020-09-01
1560137500,장기동466-3,101,0,128.523866,35.843137,2020-09-01
1560137600,장기동647,102,0,128.520492,35.841637,2020-09-01
1560137700,장기동381-2,102,0,128.523829,35.845345,2020-09-01
1560137800,본리동1209-5,101,0,128.530216,35.838479,2020-09-01
1560137900,본리동1215-15,101,0,128.529803,35.83847,2020-09-01
1560138000,본리동1207-8,101,0,128.529803,35.839595,2020-09-01
1560138100,본리동1205-2,101,0,128.530216,35.839962,2020-09-01
1560138200,본리동1205-2,101,0,128.529404,35.839962,2020-09-01
1560138300,본리동1212-5,101,0,128.529404,35.839587,2020-09-01
1560138400,본리동1209-5,101,0,128.530203,35.839604,2020-09-01
1560138500,본리동1212-5,101,0,128.529404,35.83847,2020-09-01
1560138600,감천네거리,101,0,128.529804,35.837571,2020-09-01
1560138700,본리동1198-16,101,0,128.530228,35.84032,2020-09-01
1560138800,본리동1205-1,101,0,128.529404,35.84032,2020-09-01
1560138900,본리동1198-16,101,0,128.529828,35.84032,2020-09-01
1560139000,본리동1198-16,101,0,128.529816,35.841378,2020-09-01
1560139100,본리동1196,102,0,128.529828,35.841703,2020-09-01
1560139200,장기동823-17,101,0,128.528591,35.842087,2020-09-01
1560139300,장기동823-17,101,0,128.528991,35.842145,2020-09-01
1560139400,장기동825-5,102,0,128.528279,35.842037,2020-09-01
1560139500,장기동822-15,101,0,128.529403,35.842212,2020-09-01
1560139600,장기동818-10,101,0,128.529828,35.842278,2020-09-01
1560139700,장기동행정복지센터,101,0,128.529828,35.84317,2020-09-01
1560139800,장기동행정복지센터,101,0,128.529391,35.84317,2020-09-01
1560139900,장기동행정복지센터,101,0,128.528991,35.84317,2020-09-01
1560140000,장기동816-11,101,0,128.528579,35.843162,2020-09-01
1560140100,월성동1837,101,1,128.522254,35.826347,2020-09-01
1560140200,장기동823-17,101,0,128.528591,35.842845,2020-09-01
1560140300,속성변화점,103,0,128.530041,35.842312,2020-09-01
1560140400,속성변화점,103,0,128.527729,35.84317,2020-09-01
1560140500,월성동1799,101,0,128.525029,35.835654,2020-09-01
1560140600,월성동1799-2,101,0,128.524342,35.834171,2020-09-01
1560140700,월성동977-1,102,0,128.520254,35.827688,2020-09-01
1560140800,월성동1799-2,101,0,128.523842,35.834496,2020-09-01
1560140900,월성동1790,101,0,128.522462,35.834834,2020-09-01
1560141000,월성동1789,101,0,128.520242,35.832713,2020-09-01
1560141100,속성변화점,103,0,128.523629,35.833479,2020-09-01
1560141200,속성변화점,103,0,128.520992,35.831421,2020-09-01
1560141300,조암초등학교,101,0,128.527479,35.82438,2020-09-01
1560141400,조암초등학교,101,0,128.527857,35.823966,2020-09-01
1560141500,월성동535-3,101,0,128.528666,35.823081,2020-09-01
1560141600,월성남네거리,102,0,128.532278,35.822347,2020-09-01
1560141700,월성동790-1,101,1,128.524454,35.824847,2020-09-01
1560141800,월성동790-1,101,0,128.522754,35.82598,2020-09-01
1560141900,월성동994-3,102,0,128.520754,35.826147,2020-09-01
1560142000,대구월암초등학교,102,0,128.5225,35.828723,2020-09-01
1560142100,월암동218-8,102,0,128.519992,35.82543,2020-09-01
1560142200,월성동1882,102,0,128.520417,35.820889,2020-09-01
1560142300,대천동341,101,0,128.51673,35.820172,2020-09-01
1560142400,유천동46,101,1,128.51523,35.818689,2020-09-01
1560142500,유천동46,101,0,128.51438,35.817939,2020-09-01
1560142600,유천동204,101,0,128.513518,35.817181,2020-09-01
1560142700,유천동614,102,0,128.514368,35.819281,2020-09-01
1560142800,대천동1039,101,0,128.517792,35.819531,2020-09-01
1560142900,유천동599,101,0,128.520667,35.814981,2020-09-01
1560143000,유천동582,101,0,128.52058,35.81429,2020-09-01
1560143100,대천동566-1,102,0,128.524754,35.818198,2020-09-01
1560143200,진천동810-4,102,0,128.529479,35.817406,2020-09-01
1560143300,월성동1329,102,0,128.527316,35.820406,2020-09-01
1560143400,월성동1317-1,102,0,128.527616,35.819139,2020-09-01
1560143500,상인동1477,102,0,128.537791,35.810049,2020-09-01
1560143600,상인동1473,102,0,128.540578,35.812415,2020-09-01
1560143700,상인동1332-15,102,0,128.540053,35.809657,2020-09-01
1560143800,상인동951,102,0,128.548215,35.816848,2020-09-01
1560143900,상인동1551-1,101,0,128.547477,35.811307,2020-09-01
1560144000,대곡동411,102,0,128.526792,35.807516,2020-09-01
3610003402,가암삼거리,101,0,128.862364,37.071529,2025-01-15
1560144100,대곡동1140,101,0,128.523342,35.806257,2020-09-01
1560144200,대구대진초등학교,101,1,128.521205,35.806324,2020-09-01
1560144300,대구대진초등학교,102,0,128.521194,35.80711,2020-09-01
1560144400,대진중학교,101,0,128.520092,35.806241,2020-09-01
1560144500,대진중학교,101,0,128.51953,35.806191,2020-09-01
1560144600,대진중학교,101,0,128.51898,35.806157,2020-09-01
1560144700,대곡동1014-2,101,0,128.51953,35.806916,2020-09-01
1560144800,대진고등학교,101,0,128.517342,35.806057,2020-09-01
1560144900,대곡동1040-1,102,0,128.518417,35.803008,2020-09-01
1540117100,구암동841-4,101,0,128.566787,35.934885,2020-09-01
3570732700,간단하지만특별한화피디Cafe,101,0,128.936479,35.972861,2020-09-01
3570732800,국민건강보험공단영천지사,101,0,128.933309,35.973024,2020-09-01
3570732900,중앙동주민센터,101,0,128.930207,35.973058,2020-09-01
3570733000,영천고교앞교차로,101,0,128.943271,35.973169,2020-09-01
3570733100,스타어린이집,101,0,128.930697,35.973291,2020-09-01
3570733200,국민건강보험공단영천지사,101,0,128.933873,35.973323,2020-09-01
3570733300,영천시청앞교차로,101,0,128.937713,35.973497,2020-09-01
3570733400,삼산무지개타운아파트앞교차로,101,0,128.934354,35.973536,2020-09-01
3570733500,화룡삼거리,101,0,128.913463,35.973616,2020-09-01
3570733600,중앙동사무소앞교차로,101,0,128.929731,35.973673,2020-09-01
3570733700,영천시민교회,101,0,128.931684,35.973698,2020-09-01
3570733800,속성변화점,103,0,128.935789,35.973812,2020-09-01
3570733900,사일온천,102,0,128.869881,35.973835,2020-09-01
3570734000,영천시민교회,101,0,128.9321,35.973873,2020-09-01
3570734100,중앙동주민센터,101,0,128.930269,35.973918,2020-09-01
3570734200,문화아파트앞교차로,101,0,128.945178,35.973948,2020-09-01
3570734300,선우타운빌라앞교차로,101,0,128.938781,35.974004,2020-09-01
3570734400,LX한국국토정보공사영천시지사,101,0,128.932548,35.974077,2020-09-01
3570734500,영천중교앞교차로,101,0,128.929441,35.974131,2020-09-01
3570734600,스타어린이집,101,0,128.930937,35.974211,2020-09-01
3570734700,서라벌예술어린이집앞교차로,101,0,128.933119,35.974354,2020-09-01
3570734800,LX한국국토정보공사영천시지사,101,0,128.932312,35.974428,2020-09-01
3570734900,하늘나무교회,101,0,128.930574,35.974695,2020-09-01
3570735000,LX한국국토정보공사영천시지사,101,0,128.932057,35.974781,2020-09-01
3570735100,무궁화타운아파트앞교차로,101,0,128.940576,35.97488,2020-09-01
3570735200,동부주유소앞교차로,101,0,128.947982,35.975093,2020-09-01
3570735201,망정동173-2,101,1,128.949567,35.975498,2020-09-01
3570735300,화룡동산40-2,102,0,128.921636,35.975099,2020-09-01
3570735400,하늘나무교회,101,0,128.931692,35.975289,2020-09-01
3570735500,동부동사무소앞교차로,101,0,128.941631,35.975377,2020-09-01
3570735600,화룡교,104,0,128.911308,35.975626,2020-09-01
3570735700,영천청구타운3차앞교차로,101,0,128.939891,35.975861,2020-09-01
3570735800,신망정사거리,101,1,128.953569,35.976249,2020-09-01
3570735900,화룡교,104,0,128.910544,35.976328,2020-09-01
3570736100,명림당,102,0,128.942049,35.976802,2020-09-01
3570736200,속성변화점,103,0,128.958932,35.977271,2020-09-01
3570736400,속성변화점,103,0,128.946858,35.977497,2020-09-01
3570736600,속성변화점,103,0,128.91815,35.977869,2020-09-01
3570737400,영천시-경산시,105,0,128.794658,35.98269,2020-09-01
3570738100,영천농협창신로지점,101,0,128.951749,35.98579,2020-09-01
3570738200,영천창신타운아파트앞교차로,101,0,128.954893,35.986143,2020-09-01
3570738201,망정동8-6,101,0,128.957424,35.986392,2020-09-01
3570738300,신한화섬앞교차로,101,0,128.959131,35.98656,2020-09-01
3570738400,일승섬유앞교차로,101,0,128.960843,35.986726,2020-09-01
3570738700,유니트론앞교차로,101,0,128.958815,35.98857,2020-09-01
3570738800,청솔아파트교차로,101,0,128.954494,35.988581,2020-09-01
3570738900,유성교역영천공장앞교차로,101,0,128.960522,35.988732,2020-09-01
3570739000,영천좋은교회,101,0,128.957001,35.988881,2020-09-01
3570739600,치일리423-14,102,0,128.794295,35.990158,2020-09-01
3570739700,리라잉글리쉬어린이집,102,0,128.951752,35.99021,2020-09-01
3570739800,영천인터불고코아루아파트,101,0,128.954174,35.990545,2020-09-01
3570739900,영천시농업기술센터,102,0,128.925598,35.990712,2020-09-01
3570740000,속성변화점,103,0,128.960237,35.990724,2020-09-01
3570740100,치일교,104,0,128.799026,35.990993,2020-09-01
3570740200,치일교,104,0,128.798879,35.991227,2020-09-01
3570740400,지곡교,104,0,128.801651,35.991576,2020-09-01
3570740500,한솔어린이집,101,0,128.956499,35.991743,2020-09-01
3570740700,지곡교,104,0,128.801624,35.991804,2020-09-01
3570740800,은해사교차로,101,0,128.801574,35.993031,2020-09-01
3570740801,청통CC교차로,101,0,128.814613,35.994967,2020-09-01
3570740900,우담도예전시실입구교차로,101,0,128.818762,35.995752,2020-09-01
3570741000,애련교,104,0,128.807105,35.998248,2020-09-01
3570741100,애련교,104,0,128.807507,35.998292,2020-09-01
3570741200,속성변화점,103,0,128.812684,35.998588,2020-09-01
3570741300,속성변화점,103,0,128.81475,35.998596,2020-09-01
3570741400,애련리96-3,102,0,128.80488,35.998922,2020-09-01
3570741500,우천교,104,0,128.883469,35.999782,2020-09-01
3570741600,우천교,104,0,128.883807,36.000249,2020-09-01
3570741800,영북교,104,0,128.92239,36.001372,2020-09-01
3570741900,영북교,104,0,128.921278,36.001749,2020-09-01
3570742200,계지1교,104,0,128.819196,36.002238,2020-09-01
3570742300,계지1교,104,0,128.819464,36.00248,2020-09-01
3570743500,용내교,102,0,128.829605,36.011711,2020-09-01
3570755300,대창면보건소앞교차로,101,0,128.894628,35.874864,2020-09-01
3570755301,대창리893-2,101,0,128.886777,35.875976,2020-09-01
3570755400,사리리275-2,101,0,128.873287,35.876196,2020-09-01
3570755500,SOIL영천저유소입구교차로,101,0,128.871919,35.876319,2020-09-01
3570755600,병암리59-3,101,0,128.910637,35.8879,2020-09-01
3570755700,호남육교남측,104,0,128.926803,35.903477,2020-09-01
3570755800,호남육교북측,104,0,128.926588,35.903958,2020-09-01
3570756100,속성변화점,103,0,128.92842,35.916477,2020-09-01
3570756200,영천시환경사업소앞교차로,101,0,128.932959,35.926886,2020-09-01
3570756300,도남공단입구교차로,101,0,128.93489,35.931207,2020-09-01
3570756400,도남교서측,104,0,128.936296,35.93638,2020-09-01
3570756500,도남교북측,104,0,128.936405,35.936912,2020-09-01
3570756600,도남마을,101,1,128.937788,35.939337,2020-09-01
3570822300,화산리교차로,101,1,128.882975,36.002992,2020-09-01
3570822400,삼부교차로,101,0,128.884769,36.004986,2020-09-01
3570823500,서산교차로,101,0,128.903279,35.985206,2020-09-01
3570823800,국도분기점,101,1,128.907308,35.981714,2020-09-01
3570850300,동영천IC,106,1,128.956001,35.995932,2020-09-01
3570850400,동영천IC,106,1,128.960348,35.992347,2020-09-01
3570850500,동영천IC,106,0,128.960807,35.994199,2020-09-01
3570880500,병암정미소,101,0,128.889365,35.892335,2020-09-01
3570888200,야사동534-1,102,0,128.94744,35.98529,2020-09-01
3570888300,망정동534-1,102,0,128.952402,35.988365,2020-09-01
3570888400,완산동1009-23,101,0,128.941241,35.966709,2020-09-01
3570888500,완산동729-58,101,0,128.941304,35.965492,2020-09-01
3570888600,완산동1464,101,0,128.943953,35.966734,2020-09-01
3570888700,완산동1438,101,0,128.941354,35.964284,2020-09-01
3570888800,완산동906-60,101,0,128.938141,35.962409,2020-09-01
3570888900,완산동주민센터,101,0,128.939941,35.964226,2020-09-01
3570889000,완산동1446,101,0,128.939979,35.963559,2020-09-01
3570889100,완산동1446,101,0,128.946141,35.963843,2020-09-01
3570889200,완산동1446,101,0,128.944066,35.963751,2020-09-01
3610007511,외량리906-2,101,0,128.563195,37.161284,2025-01-15
3570889300,완산동1446,101,0,128.941429,35.963626,2020-09-01
3570889400,완산동1438,101,0,128.944041,35.964359,2020-09-01
3570889500,오수동435-7,101,0,128.916393,35.95881,2020-09-01
3570889600,오수동132-7,101,0,128.915618,35.959693,2020-09-01
3570889700,속성변화점,103,1,128.918456,35.959509,2020-09-01
3570889800,문외동319-2,101,1,128.934129,35.971692,2020-09-01
3570889900,문외동154-30,101,0,128.934879,35.97055,2020-09-01
3570890000,문외동50-9,101,0,128.937354,35.971775,2020-09-01
3570890100,송천리산2,102,0,128.81169,35.989439,2020-09-01
3570890400,채신동797,101,0,128.954091,35.907674,2020-09-01
3570890500,채신동768-10,102,0,128.956653,35.90894,2020-09-01
1500008800,서성로교회앞,101,0,128.585905,35.870863,2020-09-01
1500008900,서문로119안전센터,101,0,128.590936,35.871525,2020-09-01
1500008901,포정동87,101,0,128.59301,35.871858,2020-09-01
1500009000,종로초등교입구,101,1,128.587459,35.872362,2020-09-01
1500009100,종로초등교앞,101,0,128.590914,35.872827,2020-09-01
1500009101,향촌동41-3,101,0,128.592863,35.873078,2020-09-01
1500009200,경상감영공원입구,101,0,128.594438,35.873268,2020-09-01
1500009300,대구수창초등교앞,101,0,128.583416,35.873552,2020-09-01
1500009301,달성공원역(대구3호선),101,0,128.582626,35.876087,2020-09-01
1500009400,대안천주교회앞,101,0,128.590924,35.874138,2020-09-01
1500009500,유니온호텔,101,0,128.591112,35.875828,2020-09-01
1500009600,동아극장,101,0,128.582026,35.876238,2020-09-01
1500009700,남산동3015,102,0,128.581961,35.857427,2020-09-01
1500009800,대신동271-50,102,0,128.577612,35.866618,2020-09-01
1500009900,대신동1267-1,102,0,128.575312,35.864701,2020-09-01
1500010000,남산동2983-18,102,0,128.578474,35.861768,2020-09-01
1500010100,남산동2466-93,102,0,128.581311,35.861818,2020-09-01
1500010200,남산동2442-4,102,0,128.583436,35.860577,2020-09-01
1500010300,남산동753-20,102,0,128.586636,35.863435,2020-09-01
1500010400,남산3동행정복지센터,102,0,128.585486,35.860218,2020-09-01
1500010500,남산동3010,102,0,128.581436,35.85876,2020-09-01
1500010600,계산동2가271-30,102,0,128.589011,35.867059,2020-09-01
1500010700,속성변화점,103,0,128.591698,35.863235,2020-09-01
1500010800,수창동104,101,0,128.585123,35.875625,2020-09-01
1500010900,칠성동2가36,102,0,128.592135,35.876433,2020-09-01
1500011000,속성변화점,103,0,128.597435,35.871326,2020-09-01
1500011100,동인동3가223-16,102,0,128.612412,35.869547,2020-09-01
1500011200,중구-북구,105,0,128.609339,35.874446,2020-09-01
1510000100,반야월네거리,101,1,128.713541,35.86599,2020-09-01
1510000200,대구가톨릭대학교부설유치원신설,101,1,128.718114,35.866001,2020-09-01
1510000300,안심중학삼거리,101,1,128.707884,35.866107,2020-09-01
1510000301,신기동561,101,0,128.708166,35.867575,2020-09-01
1510000400,안심주공네거리,101,1,128.701643,35.866752,2020-09-01
1510000401,율하동1032,101,1,128.696692,35.867304,2020-09-01
1510000402,대구율하초등학교,101,0,128.701958,35.868269,2020-09-01
1510000500,반석교회,101,0,128.696365,35.867344,2020-09-01
1510000501,율하동996,101,0,128.696703,35.868837,2020-09-01
1510000600,율하역4번출구,101,0,128.693285,35.869319,2020-09-01
1510000700,대구은행반야월지점,101,1,128.727885,35.869269,2020-09-01
1510000701,각산역,101,1,128.723935,35.867906,2020-09-01
1510000800,안심역2번출구,101,1,128.732412,35.870793,2020-09-01
1510000900,송정삼거리,101,1,128.733451,35.871134,2020-09-01
1510000901,괴전동191,101,1,128.735785,35.871939,2020-09-01
1510000902,송정삼거리,101,0,128.732724,35.871527,2020-09-01
1510000903,송정삼거리,101,1,128.733046,35.87143,2020-09-01
1510000904,신서동760,101,1,128.731,35.871767,2020-09-01
1510001000,속성변화점,103,0,128.747759,35.872015,2020-09-01
1510001001,사복동621-5,101,1,128.749936,35.872344,2020-09-01
1510001100,대림육교,104,0,128.741706,35.872237,2020-09-01
1510001200,대림육교,101,1,128.74179,35.872437,2020-09-01
1510001300,대림육교,101,1,128.740277,35.872537,2020-09-01
1510001400,대림육교,104,0,128.740238,35.87304,2020-09-01
1510001500,반야월삼거리,101,0,128.688025,35.874325,2020-09-01
1510001501,살로만유통,101,0,128.689746,35.87268,2020-09-01
1510001600,용계2교,101,0,128.685263,35.87517,2020-09-01
1510001601,용계동973-1,101,1,128.684181,35.87549,2020-09-01
1510001700,효목네거리,101,1,128.645027,35.876546,2020-09-01
1510002000,동대구성결교회,101,0,128.643246,35.878975,2020-09-01
1510002001,효목네거리지하차도,104,0,128.643812,35.878151,2020-09-01
1510002200,샤모니레스토랑,101,0,128.642027,35.880174,2020-09-01
1510002300,율암1교,104,0,128.704243,35.879611,2020-09-01
1510002400,효목지하차도,101,1,128.637369,35.881218,2020-09-01
1510002500,동부지하차도,104,0,128.639613,35.881253,2020-09-01
1510002600,매여천교,104,0,128.701562,35.881262,2020-09-01
1510002800,동대구JC,106,1,128.688519,35.881818,2020-09-01
1510002900,효목고가차도,101,0,128.636194,35.882399,2020-09-01
1510003000,큰고개고가차도,104,0,128.636019,35.882577,2020-09-01
1510003001,효목동55-7,101,0,128.637277,35.883882,2020-09-01
1510003100,동대구JC,106,0,128.698994,35.882891,2020-09-01
1510003200,동촌초등학교앞교차로,101,0,128.658525,35.883771,2020-09-01
1510003201,검사동943-4,101,1,128.654784,35.885828,2020-09-01
1510003202,검사동944-2,101,1,128.655718,35.885324,2020-09-01
1510003203,검사동1104,101,0,128.656469,35.88398,2020-09-01
1510003300,큰고개오거리,101,1,128.632979,35.885617,2020-09-01
1510003301,불꽃교회,101,1,128.636934,35.886194,2020-09-01
1510003302,대구광역시동구청,101,1,128.636104,35.886078,2020-09-01
1510003400,효목고가차도,104,0,128.630596,35.88741,2020-09-01
1510003401,신암동1760,101,1,128.627887,35.889478,2020-09-01
1510003402,신암동623,101,1,128.625428,35.89095,2020-09-01
1510003500,동촌네거리,101,1,128.651929,35.887398,2020-09-01
1510003600,아양네거리,101,1,128.640726,35.887546,2020-09-01
1510003700,아양교,104,0,128.641012,35.88787,2020-09-01
1510003900,아양교,104,0,128.642213,35.88971,2020-09-01
1510004000,아양교,101,1,128.642295,35.889882,2020-09-01
1510004001,지저동835-2,101,0,128.638816,35.89162,2020-09-01
1510004100,입석네거리,101,1,128.643538,35.892076,2020-09-01
1510004101,입석동970-16,101,1,128.644389,35.893559,2020-09-01
1510004102,지저동670-36,101,1,128.642288,35.893708,2020-09-01
1510004600,금호2교남측,104,0,128.633367,35.916877,2020-09-01
1510004700,도동JC,106,0,128.667196,35.917347,2020-09-01
1510004800,도동대교,104,0,128.66754,35.920821,2020-09-01
1510004900,도동대교,104,0,128.67448,35.930962,2020-09-01
1510005000,도동2교,104,0,128.675925,35.931615,2020-09-01
1510005100,도평터널,104,0,128.683851,35.935089,2020-09-01
1510005200,백안터널,104,0,128.696612,35.942349,2020-09-01
1510005300,백안터널,104,0,128.701835,35.946093,2020-09-01
1510005400,와촌터널,104,0,128.721226,35.95379,2020-09-01
1510005500,예담사다리차,101,1,128.728888,35.864801,2020-09-01
1510005501,신서동525-16,101,1,128.730311,35.864813,2020-09-01
1510005600,반야월역3번출구,101,1,128.713741,35.86517,2020-09-01
1510005700,대구가톨릭대학교부설유치원신설,101,0,128.718156,35.865289,2020-09-01
1510005800,원불교동호출장소,101,1,128.724867,35.866038,2020-09-01
1510005801,신서동540,101,0,128.725853,35.86636,2020-09-01
1510005900,핸즈커피범어MBC점,101,1,128.629595,35.866766,2020-09-01
1510006000,MBC네거리,101,1,128.626848,35.866955,2020-09-01
1510006001,범어동856,101,0,128.624985,35.867146,2020-09-01
1510006100,대한기계설비건설협회대구광역시회,101,0,128.624006,35.867246,2020-09-01
3610090003,동군위IC교차로,106,0,128.683279,37.000455,2025-01-15
3610152900,남산교(동측),104,0,128.659687,36.932503,2025-01-15
1510006200,아름어린이집,101,0,128.728817,35.867298,2020-09-01
1510006201,신서동561,101,0,128.730848,35.867335,2020-09-01
1510006300,꿈꾸는교회,101,0,128.732329,35.867344,2020-09-01
1510006301,신서동525-15,101,0,128.732299,35.869237,2020-09-01
1510006302,신서동525-15,101,0,128.732307,35.868677,2020-09-01
1510006303,신서동525-15,101,0,128.732306,35.868502,2020-09-01
1510006400,청구삼거리,101,1,128.622981,35.867381,2020-09-01
1510006401,청구중학교,101,1,128.61991,35.867647,2020-09-01
1510006402,청구삼거리,101,0,128.62235,35.867436,2020-09-01
1510006500,청구네거리,101,1,128.618447,35.867806,2020-09-01
1510006600,CMB대구방송,101,0,128.630639,35.867837,2020-09-01
1510006601,만촌동1316,101,0,128.632641,35.870004,2020-09-01
1510006602,만촌동1316,101,0,128.633722,35.871216,2020-09-01
1540105300,관음동1389,101,0,128.548063,35.934835,2020-09-01
1540105400,대구가톨릭대학교칠곡가톨릭병원,101,0,128.549663,35.93466,2020-09-01
1540105500,대구관천초등학교,101,0,128.551051,35.930302,2020-09-01
1540105600,목련아파트교차로,101,0,128.549851,35.936051,2020-09-01
1540105700,대구대천초등학교,102,0,128.554113,35.938068,2020-09-01
1540105800,읍내동218-3,102,0,128.552138,35.955532,2020-09-01
1540105900,읍내동313-10,101,1,128.553313,35.953583,2020-09-01
1540106000,읍내동315-6,102,1,128.552225,35.953758,2020-09-01
1540106100,읍내동583-1,102,0,128.550713,35.950175,2020-09-01
1540106200,읍내동1240-84,102,0,128.551575,35.949775,2020-09-01
1540106300,읍내동397-4,101,0,128.554825,35.9521,2020-09-01
1540106400,읍내동433-2,101,0,128.554175,35.950725,2020-09-01
1540106500,읍내동434-3,101,0,128.554375,35.949666,2020-09-01
1540106600,읍내동448-1,101,0,128.554713,35.948608,2020-09-01
1540106700,동천동959,102,0,128.55795,35.946284,2020-09-01
1540106800,동호동393-1,102,0,128.554821,35.963619,2020-09-01
1540106900,동호동112-8,102,0,128.562862,35.965906,2020-09-01
1540107000,학정동952,101,0,128.56474,35.954549,2020-09-01
1540107100,학정동952-2,101,0,128.565149,35.953841,2020-09-01
1540107200,학정동953-2,101,0,128.566062,35.952683,2020-09-01
1540107300,학정동953-5,101,0,128.567699,35.952058,2020-09-01
1540107400,학정동953-2,101,0,128.567774,35.9525,2020-09-01
1540107500,학정동953-7,102,0,128.569474,35.951625,2020-09-01
1540107600,학정동953-7,101,0,128.569161,35.951633,2020-09-01
1540107700,학정동953-2,101,0,128.569174,35.951883,2020-09-01
1540107800,학정동953-7,101,0,128.568161,35.951691,2020-09-01
1540107900,학정동953-5,101,0,128.567637,35.951758,2020-09-01
1540108000,학정동953-5,101,0,128.566462,35.9519,2020-09-01
1540108100,학정동953-18,101,0,128.566387,35.951625,2020-09-01
1540108200,학정동953-17,101,0,128.566112,35.950166,2020-09-01
1540108300,학정동953-23,101,0,128.565874,35.9489,2020-09-01
1540108400,학정동953-19,101,0,128.565599,35.950233,2020-09-01
1540108500,학정동953-15,101,0,128.566974,35.951558,2020-09-01
1540108600,학정동953-17,101,0,128.566687,35.950091,2020-09-01
1540108700,학정동953-14,101,0,128.567287,35.950016,2020-09-01
1540108800,학정동953-14,101,0,128.567449,35.950791,2020-09-01
1540108900,학정동953-14,101,0,128.567574,35.951491,2020-09-01
1540109000,학정동953-9,101,0,128.567962,35.950725,2020-09-01
1540109100,학정동118,102,0,128.568411,35.950675,2020-09-01
1540109200,학정동953-13,101,0,128.567787,35.949767,2020-09-01
1540109300,학정동953-10,101,0,128.567899,35.950333,2020-09-01
1540109400,학정동953-13,101,0,128.568399,35.949658,2020-09-01
1540109500,학정동953-12,102,0,128.568699,35.949883,2020-09-01
1540109600,학정동989-3,102,0,128.569624,35.949875,2020-09-01
1540109700,학정동989-4,101,0,128.569611,35.948892,2020-09-01
1540109800,학정초등학교,101,1,128.568174,35.948558,2020-09-01
1540109900,학정동989-22,101,0,128.566187,35.948242,2020-09-01
1540110000,학정동989-23,101,0,128.566899,35.947592,2020-09-01
1540110100,속성변화점,103,0,128.565262,35.954424,2020-09-01
1540110200,속성변화점,103,0,128.566574,35.947625,2020-09-01
1540110300,국우동1127,101,0,128.575904,35.946648,2020-09-01
1540110400,국우동1127-6,101,0,128.575873,35.946892,2020-09-01
1540110500,국우동1122,101,0,128.577186,35.947234,2020-09-01
1540110600,국우동1122,101,0,128.576923,35.94755,2020-09-01
1540110700,대구도남초등학교,101,0,128.576586,35.947983,2020-09-01
1540110800,대구도남초등학교,101,0,128.576348,35.948283,2020-09-01
1540110900,국우동1127,101,0,128.573161,35.946809,2020-09-01
1540111000,국우동1127-2,101,0,128.574348,35.947275,2020-09-01
1540111100,국우동1127-1,101,0,128.574024,35.947109,2020-09-01
1540111200,국우동행정복지센터,101,0,128.574723,35.94745,2020-09-01
1540111300,국우동행정복지센터,101,0,128.575048,35.947617,2020-09-01
1540111400,국우동행정복지센터,101,0,128.575348,35.947775,2020-09-01
1540111500,국우동행정복지센터,101,0,128.575886,35.947625,2020-09-01
1540111600,국우동행정복지센터,101,0,128.575561,35.94745,2020-09-01
1540111700,국우동1127,101,0,128.575511,35.946615,2020-09-01
1540111800,국우동1127,101,0,128.575089,35.946579,2020-09-01
1540111900,국우동1127,101,0,128.574611,35.946567,2020-09-01
1540112000,국우동1127,101,0,128.574186,35.946567,2020-09-01
1540112100,학남중학교,101,0,128.570399,35.946275,2020-09-01
1540112200,국우동1124-5,101,0,128.571636,35.946125,2020-09-01
1540112300,국우동1124-5,101,0,128.572074,35.94605,2020-09-01
1540112400,국우동1124-5,101,0,128.572486,35.945925,2020-09-01
1540112500,국우동1124-3,101,0,128.571861,35.944992,2020-09-01
1540112600,국우동1124-1,101,0,128.571449,35.945042,2020-09-01
1540112700,국우동1124-1,101,0,128.571561,35.945759,2020-09-01
1540112800,국우동1124,101,0,128.572711,35.944884,2020-09-01
1540112900,국우동1124,101,0,128.572411,35.944667,2020-09-01
1540113000,국우동1124,101,0,128.571786,35.944617,2020-09-01
1540113100,국우동1124,101,0,128.571361,35.944667,2020-09-01
1540113200,학남중학교,101,0,128.570936,35.944725,2020-09-01
1540113300,학남중학교,101,0,128.570524,35.944775,2020-09-01
1540113400,학남중학교,101,0,128.570136,35.944825,2020-09-01
1540113500,국우동1125-4,101,0,128.571161,35.943601,2020-09-01
1540113600,국우동1125-1,101,0,128.570724,35.943651,2020-09-01
1540113700,국우동1125-1,101,0,128.570336,35.943701,2020-09-01
1540113800,국우동1125-5,101,0,128.571724,35.944234,2020-09-01
1540113900,국우동1125-5,101,0,128.571661,35.943892,2020-09-01
1540114000,국우동1125,101,0,128.571599,35.943542,2020-09-01
1540114100,국우동1125-7,101,0,128.572724,35.944367,2020-09-01
1540114200,국우동1125-7,101,0,128.573011,35.944101,2020-09-01
1540114300,국우동1125,101,0,128.573286,35.943817,2020-09-01
1540114400,속성변화점,103,0,128.571199,35.946567,2020-09-01
1540114500,구암동832-3,101,0,128.568824,35.941176,2020-09-01
1540114600,구암동832-3,101,0,128.569549,35.941817,2020-09-01
1540114700,구암동832-3,101,0,128.570274,35.942451,2020-09-01
1540114800,구암동832-3,101,0,128.570736,35.942876,2020-09-01
1540114900,구암동834,101,0,128.571236,35.942801,2020-09-01
1540115000,구암동834-1,101,0,128.570886,35.942026,2020-09-01
1540115100,구암동834-1,101,0,128.570199,35.941367,2020-09-01
1540115200,구암동834-2,101,0,128.569162,35.940951,2020-09-01
1540115300,구암동834-2,101,0,128.569886,35.941576,2020-09-01
1540115400,구암동834-2,101,0,128.570599,35.942226,2020-09-01
1540115500,구암동840-1,101,0,128.569312,35.938726,2020-09-01
1540115600,구암동840-1,101,0,128.569786,35.938593,2020-09-01
1540115700,구암동841,101,0,128.569612,35.937651,2020-09-01
3610156300,화본교(동측),104,0,128.711998,37.023196,2025-01-15
3610086501,산법터널(북측),104,0,128.529232,37.117662,2025-01-15
1560008500,언제나큰손생오리금촌점,101,1,128.507317,35.830402,2020-09-01
1560008501,월암동1052,101,0,128.514067,35.830413,2020-09-01
1560008502,월암동1-36,101,0,128.511893,35.830409,2020-09-01
1560008503,월암동1-36,101,0,128.509718,35.830406,2020-09-01
1560008600,속성변화점,103,0,128.48781,35.83041,2020-09-01
1560008700,일륜스텐상사,101,0,128.515916,35.830416,2020-09-01
1560008800,더블유에스스틸,101,0,128.499965,35.830477,2020-09-01
1560008801,월암동1-31,101,0,128.499991,35.831971,2020-09-01
1560008802,월암동1-36,101,0,128.504769,35.830428,2020-09-01
1560008803,월암동1-36,101,0,128.502382,35.830453,2020-09-01
1560008900,개상듬네거리,101,1,128.492141,35.830508,2020-09-01
1560008901,월암동1,101,0,128.494458,35.830499,2020-09-01
1560008902,월암동1091,101,0,128.497204,35.830488,2020-09-01
1560009000,IBK기업은행성서4차단지지점,101,0,128.519369,35.830702,2020-09-01
1560009001,월성동1762-5,101,0,128.525197,35.836189,2020-09-01
1560009002,월성동1799,101,0,128.524795,35.83581,2020-09-01
1560009003,월성동1799-2,101,0,128.523576,35.834662,2020-09-01
1560009004,출판산업단지네거리,101,1,128.522668,35.833807,2020-09-01
1560009005,월성동1791,101,0,128.518643,35.831185,2020-09-01
1560009006,월성동1804-1,101,0,128.521043,35.832277,2020-09-01
1560009007,월성동1808,101,1,128.51991,35.831212,2020-09-01
1560009008,월성동1808,101,0,128.52053,35.831795,2020-09-01
1560009100,달서소방서교차로,101,1,128.535532,35.831283,2020-09-01
1560009200,두리어린이집,101,1,128.531289,35.831352,2020-09-01
1560009300,달서소방서,101,0,128.533918,35.831393,2020-09-01
1560009400,송현중앙교회,101,0,128.546714,35.832025,2020-09-01
1560009500,문화유치원,101,0,128.544656,35.832068,2020-09-01
1560009600,학산공원삼거리,101,1,128.538249,35.832731,2020-09-01
1560009700,GS주유소활주로,101,0,128.515896,35.833013,2020-09-01
1560009701,월암동1009,101,0,128.514068,35.833046,2020-09-01
1560009800,성민교회,101,0,128.553338,35.83373,2020-09-01
1560009900,성민교회,101,0,128.552788,35.833746,2020-09-01
1560010000,정명속셈학원,101,0,128.544684,35.833952,2020-09-01
1560010100,한국환경공단,101,1,128.485831,35.834963,2020-09-01
1560010101,호림동22,101,1,128.490419,35.834989,2020-09-01
1560010102,호림동6-10,101,1,128.487445,35.834972,2020-09-01
1560010103,호림동22,101,1,128.485824,35.836112,2020-09-01
1560010104,호림동22,101,1,128.485827,35.835587,2020-09-01
1560010105,호림동22,101,1,128.488107,35.834976,2020-09-01
1560010200,꿈그리기,101,1,128.482402,35.834976,2020-09-01
1560010300,호림네거리,101,1,128.492099,35.835072,2020-09-01
1560010301,갈산동982-2,101,1,128.494489,35.835146,2020-09-01
1560010302,갈산동982,101,1,128.496735,35.835216,2020-09-01
1560010400,진성장갑,101,1,128.499976,35.835316,2020-09-01
1560010401,갈산동358,101,0,128.499954,35.836445,2020-09-01
1560010500,감천교회,101,0,128.530727,35.835372,2020-09-01
1560010600,창성정밀기어,101,1,128.503934,35.835461,2020-09-01
1560010700,성서공단네거리,101,1,128.507273,35.835583,2020-09-01
1560010701,장동306-1,101,1,128.509728,35.835814,2020-09-01
1560010800,오일뱅크고려제일,101,1,128.51064,35.835899,2020-09-01
1560010801,장동306-1,101,1,128.511872,35.836015,2020-09-01
1560010900,오일뱅크고려제일,101,1,128.512539,35.836077,2020-09-01
1560010901,장동306-1,101,1,128.514083,35.836223,2020-09-01
1560011000,장동네거리,101,1,128.51587,35.83639,2020-09-01
1560011001,장동854,101,1,128.524566,35.836942,2020-09-01
1560011002,장동네거리,101,1,128.515866,35.837238,2020-09-01
1560011003,장동844,101,1,128.522359,35.836802,2020-09-01
1560011100,세계로교회,101,1,128.552845,35.837107,2020-09-01
1560011200,남대구IC,101,0,128.528683,35.837172,2020-09-01
1560011300,감천네거리,101,1,128.530675,35.837235,2020-09-01
1560011301,본리동1208-6,101,1,128.530715,35.838477,2020-09-01
1560011302,본리동1150,101,0,128.530763,35.839954,2020-09-01
1560011303,본리동1150,101,1,128.533954,35.837364,2020-09-01
1560011400,일흥산업,101,1,128.485817,35.837286,2020-09-01
1560011401,호림동22,101,0,128.488107,35.837287,2020-09-01
1560011402,호림동22,101,0,128.480338,35.838428,2020-09-01
1560011403,호림동22,101,1,128.485811,35.838437,2020-09-01
1560011404,호림동22,101,0,128.48037,35.837278,2020-09-01
1560011500,호림동22,101,0,128.490379,35.837287,2020-09-01
1560011501,호림동22,101,0,128.490378,35.83902,2020-09-01
1560011502,호림동22,101,0,128.490378,35.838454,2020-09-01
1560011600,엔제리너스대구호림,101,1,128.492032,35.837288,2020-09-01
1560011700,동본리네거리,101,1,128.544715,35.837371,2020-09-01
1560011701,동본리네거리,101,0,128.544743,35.838071,2020-09-01
1560011800,본리네거리,101,1,128.536878,35.837503,2020-09-01
1560011900,뉴비젼지식산업센터,101,0,128.503932,35.837693,2020-09-01
1560012000,서울신문대구지사,101,1,128.507268,35.837703,2020-09-01
1560012100,금호산업,101,0,128.512526,35.837705,2020-09-01
1560012200,대일제지,101,0,128.510621,35.837717,2020-09-01
1560012300,세아기전,101,0,128.499925,35.837876,2020-09-01
1560012400,엔제리너스대구호림,101,0,128.492042,35.837879,2020-09-01
1560012401,갈산동358,101,0,128.494444,35.837878,2020-09-01
1560012402,갈산동358,101,0,128.496719,35.837877,2020-09-01
1560012500,세강병원북편교차로,101,1,128.552854,35.838318,2020-09-01
1560012600,본리119안전센터,101,1,128.544801,35.83951,2020-09-01
1560012601,국민은행본리지점교차로,101,0,128.54483,35.840737,2020-09-01
1560012602,국민은행본리지점교차로,101,1,128.544835,35.841103,2020-09-01
1560012700,LNF본사,101,1,128.478094,35.839666,2020-09-01
1560012800,덕인디앤시,101,1,128.480355,35.839666,2020-09-01
1560012900,화영테크,101,1,128.481858,35.839668,2020-09-01
1560013000,두리봉네거리,101,1,128.558688,35.839671,2020-09-01
1560013001,성당동750-1,101,0,128.555887,35.842251,2020-09-01
1560013100,성서3차지방산업단지,101,1,128.485804,35.839674,2020-09-01
1560013200,이마트24성서호림점,101,1,128.488098,35.839681,2020-09-01
1560013201,호산동721,101,0,128.488094,35.840845,2020-09-01
1560013202,호산동721,101,0,128.488092,35.841403,2020-09-01
1560013300,대구경북과학기술연구원,101,1,128.490378,35.839687,2020-09-01
1560013301,호산동721,101,0,128.490377,35.840845,2020-09-01
1560013302,호산동721,101,0,128.490376,35.84142,2020-09-01
1560013303,호산동721,101,0,128.490377,35.840287,2020-09-01
1560013400,아트매뉴팩쳐,101,1,128.475596,35.839689,2020-09-01
1560013500,SK주유소공단제일,101,1,128.49201,35.839692,2020-09-01
1560013501,갈산동966-16,101,1,128.492019,35.840624,2020-09-01
1560013600,GS25성서공단,101,0,128.499896,35.839748,2020-09-01
1560013700,아트매니아플러스,101,0,128.503888,35.839771,2020-09-01
1560013800,한국이엔티,101,0,128.507263,35.839989,2020-09-01
1560013900,대정직물,101,0,128.510585,35.840002,2020-09-01
1560014000,대정천막기업,101,0,128.512522,35.840019,2020-09-01
1560014100,화승테크,101,0,128.481832,35.840845,2020-09-01
1560014200,황보기계,101,0,128.474859,35.840859,2020-09-01
1560014300,동지ENG,101,1,128.47808,35.840859,2020-09-01
1560014400,한일할인마트,101,1,128.485806,35.840877,2020-09-01
1560014500,에이앤에이,101,0,128.512522,35.841125,2020-09-01
1560014600,에이앤에이모기지컴퍼니,101,0,128.515849,35.841127,2020-09-01
1560014700,이현산업,101,0,128.510572,35.841527,2020-09-01
1560014800,지앤지커머스,101,0,128.507259,35.841536,2020-09-01
1560014900,본리파출소앞교차로,101,1,128.537019,35.841888,2020-09-01
1560014901,파출소앞교차로,101,1,128.536029,35.841951,2020-09-01
1560015000,WDN코퍼레이션,101,0,128.474866,35.841978,2020-09-01
3610002601,효령교(남측),101,1,128.603915,37.054997,2025-01-15
1560015100,그린대형자동세차장,101,1,128.485808,35.842009,2020-09-01
1560022101,이곡동1306-3,101,0,128.510093,35.85727,2020-09-01
1560022200,성서초원교회,101,1,128.507341,35.857316,2020-09-01
1560022300,행복사랑교회,101,1,128.499913,35.857409,2020-09-01
1560022400,성서농협신용산지점,101,1,128.530592,35.857612,2020-09-01
1560022500,용산초등학교앞교차로,101,1,128.533292,35.858789,2020-09-01
1560022501,중리동1189-5,101,0,128.533587,35.860303,2020-09-01
1560022600,용산지하차도,101,1,128.525207,35.858802,2020-09-01
1560022700,용산지하차도,101,1,128.527405,35.858811,2020-09-01
1560022701,용산동911,101,0,128.527365,35.861309,2020-09-01
1560022702,용산동962,101,0,128.527389,35.860301,2020-09-01
1560022703,용산동911,101,0,128.527374,35.860934,2020-09-01
1560022704,용산동968,101,0,128.528926,35.858814,2020-09-01
1560022800,용산지하차도,101,1,128.523843,35.858813,2020-09-01
1560022801,용산동406,101,0,128.523956,35.859066,2020-09-01
1560022802,용산동507-2,101,0,128.524148,35.859779,2020-09-01
1560022803,용산동507-2,101,0,128.524388,35.860683,2020-09-01
1560022804,성곡중학교,101,1,128.523749,35.862078,2020-09-01
1560022805,용산동507-2,101,0,128.524768,35.861588,2020-09-01
1560022900,옷박골네거리,101,1,128.530592,35.858819,2020-09-01
1560022901,용산동961,101,0,128.530613,35.860301,2020-09-01
1560022902,옷박골네거리,101,1,128.531429,35.858809,2020-09-01
1560023000,CU대구용산점,101,1,128.521123,35.858842,2020-09-01
1560023001,용산2동행정복지센터,101,1,128.522892,35.858823,2020-09-01
1560023002,용산동526,101,1,128.521868,35.861332,2020-09-01
1560023003,용산동526,101,1,128.521476,35.860598,2020-09-01
1560023004,용산2동행정복지센터,101,1,128.523217,35.85882,2020-09-01
1560023100,선원공원삼거리,101,1,128.51549,35.858945,2020-09-01
1560023101,선원공원삼거리,101,1,128.514384,35.858963,2020-09-01
1560023102,이곡시장삼거리,101,1,128.512706,35.85899,2020-09-01
1560023103,이곡동1309,101,1,128.511118,35.859016,2020-09-01
1560023200,불미골네거리,101,1,128.507404,35.859076,2020-09-01
1560023201,이곡동1186-14,101,1,128.501669,35.859171,2020-09-01
1560023202,이곡동1310-18,101,1,128.503994,35.859132,2020-09-01
1560023203,이곡동1309,101,1,128.505393,35.859109,2020-09-01
1560023204,이곡동1165-1,101,1,128.500224,35.859192,2020-09-01
1560023300,여래선원,101,1,128.499941,35.859196,2020-09-01
1560023301,신당동행정복지센터,101,1,128.49862,35.859226,2020-09-01
1560023302,신당동1677-17,101,1,128.49727,35.859256,2020-09-01
1560023400,문화대삼거리,101,1,128.492192,35.859333,2020-09-01
1560023500,EV충전소서촌공영주차장,101,1,128.522388,35.862252,2020-09-01
1560023600,대구수목원,102,0,128.521041,35.802415,2020-09-01
1560023700,대구수목원,101,0,128.520323,35.803937,2020-09-01
1560023701,대곡동1042,101,0,128.520565,35.804779,2020-09-01
1560023800,대구교육대학부속초등교,101,0,128.531563,35.805555,2020-09-01
1560023801,대곡동433,101,0,128.528133,35.8062,2020-09-01
1560023802,대곡동1140,101,0,128.52821,35.806507,2020-09-01
1560023803,도원동1141,101,0,128.52866,35.806035,2020-09-01
1560023804,도원동1463-6,101,0,128.529051,35.805927,2020-09-01
1560023805,도원동1440,101,0,128.529544,35.805904,2020-09-01
1560023806,도원동1440,101,0,128.530242,35.805688,2020-09-01
1560023900,대곡공원앞,101,1,128.528509,35.807686,2020-09-01
1560023901,대곡동413,101,0,128.527703,35.808018,2020-09-01
1560024000,대진초등학교,101,1,128.520646,35.807717,2020-09-01
1560024001,진천동809-77,101,1,128.523873,35.807832,2020-09-01
1560024100,한라하우젠트앞,101,0,128.512992,35.808135,2020-09-01
1560024101,대곡동60-10,101,0,128.515821,35.807968,2020-09-01
1560024200,남대문중앙교회,101,0,128.518661,35.80818,2020-09-01
1560024201,대곡동917-39,101,0,128.517719,35.809113,2020-09-01
1560024300,장미아파트앞,101,0,128.556064,35.808282,2020-09-01
1560024400,달서구상인동1272-4,101,0,128.556461,35.809226,2020-09-01
1560024500,상인1동농협,101,0,128.545828,35.813023,2020-09-01
1560024501,상인동1551-2,101,1,128.54671,35.813591,2020-09-01
1560024600,상인1동우체국,101,0,128.544643,35.814207,2020-09-01
1560024601,월촌초등학교앞교차로,101,0,128.543524,35.815337,2020-09-01
1560024602,상인1동행정복지센터,101,0,128.545516,35.814793,2020-09-01
1560024603,롯데백화점,101,0,128.539839,35.81906,2020-09-01
1560024604,상인동1519-1,101,0,128.540607,35.818275,2020-09-01
1560024605,상인동1519-1,101,0,128.541428,35.817448,2020-09-01
1560024700,월배시장앞교차로,101,1,128.526652,35.814649,2020-09-01
1560024701,진천동555-13,101,0,128.526089,35.815926,2020-09-01
1560024800,청구아파트상가앞,101,0,128.546695,35.815579,2020-09-01
1560024801,상인동1520-1,101,0,128.5456,35.816688,2020-09-01
1560024802,상인동1520-1,101,0,128.54339,35.818756,2020-09-01
1560024900,대구축산농협육가공공장,101,0,128.502769,35.818526,2020-09-01
1560025000,롯데백화점상인점,101,1,128.53943,35.819473,2020-09-01
1560025100,코오롱하늘채아파트입구,101,0,128.525238,35.820684,2020-09-01
1560025101,월성동1327,101,1,128.527504,35.821335,2020-09-01
1560025102,월성동1340-6,101,0,128.525347,35.822631,2020-09-01
1560025103,월성동1327,101,1,128.52723,35.821258,2020-09-01
1560025200,대륜정비북편,101,1,128.52158,35.823111,2020-09-01
1560025201,월성동1412,101,1,128.522783,35.823558,2020-09-01
1560025300,영남코아,101,0,128.534108,35.823696,2020-09-01
1560025400,농로네거리,101,1,128.526988,35.825112,2020-09-01
1560025401,월성네거리,101,0,128.529131,35.825909,2020-09-01
1560025402,월성동610-2,101,0,128.526613,35.82574,2020-09-01
1560025403,월성네거리,101,0,128.528941,35.825839,2020-09-01
1560025404,월암중학교,101,1,128.523997,35.827837,2020-09-01
1560025500,태광공업사,101,0,128.512995,35.826862,2020-09-01
1560025501,월암동930,101,0,128.514482,35.828288,2020-09-01
1560025502,월암동926,101,0,128.511899,35.827624,2020-09-01
1560025600,우방코아,101,1,128.531165,35.827109,2020-09-01
1560025700,효광산업,101,0,128.507325,35.827653,2020-09-01
1560025701,월암동915,101,0,128.509705,35.827639,2020-09-01
1560025800,일신기계,101,0,128.499931,35.827667,2020-09-01
1560025801,월암동911,101,0,128.504756,35.827666,2020-09-01
1560025802,월암동907,101,0,128.502369,35.827675,2020-09-01
1560025900,해맞이아파트1동앞,102,0,128.553159,35.830586,2020-09-01
1560026000,대송한의원,101,0,128.548716,35.830705,2020-09-01
1560026100,송현여고,101,1,128.551896,35.831255,2020-09-01
1560026200,송현여자중고교입구,101,0,128.548729,35.831986,2020-09-01
1560026300,유림물산,101,0,128.507297,35.833077,2020-09-01
1560026301,월암동1079,101,0,128.509731,35.833072,2020-09-01
1560026302,월암동1039,101,0,128.511906,35.833064,2020-09-01
1560026400,성서어린이집,101,0,128.500011,35.8331,2020-09-01
1560026401,월암동959,101,0,128.500004,35.833521,2020-09-01
1560026402,월암동1-202,101,0,128.504789,35.833087,2020-09-01
1560026403,월암동1-54,101,0,128.50238,35.833093,2020-09-01
1560026500,현대독서실,101,0,128.54875,35.833257,2020-09-01
1560026600,그린맨션아파트307동앞,101,0,128.548763,35.833866,2020-09-01
1560026601,본동1150-33,101,0,128.546704,35.833927,2020-09-01
1560026700,대구공업대학앞,101,1,128.541291,35.834072,2020-09-01
1560026800,이동통신,101,1,128.54874,35.837243,2020-09-01
1560026801,본리동1150,101,0,128.548742,35.837987,2020-09-01
1560026802,송림백화점,101,0,128.546768,35.837304,2020-09-01
1560026900,견인관리소,101,1,128.541383,35.837435,2020-09-01
1560027000,성당중학교네거리,101,1,128.548737,35.839424,2020-09-01
3610112904,대율교차로,101,0,128.67822,36.969397,2025-01-15
3610001501,고곡리1429-1,101,0,128.592894,37.013647,2025-01-15
1560027001,성당초등학교앞교차로,101,1,128.546778,35.839473,2020-09-01
1560027100,새본리중학교교차로,101,1,128.541436,35.839719,2020-09-01
1540028101,동천동960-1,101,1,128.557317,35.942292,2020-09-01
1540028102,동천동960-1,101,1,128.556207,35.942614,2020-09-01
1540028103,팔거역(대구3호선),101,0,128.558158,35.943188,2020-09-01
1540028200,구암삼거리,101,1,128.572409,35.942675,2020-09-01
1540028201,국우동832,101,1,128.571099,35.943194,2020-09-01
1540028202,국우동832,101,1,128.570811,35.943235,2020-09-01
1540028300,북구국우동산52-1,101,0,128.589633,35.943228,2020-09-01
1540028400,구천교,104,0,128.554899,35.943337,2020-09-01
1540028401,동천동972,101,0,128.554594,35.944576,2020-09-01
1540028500,구천교,104,0,128.553812,35.943398,2020-09-01
1540028600,강북지구대,101,1,128.569351,35.94342,2020-09-01
1540028601,학남고등학교,101,1,128.569909,35.946326,2020-09-01
1540028602,학남중학교,101,0,128.569635,35.944902,2020-09-01
1540028700,칼비테조기교육원,101,1,128.563839,35.944105,2020-09-01
1540028800,천암네거리,101,1,128.561083,35.944462,2020-09-01
1540028900,북구국우동1126,101,1,128.57534,35.944776,2020-09-01
1540029000,거동네거리,101,1,128.558474,35.944814,2020-09-01
1540029001,동천동959,101,0,128.558688,35.946236,2020-09-01
1540029002,동천동959-3,101,0,128.557302,35.945187,2020-09-01
1540029100,큰별어린이집,101,0,128.549189,35.945045,2020-09-01
1540029200,거동교,101,1,128.555347,35.945895,2020-09-01
1540029300,북구국우동476-1,101,1,128.581851,35.946038,2020-09-01
1540029400,국우동1126-4,101,1,128.573685,35.946172,2020-09-01
1540029500,네스빌어린이집,101,0,128.561409,35.946229,2020-09-01
1540029600,거동교,101,1,128.554589,35.94623,2020-09-01
1540029601,읍내동423-1,101,0,128.556139,35.951723,2020-09-01
1540029602,읍내동1234-184,101,0,128.555487,35.947401,2020-09-01
1540029700,무지개언약교회,101,0,128.549832,35.946342,2020-09-01
1540029701,읍내동1275,101,0,128.549759,35.947043,2020-09-01
1540029800,북구국우동1123,101,1,128.564329,35.946455,2020-09-01
1540029900,새소망교회,101,0,128.570015,35.946879,2020-09-01
1540029901,국우동1126-2,101,0,128.57601,35.94875,2020-09-01
1540029902,국우동행정복지센터,101,0,128.575057,35.94825,2020-09-01
1540029903,국우동1126-2,101,0,128.574172,35.947761,2020-09-01
1540029904,국우동1073-3,101,1,128.573047,35.947334,2020-09-01
1540030000,학정1교북측,104,0,128.571233,35.947199,2020-09-01
1540030100,속성변화점,103,1,128.548182,35.948338,2020-09-01
1540030200,아이원어린이집,101,0,128.58012,35.948685,2020-09-01
1540030300,동아아파트2차206동앞,101,1,128.58837,35.886039,2020-09-01
1540030400,골목시장,101,1,128.57874,35.888486,2020-09-01
1540030500,침산3차푸르지오101동앞,101,0,128.589041,35.88872,2020-09-01
1540030600,속성변화점,103,0,128.608722,35.892181,2020-09-01
1540030700,첨단카풀러,102,0,128.581282,35.894714,2020-09-01
1540030800,대구시민실내체육관앞,101,0,128.602836,35.894983,2020-09-01
1540030900,산격초등앞,101,0,128.605224,35.896044,2020-09-01
1540031000,팔달초중학교삼거리,101,0,128.544357,35.897072,2020-09-01
1540031100,SK매천시장주유소,101,0,128.542035,35.899834,2020-09-01
1540031200,침산지하차도북측,106,1,128.590213,35.902815,2020-09-01
1540031300,무태교네거리,101,1,128.59629,35.903404,2020-09-01
1540031301,서변동1573-1,101,0,128.596507,35.90723,2020-09-01
1540031400,상록화학,106,1,128.580414,35.903728,2020-09-01
1540031500,대구디자이너클럽서편,101,0,128.609781,35.904361,2020-09-01
1540031501,산격동1636,101,0,128.60808,35.903563,2020-09-01
1540031502,산격동1636,101,1,128.607835,35.903873,2020-09-01
1540031503,산격동1664,101,0,128.609576,35.904669,2020-09-01
1540031600,전기재료관마동앞,101,0,128.607361,35.904609,2020-09-01
1540031601,산격동1665,101,1,128.608136,35.904964,2020-09-01
1540031700,종합전자도매상가앞,101,0,128.604091,35.904668,2020-09-01
1540031800,TEXVILC,101,0,128.60908,35.905395,2020-09-01
1540031900,섬유제품관,101,1,128.610956,35.906232,2020-09-01
1540031901,산격동1673,101,0,128.612058,35.906751,2020-09-01
1540032000,섬유제품관서편,101,1,128.608236,35.906623,2020-09-01
1540032100,종합유통단지,101,0,128.613885,35.907597,2020-09-01
1540032101,산격동1677,101,0,128.613567,35.908104,2020-09-01
1540032200,대동물류,101,0,128.607442,35.907798,2020-09-01
1540032300,놀레벤트,101,0,128.615756,35.908477,2020-09-01
1540032400,KTF물류센터,101,1,128.60652,35.9085,2020-09-01
1540032500,조야교,101,0,128.577124,35.908599,2020-09-01
1540032600,현대물류,101,1,128.609292,35.908653,2020-09-01
1540032601,산격동1593,101,0,128.611103,35.909477,2020-09-01
1540032602,산격동1582,101,0,128.610304,35.909123,2020-09-01
1540032700,속성변화점,103,0,128.578048,35.908927,2020-09-01
1540032800,산격동1577,101,0,128.612236,35.90998,2020-09-01
1540032801,산격동1756,101,0,128.613811,35.910704,2020-09-01
1540032900,북대구IC앞,106,1,128.586373,35.911099,2020-09-01
1540033000,조야동종점,101,0,128.576884,35.911196,2020-09-01
1540033100,유진철강,101,0,128.615323,35.911399,2020-09-01
1540033200,북대구IC,106,1,128.585562,35.912755,2020-09-01
1540033300,북대구IC,106,1,128.586713,35.913222,2020-09-01
1540033400,북대구IC앞,106,0,128.589106,35.913286,2020-09-01
1540033500,성보교통입구,101,0,128.622979,35.916355,2020-09-01
1540033600,화전약국,101,1,128.548458,35.916529,2020-09-01
1540033700,성보교통,101,0,128.622071,35.917452,2020-09-01
1540033800,태전교,101,0,128.547664,35.918299,2020-09-01
1540033801,태전삼거리,101,0,128.546747,35.919746,2020-09-01
1540033900,서변초등교앞,101,0,128.594271,35.921156,2020-09-01
1540033901,서변동1000-3,101,0,128.595655,35.92207,2020-09-01
1540034000,화성리버파크1단지102동앞,101,0,128.596668,35.922085,2020-09-01
1540034001,서변동1726,101,0,128.59673,35.923344,2020-09-01
1540034002,서변동1726,101,0,128.596711,35.922952,2020-09-01
1540034003,서변동1726,101,0,128.596693,35.922552,2020-09-01
1540034100,태전한라아파트상가앞,101,0,128.542816,35.922787,2020-09-01
1540034101,태전동682-44,101,0,128.54198,35.922537,2020-09-01
1540034200,칠곡SK텔레콤,101,1,128.544541,35.923409,2020-09-01
1540034300,구암고교입구,101,1,128.555295,35.924857,2020-09-01
1540034301,구암고교앞교차로,101,1,128.552466,35.925118,2020-09-01
1540034302,구암동747,101,0,128.553756,35.925,2020-09-01
1540034400,태암교동편,101,0,128.551364,35.926691,2020-09-01
1540034401,구암고등학교,101,0,128.552669,35.926552,2020-09-01
1540034402,구암고등학교,101,0,128.553969,35.92642,2020-09-01
1540034500,구암공원앞,101,0,128.556071,35.927512,2020-09-01
1540034600,칠곡관천초등,101,1,128.552247,35.932234,2020-09-01
1540034601,칠곡네거리,101,1,128.549344,35.932541,2020-09-01
1540034700,목련아파트앞교차로,101,1,128.548975,35.93615,2020-09-01
1540034701,목련아파트교차로,101,0,128.548289,35.936221,2020-09-01
1540034702,대구관남초등학교,101,0,128.547085,35.936392,2020-09-01
1540034800,부영5차아파트앞,101,0,128.564961,35.936258,2020-09-01
1540034900,관음공원앞,101,0,128.544363,35.93671,2020-09-01
1540035000,북구관음동1368,101,1,128.541178,35.936719,2020-09-01
1540035100,대천초등교,101,0,128.553884,35.937509,2020-09-01
1540035101,읍내동1337,101,0,128.550386,35.938215,2020-09-01
1540035102,읍내동1080-2,101,0,128.552033,35.938259,2020-09-01
1540035200,소년원,101,1,128.549431,35.938372,2020-09-01
1540035201,관음동1385,101,0,128.54726,35.938933,2020-09-01
1540035202,읍내정보통신학교교차로,101,1,128.550079,35.94025,2020-09-01
1540035300,관음경로공원입구,101,0,128.544351,35.939065,2020-09-01
3610145400,남천3교(북측),104,0,128.685236,36.991687,2025-01-15
1540035301,관음동1274,101,0,128.545651,35.944573,2020-09-01
1540035302,읍내동1274,101,0,128.547579,35.945145,2020-09-01
1540035303,관음동1302,101,0,128.544544,35.941422,2020-09-01
1570268500,과학기술교(남측),104,0,128.457786,35.699711,2020-09-01
1570268600,상리955-4,101,0,128.452974,35.699452,2020-09-01
1570268700,과학기술원사거리,101,0,128.457786,35.699411,2020-09-01
1570268800,중리465-7,101,0,128.454187,35.697361,2020-09-01
1570268900,상리50-1,102,0,128.458474,35.700786,2020-09-01
1570269000,쌍계1교(북측),104,0,128.460523,35.699919,2020-09-01
1570269100,쌍계1교(남측),104,0,128.460373,35.699527,2020-09-01
1570269200,원호1교(북측),104,0,128.453724,35.698811,2020-09-01
1570269300,원호1교(남측),104,0,128.454137,35.698394,2020-09-01
1570269400,중리524,101,0,128.453262,35.697036,2020-09-01
1570269500,봉리569-18,101,0,128.460323,35.699411,2020-09-01
1570269600,중리535,101,0,128.454324,35.696903,2020-09-01
1570269700,중리472,101,0,128.454849,35.697544,2020-09-01
1570269800,속성변화점,103,0,128.453074,35.697369,2020-09-01
1570269900,상리964,101,0,128.452287,35.700036,2020-09-01
1570270000,쌍계리628,101,0,128.463026,35.699999,2020-09-01
1570270100,중리531,101,0,128.455886,35.697661,2020-09-01
1570270200,중리629,101,0,128.456411,35.697694,2020-09-01
1570270300,중리638,101,0,128.457249,35.697694,2020-09-01
1570270400,봉리638,101,0,128.458299,35.697728,2020-09-01
1570270500,봉리643,101,0,128.459111,35.697728,2020-09-01
1570270600,봉리595,101,0,128.459674,35.697719,2020-09-01
1570270700,봉리595,101,0,128.460461,35.697728,2020-09-01
1570270800,속성변화점,103,0,128.455936,35.697178,2020-09-01
1570270900,속성변화점,103,0,128.455849,35.698127,2020-09-01
1570271000,속성변화점,103,0,128.456386,35.698161,2020-09-01
1570271100,속성변화점,103,0,128.456449,35.697219,2020-09-01
1570271200,속성변화점,103,0,128.458286,35.698211,2020-09-01
1570271300,속성변화점,103,0,128.458299,35.697253,2020-09-01
1570271400,속성변화점,103,0,128.459699,35.697228,2020-09-01
1570271500,속성변화점,103,0,128.460461,35.698202,2020-09-01
1570271600,봉리595,101,0,128.460823,35.697728,2020-09-01
1570271700,봉리578-20,101,0,128.460798,35.699019,2020-09-01
1570271800,봉리625-5,102,0,128.461836,35.699019,2020-09-01
1570271900,봉리635,101,0,128.459661,35.699027,2020-09-01
1570272000,봉리631,101,0,128.459049,35.699027,2020-09-01
1570272100,과학기술원사거리,101,0,128.458111,35.699411,2020-09-01
1570272200,봉리631,101,0,128.459049,35.699411,2020-09-01
1570272300,봉리578-20,101,0,128.459661,35.699411,2020-09-01
1570272400,과학기술원사거리,101,0,128.457361,35.699411,2020-09-01
1570272500,중리629,101,0,128.456386,35.699386,2020-09-01
1570272600,중리629,101,0,128.456411,35.698969,2020-09-01
1570272700,속성변화점,103,0,128.455211,35.699227,2020-09-01
1570272800,상리955-4,101,0,128.453174,35.699602,2020-09-01
1570272900,상리443-3,102,0,128.453687,35.699152,2020-09-01
1570273000,상리963-12,102,0,128.452674,35.700069,2020-09-01
1570273100,상리953-6,101,0,128.454249,35.701535,2020-09-01
1570273200,쌍계리628,101,0,128.463648,35.700236,2020-09-01
1570273300,쌍계리628,101,0,128.463886,35.700352,2020-09-01
1570273400,쌍계리629,101,1,128.464248,35.700527,2020-09-01
1570273500,쌍계리630-10,101,0,128.465211,35.700994,2020-09-01
1570273600,쌍계리654,101,0,128.46616,35.70146,2020-09-01
1570273700,쌍계리649,101,0,128.466548,35.70166,2020-09-01
1570273800,쌍계리572-7,101,0,128.466073,35.70231,2020-09-01
1570273900,쌍계리248-8,102,0,128.46591,35.702527,2020-09-01
1570274000,쌍계리615-9,101,0,128.464686,35.70166,2020-09-01
1570274100,쌍계리620-3,101,0,128.463386,35.701036,2020-09-01
1570274200,쌍계리618-6,102,0,128.463261,35.70121,2020-09-01
1570274300,쌍계리645,101,0,128.464948,35.701327,2020-09-01
1570274400,쌍계리646,101,0,128.464423,35.699594,2020-09-01
1570274500,쌍계삼거리,101,0,128.464123,35.699486,2020-09-01
1570274600,쌍계삼거리,101,0,128.463273,35.699611,2020-09-01
1570274700,쌍계리628,101,0,128.463898,35.699844,2020-09-01
1570274800,속성변화점,103,0,128.466873,35.700611,2020-09-01
1570274900,부리440,102,0,128.446312,35.696636,2020-09-01
1570275000,현풍교교차로,101,0,128.445212,35.696411,2020-09-01
1570275100,부리343-2,101,0,128.445562,35.698219,2020-09-01
1570275200,부리346-6,101,0,128.445687,35.698644,2020-09-01
1570275300,하리557,102,0,128.425814,35.741581,2020-09-01
1570275400,북리580-6,102,0,128.447912,35.731421,2020-09-01
1570275500,북리1-26,101,1,128.453111,35.730341,2020-09-01
1570275600,삼리1교차로,101,0,128.40569,35.764811,2020-09-01
1570275700,삼리리620,102,0,128.406003,35.765328,2020-09-01
1570275800,공단1교,104,0,128.446174,35.726882,2020-09-01
1570275900,공단5교,104,0,128.449987,35.728516,2020-09-01
1570276000,공단2교,104,0,128.453336,35.730032,2020-09-01
1570276100,공단4교,104,0,128.458898,35.732757,2020-09-01
1570276200,북리453-2,101,0,128.453711,35.726783,2020-09-01
1570276300,북리466,101,0,128.451824,35.725741,2020-09-01
1570276400,남리735,101,0,128.452424,35.72365,2020-09-01
1570276500,남리649,101,0,128.450174,35.723741,2020-09-01
1570276600,남리667-6,101,0,128.449649,35.724624,2020-09-01
1570276700,남리676-2,101,0,128.449262,35.725458,2020-09-01
1570276800,남리573-2,101,0,128.448862,35.726058,2020-09-01
1570276900,남리577-137,101,0,128.448349,35.725083,2020-09-01
1570277000,남리656-12,101,0,128.448899,35.724299,2020-09-01
1570277100,남리636-8,101,0,128.449537,35.723441,2020-09-01
1570277200,남리635,102,0,128.448962,35.723166,2020-09-01
1570277300,북리835-17,101,0,128.450162,35.727266,2020-09-01
1570277400,북리834-3,101,0,128.450637,35.727507,2020-09-01
1570277500,북리833-173,101,0,128.450537,35.727666,2020-09-01
1570277600,북리474-40,101,0,128.450824,35.727224,2020-09-01
1570277700,북리485-2,101,0,128.452636,35.727941,2020-09-01
1570277800,북리1046-4,101,0,128.452186,35.728466,2020-09-01
1570277900,본리리29-112,102,0,128.472397,35.731957,2020-09-01
1570278000,상리495,102,0,128.419014,35.750405,2020-09-01
1570278100,삼리1교차로,101,0,128.405553,35.76457,2020-09-01
1570278200,삼리리462-1,102,0,128.40369,35.765086,2020-09-01
1570278300,위천리18-3,101,1,128.403878,35.76277,2020-09-01
1570278400,위천리48,102,0,128.404103,35.762237,2020-09-01
1570278500,삼리리156-2,102,0,128.406915,35.769977,2020-09-01
1570278600,논공교차로,102,0,128.420426,35.773002,2020-09-01
1570278700,금포리2058-8,101,0,128.419314,35.775085,2020-09-01
1570278800,금포리1743,102,0,128.423263,35.771411,2020-09-01
1570278900,금포리2406-155,102,0,128.423276,35.771986,2020-09-01
1570279000,금포1교,101,0,128.42363,35.77159,2020-09-01
1570279100,금포리1629,101,0,128.426838,35.769378,2020-09-01
1570279200,금포리1633,101,0,128.427813,35.769828,2020-09-01
1570279300,금포리1622-5,101,0,128.428226,35.770003,2020-09-01
1570279400,금포리1613,101,0,128.4294,35.770636,2020-09-01
1570279500,금포리2403-5,101,0,128.429025,35.771086,2020-09-01
1570279600,금포리1453-1,101,0,128.42895,35.772002,2020-09-01
1570279700,금포리1427-9,101,0,128.42915,35.772327,2020-09-01
1570279800,금포리1359-2,101,0,128.428301,35.773377,2020-09-01
1570279900,금포리1356-1,101,0,128.428788,35.773635,2020-09-01
1570280000,금포리1424,101,0,128.429638,35.772569,2020-09-01
1570280100,금포리1426,101,0,128.429988,35.772119,2020-09-01
1570280200,금포리산29-2,101,0,128.430138,35.772852,2020-09-01
1570280300,금포리산28-4,101,0,128.430725,35.772077,2020-09-01
3610138002,서부리109-1,102,0,128.585263,37.133761,2025-01-15
3610004806,우보삼거리,101,0,128.68486,37.096702,2025-01-15
1570280400,금포리산35-15,101,0,128.430238,35.771794,2020-09-01
1570280500,금포리1454-1,101,0,128.429213,35.771686,2020-09-01
1570280600,금포리1455,101,0,128.429488,35.771352,2020-09-01
1570280700,금포2교차로,101,1,128.428201,35.777327,2020-09-01
1570293000,천내리441-2,101,0,128.500919,35.802599,2020-09-01
1570293100,천내리450-1,102,0,128.501594,35.802966,2020-09-01
1570293200,매곡리산34-1,102,0,128.456585,35.860584,2020-09-01
1570293300,반송리산7-1,102,0,128.504869,35.750447,2020-09-01
1570293400,행정교(동측),104,0,128.639807,35.787844,2020-09-01
1570293500,행정교(서측),104,0,128.639182,35.787619,2020-09-01
1570293600,88낙동강교,104,0,128.390517,35.759077,2020-09-01
1570293700,달성군-고령군,105,0,128.420796,35.696865,2020-09-01
1570293800,중부내륙낙동대교,104,0,128.424215,35.691802,2020-09-01
1570293900,현풍교,104,0,128.42595,35.689218,2020-09-01
1570294000,현풍교,104,0,128.429412,35.684118,2020-09-01
1570294100,유산리64-2,101,0,128.431895,35.627894,2020-09-01
1570294200,달성군-창녕군,105,0,128.432526,35.624325,2020-09-01
1570294300,달성군-창녕군,105,0,128.444837,35.634409,2020-09-01
1570294400,달성군-창녕군,105,0,128.460132,35.640539,2020-09-01
1570294500,도의리776,101,0,128.461975,35.663317,2020-09-01
1570294600,도의리산29-2,101,0,128.469801,35.662499,2020-09-01
1570294700,달성군-칠곡군,105,0,128.476139,35.931473,2020-09-01
1570294800,가태리산77-1,101,0,128.471604,35.645001,2020-09-01
1570294900,설화리186-1,102,0,128.482038,35.799675,2020-09-01
1570295000,S-Oil우리,101,1,128.482551,35.797398,2020-09-01
1570295100,달서구-달성군,105,0,128.587456,35.806591,2020-09-01
1570295200,수성구-달성군,105,0,128.595065,35.807478,2020-09-01
1570295300,삼산리306,101,0,128.66344,35.734066,2020-09-01
1570295400,짐터교차로,101,0,128.673778,35.725299,2020-09-01
3570000200,신광마을,101,0,128.918977,35.866278,2020-09-01
3570000201,조곡교앞교차로,101,0,128.909463,35.865633,2020-09-01
3570000202,속성변화점,103,0,128.906151,35.86858,2020-09-01
3570000203,어방교,104,0,128.93934,35.862686,2020-09-01
3570000204,어방교,104,0,128.939776,35.862634,2020-09-01
3570000400,조곡교,101,0,128.899198,35.872642,2020-09-01
3570000401,속성변화점,103,0,128.904093,35.869822,2020-09-01
3570000500,조곡교남측,104,0,128.898589,35.873111,2020-09-01
3570000600,조곡교북측,104,0,128.898129,35.873513,2020-09-01
3570000700,대창삼거리,101,0,128.896051,35.875811,2020-09-01
3570000701,대창교,104,0,128.896189,35.875632,2020-09-01
3570000800,포척교남측,104,0,128.891349,35.885448,2020-09-01
3570000900,포척교,101,0,128.890835,35.886561,2020-09-01
3570000901,마음교앞교차로,101,0,128.889197,35.895799,2020-09-01
3570000902,한국부분정비앞교차로,101,0,128.887803,35.909129,2020-09-01
3570001400,영천IC,106,0,128.945896,35.9221,2020-09-01
3570001500,영천IC,106,0,128.954487,35.922461,2020-09-01
3570001800,영천IC,106,1,128.950531,35.925861,2020-09-01
3570001900,금장교남측,104,0,128.876147,35.929165,2020-09-01
3570001901,금호농협농수산물앞교차로,101,0,128.876214,35.928915,2020-09-01
3570001902,대곡마을입구교차로,101,0,128.882887,35.921239,2020-09-01
3570002100,금호강교차로,101,0,128.872231,35.93124,2020-09-01
3570002101,새마을금고앞교차로,101,0,128.872801,35.931359,2020-09-01
3570002200,금장교북측,104,0,128.875479,35.931455,2020-09-01
3570002300,금창삼거리,101,0,128.875291,35.931897,2020-09-01
3570002400,교대사거리,101,0,128.871261,35.932836,2020-09-01
3570002500,교대사거리,101,1,128.870134,35.934701,2020-09-01
3570002501,계당교,104,0,128.862223,35.932277,2020-09-01
3570002502,계당교,104,0,128.86189,35.932171,2020-09-01
3570002900,금호교차로,101,0,128.878422,35.937229,2020-09-01
3570002901,금호교차로,101,0,128.876649,35.936672,2020-09-01
3570002902,석섬리525-65,101,1,128.884708,35.937286,2020-09-01
3570002903,금호육교,104,0,128.888147,35.936993,2020-09-01
3570002904,금호육교,104,0,128.889957,35.936808,2020-09-01
3570002905,금호육교,101,1,128.893338,35.936161,2020-09-01
3570002906,신월리387,101,1,128.899217,35.933485,2020-09-01
3570002907,신월교,104,0,128.90117,35.932591,2020-09-01
3570002908,신월교,104,0,128.901628,35.93241,2020-09-01
3570003000,도동교차로,101,0,128.930168,35.938186,2020-09-01
3570003001,금호대교,104,0,128.928715,35.937955,2020-09-01
3570003002,금호대교,104,0,128.920869,35.936453,2020-09-01
3570003003,곡촌교,104,0,128.912634,35.93391,2020-09-01
3570003004,봉죽리273-3,101,0,128.912348,35.933816,2020-09-01
3570003005,봉죽교,104,0,128.909787,35.932967,2020-09-01
3570003006,봉죽교,104,0,128.909415,35.932844,2020-09-01
3570003300,동보전기,101,1,128.930496,35.938744,2020-09-01
3570003400,맘스터치물류센터,101,0,128.93552,35.938773,2020-09-01
3570003401,속성변화점,103,0,128.93728,35.938944,2020-09-01
3570003402,속성변화점,103,0,128.937768,35.938974,2020-09-01
3570003403,작산동274,101,0,128.941804,35.938808,2020-09-01
3570003404,속성변화점,103,0,128.943998,35.938679,2020-09-01
3570003405,작산동283,101,1,128.944773,35.93863,2020-09-01
3570003406,남부교,104,0,128.946283,35.938575,2020-09-01
3570003407,남부교,104,0,128.948439,35.938677,2020-09-01
3570003408,봉동235,101,0,128.949174,35.938765,2020-09-01
3570003409,작산교차로,101,1,128.9551,35.939691,2020-09-01
3570003410,작산교,104,0,128.957046,35.939978,2020-09-01
3570003411,작산교,104,0,128.958368,35.940085,2020-09-01
3570003600,장구마을회관,101,0,128.864689,35.943797,2020-09-01
3570003601,풍미식당,101,0,128.865056,35.957933,2020-09-01
3570003602,대평리98-7,101,0,128.86567,35.95979,2020-09-01
3570003603,대평리718-1,101,0,128.864659,35.963073,2020-09-01
3570003700,도동네거리,101,0,128.928865,35.94447,2020-09-01
3570003701,도동네거리,101,0,128.928948,35.944161,2020-09-01
3570003900,주남네거리,101,0,128.930681,35.952879,2020-09-01
3570004000,금노사거리,101,0,128.932752,35.960469,2020-09-01
3570004001,속성변화점,103,0,128.932835,35.960737,2020-09-01
3570004100,완산오거리,101,1,128.934047,35.963289,2020-09-01
3570004101,속성변화점,103,0,128.933592,35.962442,2020-09-01
3570004200,영천지하차도,101,1,128.933391,35.964121,2020-09-01
3570004300,영천교,104,0,128.933124,35.964457,2020-09-01
3570004400,청통와촌TG,104,0,128.830077,35.966063,2020-09-01
3570004500,영천교,104,0,128.932011,35.965872,2020-09-01
3570004600,중앙사거리,101,0,128.93125,35.9669,2020-09-01
3570004601,영천시보건소앞교차로,101,1,128.930588,35.968539,2020-09-01
3570004602,영천법원앞교차로,101,0,128.930278,35.970057,2020-09-01
3570004700,청통와촌IC,106,0,128.829642,35.968248,2020-09-01
3570004800,청통와촌IC,106,0,128.827127,35.968774,2020-09-01
3570004900,청통와촌IC,106,0,128.832749,35.973056,2020-09-01
3570004901,청통휴게소,104,0,128.858559,35.991135,2020-09-01
3570005000,영천어린이집,101,0,128.928601,35.973654,2020-09-01
3570005001,일생주유소앞교차로,101,0,128.929659,35.972751,2020-09-01
3570005002,창구동산6-5,101,0,128.927569,35.975485,2020-09-01
3570005100,대전교,104,0,128.908534,35.978085,2020-09-01
3570005300,국도분기점,101,1,128.908672,35.979578,2020-09-01
3570005600,오미삼거리,101,1,128.921992,35.981381,2020-09-01
3570005601,대전동127-2,101,0,128.923492,35.990345,2020-09-01
3570005602,오미동1107-2,101,1,128.92377,35.994709,2020-09-01
3570005603,오미동931-2,101,1,128.923962,35.99552,2020-09-01
3570005604,오미동873-2,101,0,128.924323,35.997075,2020-09-01
3570005605,명산교차로,101,0,128.925238,36.000829,2020-09-01
3570005606,오미동1355-6,101,0,128.92282,35.982899,2020-09-01
3610086601,산법터널(남측),104,0,128.53068,37.114273,2025-01-15
3570005800,대전교차로,101,0,128.905331,35.981672,2020-09-01
3570005902,호당교,104,0,128.896265,35.990849,2020-09-01
3570005903,호당교,104,0,128.896524,35.990688,2020-09-01
3570006000,대전동산28-1,101,1,128.908925,35.982585,2020-09-01
3570006001,국도분기점,104,0,128.908868,35.981865,2020-09-01
1560120800,호산동392,101,0,128.483795,35.850052,2020-09-01
1560120900,호산동392,101,0,128.48417,35.850052,2020-09-01
1560121000,호산동392,101,0,128.484557,35.850052,2020-09-01
1560121100,호산동392,101,0,128.484957,35.850052,2020-09-01
1560121200,호산동354,101,0,128.484957,35.851852,2020-09-01
1560121300,호산동351,101,0,128.48457,35.85186,2020-09-01
1560121400,호산동351,101,0,128.48417,35.851869,2020-09-01
1560121500,호산동351,101,0,128.483782,35.851877,2020-09-01
1560121600,호산동351,101,0,128.483395,35.851902,2020-09-01
1560121700,호산동351,101,0,128.48302,35.851927,2020-09-01
1560121800,호산동351,101,0,128.482645,35.851977,2020-09-01
1560121900,호산동392,101,0,128.48612,35.850727,2020-09-01
1560122000,호산동392,101,0,128.486545,35.850727,2020-09-01
1560122100,호산동357-21,101,0,128.486945,35.850727,2020-09-01
1560122200,호산동357-27,101,0,128.48732,35.850727,2020-09-01
1560122300,호산동392,101,0,128.487695,35.850727,2020-09-01
1560122400,호산동392,101,0,128.488082,35.850727,2020-09-01
1560122500,호산동392,101,0,128.486545,35.850061,2020-09-01
1560122600,호산동392,101,0,128.487707,35.850069,2020-09-01
1560122700,호산동392,101,0,128.486932,35.850061,2020-09-01
1560122800,호산동392,101,0,128.487307,35.850061,2020-09-01
1560122900,호산동392,101,0,128.488082,35.850069,2020-09-01
1560123000,호산동392,101,0,128.488457,35.850727,2020-09-01
1560123100,호산동357-17,101,0,128.488095,35.851477,2020-09-01
1560123200,호산동357-17,101,0,128.487695,35.851535,2020-09-01
1560123300,호산동356,101,0,128.487307,35.851619,2020-09-01
1560123400,호산동356,101,0,128.486932,35.851694,2020-09-01
1560123500,호산동356,101,0,128.486532,35.851785,2020-09-01
1560123600,파호동91-1,102,0,128.473596,35.848444,2020-09-01
1560123700,파호동86,101,0,128.474933,35.85221,2020-09-01
1560123800,파호동86,101,0,128.476133,35.85206,2020-09-01
1560123900,파호동86,101,0,128.477133,35.852069,2020-09-01
1560124000,파호동86,101,0,128.477133,35.852344,2020-09-01
1560124100,파호동82-22,101,0,128.476133,35.852335,2020-09-01
1560124200,파호동83-6,101,0,128.474983,35.852485,2020-09-01
1560124300,호산동305-7,101,0,128.477683,35.852677,2020-09-01
1560124400,호산동305-7,101,0,128.47712,35.852702,2020-09-01
1560124500,파호동447-24,101,0,128.476121,35.852719,2020-09-01
1560124600,호산동176,102,0,128.477058,35.85396,2020-09-01
1560124700,신당동321-18,102,0,128.494232,35.848761,2020-09-01
1560124800,신당동321-18,102,0,128.494294,35.846669,2020-09-01
1560124900,갈산동358,101,0,128.494469,35.836412,2020-09-01
1560125000,갈산동358,101,0,128.496731,35.836429,2020-09-01
1560125100,월암동1,101,0,128.494469,35.833521,2020-09-01
1560125200,월암동20-2,101,0,128.496731,35.833521,2020-09-01
1560125300,대천동825-1,101,0,128.494444,35.827621,2020-09-01
1560125400,대천동621,101,0,128.494932,35.827621,2020-09-01
1560125500,대천동616,101,0,128.497169,35.827605,2020-09-01
1560125600,월암동1091,101,0,128.497569,35.831971,2020-09-01
1560125700,월암동1-25,101,0,128.497619,35.833504,2020-09-01
1560125800,이곡동1205-2,102,0,128.502156,35.853169,2020-09-01
1560125900,이곡동1220-6,101,0,128.505643,35.85346,2020-09-01
1560126000,이곡동1223,101,0,128.505605,35.852577,2020-09-01
1560126100,이곡동1220-8,101,0,128.50633,35.853452,2020-09-01
1560126200,이곡동432,102,0,128.50818,35.856035,2020-09-01
1560126300,이곡동1319,101,0,128.50548,35.861968,2020-09-01
1560126400,와룡고등학교,101,0,128.503031,35.861726,2020-09-01
1560126500,이곡동1170,101,0,128.501793,35.860851,2020-09-01
1560126600,와룡고등학교,101,0,128.503006,35.861018,2020-09-01
1560126700,와룡고등학교,101,0,128.504031,35.860593,2020-09-01
1560126800,이곡동1324,101,0,128.505443,35.860568,2020-09-01
1560126900,이곡동1184-5,101,0,128.501693,35.859601,2020-09-01
1560127000,이곡동1312-8,101,0,128.504006,35.859576,2020-09-01
1560127100,이곡동1324,101,1,128.505405,35.859543,2020-09-01
1560127200,신당동1675,101,0,128.497269,35.859676,2020-09-01
1560127300,신당동행정복지센터,101,0,128.498631,35.85966,2020-09-01
1560127400,이곡동1165-1,101,0,128.500231,35.859626,2020-09-01
1560127500,이곡동1165-1,101,0,128.499931,35.860568,2020-09-01
1560127600,대구외국어고등학교,101,0,128.498206,35.861334,2020-09-01
1560127700,대구외국어고등학교,101,0,128.497306,35.861034,2020-09-01
1560127800,신당동1671-11,102,0,128.496434,35.860378,2020-09-01
1560127900,대구외국어고등학교,101,0,128.498656,35.860601,2020-09-01
1560128000,신당동1761-11,102,0,128.499281,35.857393,2020-09-01
1560128100,이곡동1343-1,101,0,128.514217,35.861201,2020-09-01
1560128200,이곡중학교,101,0,128.512767,35.862234,2020-09-01
1560128300,이곡중학교,101,0,128.511405,35.861218,2020-09-01
1560128400,이곡동1336-7,101,0,128.512767,35.861218,2020-09-01
1560128500,이곡시장교차로,101,0,128.512717,35.859426,2020-09-01
1560128600,이곡동1345-22,101,0,128.512755,35.860835,2020-09-01
1560128700,대구선원초등학교,101,0,128.514442,35.861201,2020-09-01
1560128800,대구선원초등학교,101,0,128.514442,35.860818,2020-09-01
1560128900,대구선원초등학교,102,0,128.51549,35.862127,2020-09-01
1560129000,용산동505-4,101,0,128.514392,35.859401,2020-09-01
1560129100,용산2동행정복지센터,101,0,128.522941,35.859093,2020-09-01
1560129200,용산동582,102,0,128.522179,35.859118,2020-09-01
1560129300,용산2동행정복지센터,101,0,128.523166,35.859085,2020-09-01
1560129400,용산동581-1,101,0,128.523366,35.859885,2020-09-01
1560129500,용산동566-4,102,0,128.523141,35.860418,2020-09-01
1560129600,용산동470,102,0,128.521977,35.860419,2020-09-01
1560129700,성곡중학교,101,0,128.522379,35.861201,2020-09-01
1560129800,성곡중학교,101,0,128.523329,35.86096,2020-09-01
1560129900,성곡중학교,101,0,128.523629,35.861709,2020-09-01
1560130000,성산고등학교,101,0,128.520467,35.861518,2020-09-01
1560130100,용산동507,101,0,128.521779,35.862326,2020-09-01
1560130200,성산고등학교,101,0,128.520729,35.862509,2020-09-01
1560130300,용산동507,102,0,128.518792,35.862659,2020-09-01
1560130400,용산동964,101,0,128.526416,35.860943,2020-09-01
1560130500,용산동964-1,101,0,128.526179,35.860301,2020-09-01
1560130600,용산동922-1,101,0,128.525954,35.859693,2020-09-01
1560130700,용산동923-2,101,0,128.526241,35.859101,2020-09-01
1560130800,용산동921-7,101,0,128.526616,35.859101,2020-09-01
1560130900,용산동922-1,101,0,128.526254,35.859676,2020-09-01
1560131000,용산동965,101,0,128.526616,35.860293,2020-09-01
1560131100,용산동965,101,0,128.527004,35.860301,2020-09-01
1560131200,용산동964-1,101,0,128.526641,35.860935,2020-09-01
1560131300,용산동964-1,101,0,128.527004,35.860935,2020-09-01
1560131400,용산동921-3,101,0,128.526616,35.859668,2020-09-01
1560131500,용산동441,101,0,128.521529,35.855285,2020-09-01
1560131600,용산동439,101,0,128.521529,35.85491,2020-09-01
1560131700,용산동426,102,0,128.521517,35.854552,2020-09-01
1560131800,용산동440-4,102,0,128.522079,35.855085,2020-09-01
1560131900,용산동441,101,0,128.522259,35.855517,2020-09-01
1560132000,용산동454,101,0,128.522079,35.855868,2020-09-01
1560132100,용산동457-4,101,0,128.522554,35.856693,2020-09-01
1560132200,용산동459-2,101,0,128.522091,35.856802,2020-09-01
3610002203,화수리1275,101,0,128.771178,37.036513,2025-01-15
3610141702,우보역,101,0,128.689533,37.091234,2025-01-15
1560132300,용산동460-2,101,0,128.521642,35.856935,2020-09-01
1560132400,용산동547,101,0,128.522704,35.85721,2020-09-01
1560132500,용산동549,102,0,128.522004,35.857235,2020-09-01
1560132600,용산동465-7,101,0,128.521754,35.85801,2020-09-01
1560132700,용산동499-10,101,0,128.521779,35.858302,2020-09-01
1560132800,용산2동행정복지센터,101,0,128.523179,35.858293,2020-09-01
3570721200,작산동282-2,101,1,128.944599,35.938358,2020-09-01
3570721300,작산동251-5,101,0,128.946018,35.938505,2020-09-01
3570721400,봉작교차로,101,0,128.944542,35.938999,2020-09-01
3570721800,금호교차로,101,0,128.882102,35.93951,2020-09-01
3570722100,작산교차로,101,1,128.957047,35.940405,2020-09-01
3570722200,윤성모닝타운아파트입구교차로,101,0,128.900099,35.941519,2020-09-01
3570722300,속성변화점,103,0,128.95559,35.94152,2020-09-01
3570722500,작산교,104,0,128.955004,35.941778,2020-09-01
3570722600,작산교,104,0,128.954172,35.941972,2020-09-01
3570722900,윤성모닝타운아파트,102,0,128.899298,35.942754,2020-09-01
3570723000,영천시-경산시,105,0,128.86038,35.942974,2020-09-01
3570723100,속성변화점,103,0,128.860687,35.943014,2020-09-01
3570723200,도동네거리,101,0,128.930263,35.943199,2020-09-01
3570723300,도동네거리,101,1,128.92909,35.943302,2020-09-01
3570723400,도동네거리,101,0,128.928525,35.943444,2020-09-01
3570723600,범창산업,102,0,128.901975,35.950385,2020-09-01
3570723700,별빛체어,102,0,128.934596,35.951651,2020-09-01
3570723800,원제삼거리,101,1,128.907086,35.951846,2020-09-01
3570723900,원제IC육교,104,0,128.902641,35.951991,2020-09-01
3570724000,원제교차로,101,0,128.903451,35.95238,2020-09-01
3570724100,원제교차로,101,0,128.903085,35.952386,2020-09-01
3570724200,원제교차로,101,0,128.902129,35.952438,2020-09-01
3570724300,원제IC육교,104,0,128.902921,35.952642,2020-09-01
3570724400,원제리111-11,102,0,128.899162,35.952736,2020-09-01
3570724500,속성변화점,103,0,128.90337,35.953509,2020-09-01
3570724700,원제교차로,101,1,128.903422,35.955952,2020-09-01
3570724800,이마트영천점,102,0,128.910153,35.95776,2020-09-01
3570724900,E마트입구교차로,101,1,128.91254,35.958517,2020-09-01
3570724901,오수동24-2,101,1,128.915165,35.96051,2020-09-01
3570724902,오수동273-2,101,1,128.912803,35.958755,2020-09-01
3570724903,오수동146-6,101,0,128.916615,35.961297,2020-09-01
3570725000,완산교,104,0,128.947351,35.958583,2020-09-01
3570725100,영천역광장,101,0,128.939017,35.960252,2020-09-01
3570725200,대한통운입구교차로,101,0,128.936518,35.960351,2020-09-01
3570725300,완산교,104,0,128.948874,35.96056,2020-09-01
3570725400,영천초교앞교차로,101,0,128.931133,35.960598,2020-09-01
3570725500,속성변화점,103,0,128.92695,35.961099,2020-09-01
3570725600,영천터미널앞교차로,101,0,128.928584,35.961147,2020-09-01
3570725700,로하스존,101,0,128.937275,35.961313,2020-09-01
3570725701,완산동905-12,101,0,128.937244,35.962368,2020-09-01
3570725702,완산동928-2,101,0,128.938207,35.961388,2020-09-01
3570725800,영양교,104,0,128.91678,35.961388,2020-09-01
3570725900,영천우체국앞교차로,101,1,128.93897,35.961416,2020-09-01
3570725901,완산동920-2,101,0,128.940088,35.961455,2020-09-01
3570725902,완산동916-2,101,0,128.941601,35.961507,2020-09-01
3570725903,완산동786-2,101,0,128.944152,35.961596,2020-09-01
3570725904,완산동752,101,0,128.946178,35.961667,2020-09-01
3570726100,영천서부교회,102,0,128.922892,35.961568,2020-09-01
3570726300,세안빌라입구교차로,101,1,128.92595,35.961595,2020-09-01
3570726400,완산동499-16,101,0,128.948452,35.961726,2020-09-01
3570726500,완산동499-16,101,1,128.948853,35.961742,2020-09-01
3570726501,완산동648-5,101,0,128.948519,35.966601,2020-09-01
3570726502,완산동499-25,101,0,128.948701,35.963961,2020-09-01
3570726600,완산동499-16,101,1,128.949062,35.961742,2020-09-01
3570726700,KT영천지점앞교차로,101,0,128.936421,35.961836,2020-09-01
3570726800,윤성노래연삽장,101,0,128.93042,35.962043,2020-09-01
3570726900,속성변화점,103,0,128.926566,35.962067,2020-09-01
3570727000,영서교,104,0,128.924993,35.962157,2020-09-01
3570727100,성화부동산사무소,101,1,128.931249,35.96228,2020-09-01
3570727200,영양교,104,0,128.918731,35.962474,2020-09-01
3570727300,태화가든,102,0,128.952771,35.962553,2020-09-01
3570727400,영천지하차도,104,0,128.931549,35.962822,2020-09-01
3570727500,영천여고교앞교차로,101,0,128.920019,35.962958,2020-09-01
3570727600,서문육거리,101,0,128.923517,35.962992,2020-09-01
3570727700,완산오거리,101,0,128.934315,35.963386,2020-09-01
3570727800,축산농협앞교차로,101,0,128.937172,35.963509,2020-09-01
3570727801,완산동988-2,101,1,128.938088,35.963541,2020-09-01
3570727900,협동한의원앞교차로,101,0,128.938859,35.963568,2020-09-01
3570727901,완산동주민센터,101,1,128.938828,35.964184,2020-09-01
3570728000,속성변화점,103,0,128.925256,35.963856,2020-09-01
3570728100,일미부산밀면,101,0,128.935848,35.964585,2020-09-01
3570728200,영천시장앞교차로,101,0,128.937117,35.964587,2020-09-01
3570728300,농협앞교차로,101,0,128.938802,35.964695,2020-09-01
3570728301,완산동주민센터,101,1,128.938767,35.965388,2020-09-01
3570728600,속성변화점,103,0,128.919978,35.96487,2020-09-01
3570728700,속성변화점,103,0,128.927205,35.96487,2020-09-01
3570728800,속성변화점,103,0,128.918425,35.965239,2020-09-01
3570728900,영천지하차도,104,0,128.935241,35.965387,2020-09-01
3570729000,삼산리빙코아아파트앞교차로,101,0,128.93707,35.965445,2020-09-01
3570729100,영천제일교회,101,0,128.928443,35.965504,2020-09-01
3570729200,북영천삼거리,101,0,128.918013,35.965775,2020-09-01
3570729300,영천지하차도,101,0,128.936324,35.966174,2020-09-01
3570729400,수덕예식장앞교차로,101,0,128.938721,35.966287,2020-09-01
3570729401,영동교사거리,101,0,128.938711,35.966616,2020-09-01
3570729600,송천교,104,0,128.823067,35.966986,2020-09-01
3570729700,미주빌라트앞교차로,101,0,128.927396,35.967048,2020-09-01
3570729800,영동교사거리,101,1,128.938689,35.967347,2020-09-01
3570729801,완산동675-3,101,0,128.943888,35.968162,2020-09-01
3570729900,영화교삼거리,101,1,128.948616,35.967912,2020-09-01
3570730000,영천노인회관앞교차로,101,1,128.933207,35.968086,2020-09-01
3570730001,문외동318,101,1,128.935646,35.969501,2020-09-01
3570730100,형제상회,102,0,128.927849,35.968225,2020-09-01
3570730200,영천민속관,102,0,128.923918,35.968252,2020-09-01
3570730300,속성변화점,103,0,128.954093,35.968823,2020-09-01
3570730400,영천동문교회앞교차로,101,1,128.932938,35.968946,2020-09-01
3570730600,영동교,104,0,128.938517,35.970426,2020-09-01
3570730700,야사동280-10,102,0,128.941988,35.97047,2020-09-01
3570730800,광천온천랜드입구교차로,101,1,128.950415,35.97078,2020-09-01
3570730900,시청오거리,101,1,128.938579,35.970903,2020-09-01
3570731000,영천중앙유치원,101,0,128.932449,35.971005,2020-09-01
3570731100,고운어린이집,102,0,128.935733,35.971712,2020-09-01
3570731200,축협앞교차로,101,1,128.940456,35.971835,2020-09-01
3570731300,영천시청입구교차로,101,1,128.938217,35.971933,2020-09-01
3570731400,천혜유치원,101,0,128.934905,35.97202,2020-09-01
3570731500,핸즈커피영천시청점,101,0,128.938754,35.97208,2020-09-01
3570731600,장애인종합복지관앞교차로,101,0,128.941032,35.972101,2020-09-01
3570731700,영천축산업협동조합,101,0,128.940143,35.972218,2020-09-01
3570731800,천해유아학교앞교차로,101,0,128.935351,35.972246,2020-09-01
3570731900,망정주공아파트앞교차로,101,0,128.948805,35.972329,2020-09-01
3570731901,망정동116,101,0,128.950655,35.973066,2020-09-01
3570732000,영천중앙초등학교,102,0,128.932238,35.97254,2020-09-01
3610111303,둔덕교차로,101,0,128.660551,36.937771,2025-01-15
3570732100,영진궁전빌라앞교차로,101,0,128.939828,35.972612,2020-09-01
3570732200,포토타일엔플러스광고,102,0,128.935024,35.972615,2020-09-01
3570732300,속성변화점,103,0,128.832856,35.972677,2020-09-01
3570732400,대전교,104,0,128.908132,35.972705,2020-09-01
3570732500,명보하이츠빌라앞교차로,101,1,128.951559,35.972751,2020-09-01
3570732600,영천시민교회,101,0,128.932841,35.97282,2020-09-01
1500000100,수성교,104,0,128.608445,35.861733,2020-09-01
1500000200,수성교남단교차로,101,1,128.608207,35.861893,2020-09-01
1500000300,서부교회,101,1,128.574137,35.862663,2020-09-01
1500000301,대신동1960,101,1,128.577452,35.863416,2020-09-01
1500000302,대신동2002,101,0,128.576436,35.863184,2020-09-01
1500000303,신남네거리,101,0,128.58164,35.864666,2020-09-01
1500000400,삼덕네거리,101,1,128.602626,35.863242,2020-09-01
1500000500,봉산육거리,101,1,128.599459,35.863896,2020-09-01
1500000501,봉산동127-1,101,0,128.598169,35.864593,2020-09-01
1500000600,신남네거리,101,1,128.582338,35.864879,2020-09-01
1500000700,반월당네거리,101,1,128.593346,35.865483,2020-09-01
1500000800,계산오거리,101,1,128.587595,35.86644,2020-09-01
1500000900,대봉교,104,0,128.607463,35.854962,2020-09-01
1500001000,대봉교남단교차로,101,1,128.607199,35.85498,2020-09-01
1500001001,대봉교역(대구3호선),101,1,128.605985,35.855064,2020-09-01
1500001100,대구은행대봉동지점,101,1,128.603737,35.85522,2020-09-01
1500001200,대봉네거리,101,1,128.602439,35.855292,2020-09-01
1500001300,건들바위네거리,101,1,128.598205,35.855698,2020-09-01
1500001301,이천동713,101,0,128.595867,35.856407,2020-09-01
1500001400,계명네거리,101,1,128.582867,35.856323,2020-09-01
1500001401,남산동2321-1,101,1,128.581576,35.856896,2020-09-01
1500001402,계명네거리,101,0,128.582805,35.857077,2020-09-01
1500001403,남산동106-1,101,0,128.582523,35.861845,2020-09-01
1500001404,남산동2445-5,101,0,128.582599,35.860478,2020-09-01
1500001405,남산동2490-1,101,0,128.582688,35.858861,2020-09-01
1500001500,대봉지하차도,101,0,128.606831,35.856481,2020-09-01
1500001600,남산동2321,101,0,128.587438,35.85672,2020-09-01
1500001700,남산동2321,101,0,128.58785,35.856756,2020-09-01
1500001800,명덕네거리,101,1,128.590723,35.857005,2020-09-01
1500001900,수성교지하차도,104,0,128.607035,35.859613,2020-09-01
1500002000,내당네거리,101,1,128.574579,35.86,2020-09-01
1500002100,갤러리오늘,101,1,128.59893,35.860075,2020-09-01
1500002101,남산동689-3,101,1,128.594571,35.860599,2020-09-01
1500002200,대봉치안센터,101,0,128.60073,35.860492,2020-09-01
1500002201,봉산동678-1,101,0,128.600459,35.861218,2020-09-01
1500002300,에르모사노비아,101,1,128.603842,35.860897,2020-09-01
1500002301,대봉1동행정복지센터,101,1,128.603487,35.861582,2020-09-01
1500002400,남문시장,101,1,128.59271,35.861212,2020-09-01
1500002401,남산동673-2,101,1,128.592981,35.862119,2020-09-01
1500002402,남산동673-2,101,1,128.593248,35.863024,2020-09-01
1500002403,반월당역(대구1호선),101,0,128.593279,35.863796,2020-09-01
1500002500,한국외식업중앙회대구중구지부,101,1,128.590396,35.862026,2020-09-01
1500002600,수성교지하차도,104,0,128.609918,35.863636,2020-09-01
1500002700,청라언덕역5번출구,101,1,128.582423,35.863655,2020-09-01
1500002800,삼덕빌라,101,0,128.610939,35.864482,2020-09-01
1500002801,삼덕동3가379,101,0,128.610267,35.864638,2020-09-01
1500002900,굿브랜딩북스,101,0,128.608144,35.865132,2020-09-01
1500003000,내당2치안센터,101,0,128.57379,35.865353,2020-09-01
1500003100,신천교지하차도,104,0,128.612154,35.865707,2020-09-01
1500003101,동인동4가557,101,0,128.610848,35.865994,2020-09-01
1500003200,대한천리교영남교회,101,0,128.608551,35.866451,2020-09-01
1500003300,쥬씨대구경북대병원점,101,0,128.606219,35.866919,2020-09-01
1500003400,중앙파출소앞교차로,101,0,128.593564,35.867189,2020-09-01
1500003500,한국은행대구경북본부지점,101,1,128.603751,35.867407,2020-09-01
1500003600,계산오거리,101,1,128.586982,35.867692,2020-09-01
1500003700,구구커피,101,1,128.599838,35.868274,2020-09-01
1500003701,성내1동주민센터,101,0,128.598128,35.868616,2020-09-01
1500003800,동신교,104,0,128.613614,35.868279,2020-09-01
1500003900,동신교,101,1,128.61341,35.868296,2020-09-01
1500003901,동인동4가557,101,1,128.611903,35.868442,2020-09-01
1500004000,큰장삼거리,101,0,128.577996,35.868502,2020-09-01
1500004100,서문시장역4번출구,101,0,128.582287,35.868721,2020-09-01
1500004200,동역교회,101,1,128.608752,35.868761,2020-09-01
1500004300,이디야커피대구중구청점,101,1,128.606481,35.868958,2020-09-01
1500004400,종각네거리,101,1,128.604073,35.869226,2020-09-01
1500004500,웨스트일일공,101,1,128.587228,35.869607,2020-09-01
1500004600,공평네거리,101,1,128.600333,35.870022,2020-09-01
1500004601,노보텔앰배서더대구,101,1,128.598601,35.870381,2020-09-01
1500004700,서성네거리,101,1,128.587286,35.87006,2020-09-01
1500004800,제일교회,101,0,128.606408,35.87014,2020-09-01
1500004900,큰장네거리,101,1,128.579476,35.870418,2020-09-01
1500005000,한길교회,101,1,128.585135,35.870496,2020-09-01
1500005100,동인치안센터,101,1,128.604275,35.870588,2020-09-01
1500005200,동산네거리,101,0,128.582247,35.870594,2020-09-01
1500005300,한국섬유기술연구소,101,0,128.584223,35.870685,2020-09-01
1500005400,중앙네거리,101,1,128.594066,35.870988,2020-09-01
1500005500,정혜선사,101,1,128.587384,35.871069,2020-09-01
1500005600,시청네거리,101,1,128.600713,35.871353,2020-09-01
1500005700,중앙로역3번출구,101,1,128.594242,35.872057,2020-09-01
1500005800,삼성전자,101,1,128.606269,35.872533,2020-09-01
1500005900,동인네거리,101,1,128.604494,35.872542,2020-09-01
1500006000,동도교회,101,1,128.608694,35.873008,2020-09-01
1500006100,달성공원앞교차로,101,0,128.582172,35.873437,2020-09-01
1500006200,신천교네거리,101,1,128.61095,35.873522,2020-09-01
1500006300,신천교네거리,104,0,128.61115,35.873568,2020-09-01
1500006400,대한민국월남참전자회대구중구지회,101,0,128.580091,35.873707,2020-09-01
1500006500,교동네거리,101,1,128.601408,35.873792,2020-09-01
1500006501,대성시장교차로,101,0,128.601387,35.875616,2020-09-01
1500006600,대구은행북성로지점,101,1,128.587663,35.873862,2020-09-01
1500006601,수창동104,101,1,128.587805,35.875096,2020-09-01
1500006700,NH농협은행북성로지점,101,0,128.594791,35.874544,2020-09-01
1500006800,대구역앞교차로,101,1,128.594908,35.875062,2020-09-01
1500006801,태평로2가1-2,101,1,128.591861,35.875677,2020-09-01
1500006900,태평네거리,101,1,128.58814,35.876427,2020-09-01
1500006901,태평로3가247,101,1,128.585513,35.876908,2020-09-01
1500007000,대구예루살렘교회,101,0,128.578242,35.876481,2020-09-01
1500007100,달성네거리,101,1,128.581587,35.877627,2020-09-01
1500007200,한얼교중앙회,101,1,128.577946,35.878342,2020-09-01
1500007300,청운맨션,101,1,128.605151,35.858155,2020-09-01
1500007400,수성연합병원,101,0,128.606029,35.862514,2020-09-01
1500007401,삼덕동3가379,101,0,128.606828,35.864961,2020-09-01
1500007500,대구카톨릭대학교입구,101,0,128.58858,35.862728,2020-09-01
1500007600,대구학원,101,0,128.596089,35.864975,2020-09-01
1500007601,봉산동35-18,101,0,128.595711,35.866073,2020-09-01
1500007700,삼덕빌라,101,0,128.606972,35.865418,2020-09-01
1500007800,동아진열장,101,0,128.592126,35.865699,2020-09-01
1500007801,남산동303,101,0,128.589173,35.866236,2020-09-01
1500007802,남산동303,101,0,128.589723,35.866137,2020-09-01
1500007900,동인초등교입구,101,0,128.61033,35.866094,2020-09-01
1500008000,동화빌딩앞,101,0,128.595132,35.866397,2020-09-01
1500008100,영남교회,101,0,128.607411,35.866677,2020-09-01
3610008003,소보교,101,0,128.493096,37.158243,2025-01-15
1500008200,동아백화점입구,101,0,128.592105,35.867214,2020-09-01
1500008201,성내2동주민센터,101,0,128.590238,35.867721,2020-09-01
1500008300,동인4가파출소,101,1,128.611097,35.868513,2020-09-01
1500008400,동성로교회앞,101,0,128.596915,35.868842,2020-09-01
1500008500,장인빌라,101,0,128.608725,35.869645,2020-09-01
1500008600,만경관,101,1,128.591083,35.870598,2020-09-01
1500008700,앰버서더호텔앞,101,1,128.597246,35.870625,2020-09-01
1540035400,한라아파트110동앞,101,1,128.541667,35.939188,2020-09-01
1540035401,관음동1231,101,1,128.544381,35.945883,2020-09-01
1540035500,대구강북초등학교,101,1,128.566132,35.941212,2020-09-01
1540035501,구암동836,101,0,128.564386,35.941423,2020-09-01
1540035600,동암네거리,101,1,128.566614,35.943777,2020-09-01
1540035601,국우동832,101,1,128.564885,35.943975,2020-09-01
1540035700,경북가축위생시험소,101,1,128.559482,35.946171,2020-09-01
1540035800,학남초등교앞,101,0,128.567157,35.946473,2020-09-01
1540035801,학정동989-17,101,0,128.567299,35.947567,2020-09-01
1540035900,중앙고속주유소입구,101,1,128.554815,35.954864,2020-09-01
1540036000,진흥교,101,1,128.554925,35.955983,2020-09-01
1540036001,동호동187-5,101,0,128.559809,35.9572,2020-09-01
1540036100,학정동370-5,101,0,128.566319,35.954618,2020-09-01
1540036101,학정동474-12,101,0,128.564756,35.954733,2020-09-01
1540036200,북구동호동189,101,0,128.561397,35.956534,2020-09-01
1540063700,금호119안전센터,101,1,128.521469,35.895798,2020-09-01
1540063701,사수동923,101,1,128.518266,35.897014,2020-09-01
1540063702,금호동943,101,1,128.521919,35.896276,2020-09-01
1540063703,금호동214-1,101,0,128.525712,35.897526,2020-09-01
1540065600,팔달교지하차도동측,104,0,128.555174,35.895071,2020-09-01
1540081100,북구-칠곡군,105,0,128.505381,35.895566,2020-09-01
1540082000,북구사수동986,101,1,128.509483,35.895624,2020-09-01
1540082100,사수동985,101,0,128.509544,35.897011,2020-09-01
1540082101,사수동979,101,1,128.509642,35.899198,2020-09-01
1540082102,사수동979,101,1,128.509592,35.898164,2020-09-01
1540082103,사수동987,101,0,128.511467,35.896964,2020-09-01
1540083000,사수동907,101,0,128.514252,35.896963,2020-09-01
1540083001,관문동행정복지센터,101,1,128.51568,35.897255,2020-09-01
1540083100,사수동965,101,1,128.514261,35.895181,2020-09-01
1540083101,사수동993,101,1,128.514267,35.895665,2020-09-01
1540083102,금호동943,101,1,128.520042,35.894759,2020-09-01
1540083103,금호동943,101,0,128.519462,35.894584,2020-09-01
1540083400,와룡대교1북측,104,0,128.516479,35.893631,2020-09-01
1540083500,와룡대교남측,104,0,128.516593,35.89444,2020-09-01
1540083600,와룡대교북측,104,0,128.516742,35.895464,2020-09-01
1540083700,사수동916,101,1,128.516999,35.897112,2020-09-01
1540083701,사수동979,101,0,128.511354,35.901247,2020-09-01
1540083702,사수동979,101,1,128.512967,35.901488,2020-09-01
1540083703,사수동1007,101,1,128.516492,35.899037,2020-09-01
1540084900,매천삼거리,101,1,128.541954,35.908977,2020-09-01
1540084901,매천동677,101,1,128.543803,35.908688,2020-09-01
1540085000,매천교남측,104,0,128.545976,35.909138,2020-09-01
1540085100,매천교북측,104,0,128.546276,35.909488,2020-09-01
1540085101,매천고네거리,101,1,128.546551,35.913046,2020-09-01
1540085102,매천고등학교,101,0,128.546589,35.912104,2020-09-01
1540085200,매천고네거리,101,1,128.546539,35.913537,2020-09-01
1540085300,학정로140,101,1,128.551191,35.920183,2020-09-01
1540085301,태전동454,101,1,128.551313,35.920803,2020-09-01
1540085400,칠곡농협앞,101,1,128.564824,35.948726,2020-09-01
1540085401,학정동953,101,1,128.565474,35.952025,2020-09-01
1540085500,학정동953,101,1,128.565786,35.953797,2020-09-01
1540085600,학정삼거리,101,1,128.567547,35.955237,2020-09-01
1540085601,동호동151-1,101,0,128.560044,35.959913,2020-09-01
1540085602,학정동451-6,101,0,128.566147,35.957256,2020-09-01
1540085700,멍멍이가,101,0,128.567462,35.9484,2020-09-01
1540085701,학정동953-14,101,0,128.565811,35.948608,2020-09-01
1540085702,학정동953-14,101,0,128.566661,35.948517,2020-09-01
1540085703,학정동953-14,101,1,128.566236,35.948567,2020-09-01
1540085800,학정1교남측,104,0,128.571522,35.94693,2020-09-01
1540085900,대구오페라하우스앞,101,1,128.591349,35.883124,2020-09-01
1540086000,중앙컨벤션센터앞,101,1,128.592417,35.885336,2020-09-01
1540086100,초록하늘채어린이집,101,1,128.594497,35.884924,2020-09-01
1540086200,국민은행침산동지점앞,101,0,128.595282,35.887451,2020-09-01
1540086300,대웅플러스타운아파트앞,101,1,128.597203,35.884348,2020-09-01
1540099700,북구연경동638-1,101,0,128.614628,35.942929,2020-09-01
1540099800,북구연경동605-1,101,1,128.615086,35.941825,2020-09-01
1540099900,북구연경동665,101,0,128.615216,35.944824,2020-09-01
1540100000,속성변화점,103,0,128.615814,35.946148,2020-09-01
1540100100,북구연경동394,101,0,128.616177,35.94971,2020-09-01
1540100200,북구연경동430,101,0,128.617801,35.946374,2020-09-01
1540100300,북구연경동762,101,1,128.618194,35.942374,2020-09-01
1540100400,연경동721-3,101,0,128.618327,35.943484,2020-09-01
1540100401,연경동942,101,1,128.618398,35.944079,2020-09-01
1540100500,북구연경동713,101,0,128.618505,35.944973,2020-09-01
1540100600,연경동861,102,0,128.621645,35.940191,2020-09-01
1540100700,북구연경동858-1,101,1,128.6223,35.941744,2020-09-01
1540100800,연경동872-31,101,0,128.622479,35.942423,2020-09-01
1540100900,속성변화점,103,0,128.623469,35.943719,2020-09-01
1540101100,북구연경동816,101,0,128.62513,35.944611,2020-09-01
1540101200,북구연경동817,101,0,128.625549,35.944401,2020-09-01
1540101300,사수동981,102,0,128.508542,35.899238,2020-09-01
1540101400,사수동982,101,1,128.51013,35.89918,2020-09-01
1540101500,사수동982,101,0,128.510892,35.899164,2020-09-01
1540101600,사수동982,102,0,128.511779,35.89913,2020-09-01
1540101700,사수동984,101,0,128.510092,35.898147,2020-09-01
1540101800,대구삼영초등학교,102,0,128.51043,35.901972,2020-09-01
1540101900,사수동976,101,0,128.510917,35.901605,2020-09-01
1540102000,사수동988,102,0,128.511405,35.895989,2020-09-01
1540102100,대구사수중학교,102,0,128.514717,35.899064,2020-09-01
1540102200,사수동999,101,0,128.515554,35.895864,2020-09-01
1540102300,사수동998,102,0,128.516567,35.895789,2020-09-01
1540102400,사수동933,102,0,128.517004,35.895739,2020-09-01
1540102500,사수동998,101,0,128.514754,35.895614,2020-09-01
1540102600,사수동998,101,0,128.515504,35.895514,2020-09-01
1540102700,금호동933,101,0,128.518029,35.895131,2020-09-01
1540102800,금호동934,101,0,128.518091,35.895622,2020-09-01
1540102900,금호동939,101,0,128.519466,35.895089,2020-09-01
1540103000,금호동944,102,0,128.523104,35.895581,2020-09-01
1540103100,금호동310,102,0,128.520216,35.893873,2020-09-01
1540103200,금호동94-1,102,0,128.527478,35.910404,2020-09-01
1540103300,금호동158-1,101,0,128.525879,35.897838,2020-09-01
1540103400,금호동158-1,102,0,128.524991,35.898014,2020-09-01
1540103500,팔달동524-4,102,0,128.550764,35.896881,2020-09-01
1540103600,매천동618-125,102,0,128.545576,35.901988,2020-09-01
1540103700,팔달동145,102,0,128.548464,35.90023,2020-09-01
1540103800,태전동682-44,101,0,128.541714,35.920753,2020-09-01
1540103900,태전동682-46,101,0,128.541827,35.91937,2020-09-01
1540104000,태전삼거리,101,0,128.546626,35.919353,2020-09-01
1540104100,속성변화점,103,0,128.547751,35.912096,2020-09-01
1540104200,매천동751,101,0,128.543427,35.906338,2020-09-01
1540104300,매천동751,101,0,128.54377,35.905057,2020-09-01
1540104400,매천동751,101,1,128.543677,35.904446,2020-09-01
3610140401,군의군-의성군,105,0,128.489179,37.21958,2025-01-15
1550000300,연호지하차도,104,0,128.666528,35.828006,2020-09-01
1550000400,풍경채해풍코다리,101,0,128.608332,35.829146,2020-09-01
1550000401,상동208,101,0,128.607298,35.832752,2020-09-01
1550000500,레오어린이집,101,1,128.706524,35.829566,2020-09-01
1550000501,수정빌,101,1,128.703191,35.830771,2020-09-01
1550000502,노변교,101,0,128.699794,35.831262,2020-09-01
1550000600,월드컵지하차도,104,0,128.689805,35.832673,2020-09-01
1550000800,수성구대흥동134-1,101,0,128.685863,35.833007,2020-09-01
1550000900,경기장네거리,101,1,128.683452,35.833211,2020-09-01
1550001000,범안삼거리,101,0,128.670482,35.833987,2020-09-01
1550001001,월드컵지하차도,104,0,128.673506,35.833884,2020-09-01
1550001100,상동교,101,0,128.606972,35.83442,2020-09-01
1550001200,연호지하차도,104,0,128.670336,35.84168,2020-09-01
1550001300,수성구-경산시,105,0,128.721226,35.835615,2020-09-01
1550001500,신매교,101,1,128.713638,35.837447,2020-09-01
1550001501,신매동574-16,101,0,128.710028,35.838946,2020-09-01
1550001502,신매동222,101,0,128.711305,35.838352,2020-09-01
1550001600,매호네거리,101,1,128.709358,35.839272,2020-09-01
1550001601,신매동567-10,101,0,128.706138,35.840605,2020-09-01
1550001701,효목네거리지하차도,104,0,128.64593,35.875214,2020-09-01
1550001900,신매네거리,101,1,128.704985,35.840886,2020-09-01
1570013901,본리리103-20,101,1,128.467564,35.732955,2020-09-01
1570014000,기세리969-1,101,0,128.478157,35.7835,2020-09-01
1570014100,명천교,101,0,128.498504,35.800638,2020-09-01
1570014101,천내리901-66,101,1,128.499143,35.800818,2020-09-01
1570143401,음리501-1,101,0,128.477032,35.698112,2020-09-01
1570143500,쌍계지하차도남측,104,0,128.469315,35.698496,2020-09-01
1570143600,유가사입구사거리,101,1,128.469852,35.69362,2020-09-01
1570143601,용봉삼거리,101,0,128.473822,35.693678,2020-09-01
1570143602,음리885-84,101,1,128.475534,35.693862,2020-09-01
1570143603,음리122,101,0,128.482806,35.696832,2020-09-01
1570143700,휴양림입구사거리,101,1,128.46989,35.689286,2020-09-01
1570143701,휴양림입구삼거리,101,0,128.472964,35.688449,2020-09-01
1570143702,용리산17-8,101,0,128.504605,35.692818,2020-09-01
1570143800,초곡터널남측,104,0,128.471442,35.71807,2020-09-01
1570143900,초곡터널북측,104,0,128.477506,35.728746,2020-09-01
1570144000,김흥2터널남측,104,0,128.48101,35.733102,2020-09-01
1570144100,김흥2터널북측,104,0,128.488874,35.742839,2020-09-01
1570144200,기세교차로,101,0,128.490115,35.763871,2020-09-01
1570144300,김흥교차로,101,0,128.491016,35.746768,2020-09-01
1570144400,김흥1터널북측,104,0,128.491341,35.75735,2020-09-01
1570144500,김흥1터널남측,104,0,128.492289,35.753483,2020-09-01
1570144600,기세터널남측,104,0,128.493154,35.769556,2020-09-01
1570144700,양리264,101,0,128.494389,35.702586,2020-09-01
1570144800,기세터널북측,104,0,128.503876,35.785079,2020-09-01
1570144900,명곡터널남측,104,0,128.50526,35.787319,2020-09-01
1570145000,명곡터널북측,104,0,128.509585,35.796486,2020-09-01
1570145100,본리터널남측,104,0,128.51347,35.799319,2020-09-01
1570171800,유산교차로,101,0,128.431905,35.629481,2020-09-01
1570171801,유산리산8-8,101,1,128.435639,35.630411,2020-09-01
1570171802,예현리산52,101,1,128.438848,35.632967,2020-09-01
1570185000,북현풍IC서측,106,0,128.436232,35.702628,2020-09-01
1570185100,현풍휴게소남측,106,1,128.436424,35.700427,2020-09-01
1570185200,현풍휴게소북측,106,1,128.437535,35.704902,2020-09-01
1570185300,북현풍IC동측,106,0,128.437526,35.703672,2020-09-01
1570185400,북현풍IC,106,1,128.438166,35.704699,2020-09-01
1570185500,북현풍하이패스IC,106,0,128.438383,35.704165,2020-09-01
1570185600,달성1터널남측,104,0,128.480583,35.746222,2020-09-01
1570185700,달성2터널남측,104,0,128.480456,35.734857,2020-09-01
1570185800,달성2터널북측,104,0,128.481244,35.743368,2020-09-01
1570185900,유천IC교차로남측,106,1,128.499833,35.809644,2020-09-01
1570186000,유천IC,106,0,128.502088,35.811352,2020-09-01
1570186100,유천IC남측,106,1,128.502547,35.811949,2020-09-01
1570186200,유천IC교차로북측,101,0,128.502832,35.811395,2020-09-01
1570186201,구라리1118-5,101,0,128.503532,35.812057,2020-09-01
1570188300,기세교서측,101,0,128.473096,35.791025,2020-09-01
1570188400,화원IC서측,106,0,128.477558,35.800241,2020-09-01
1570188500,기세교동측,101,0,128.479465,35.793509,2020-09-01
1570188600,화원IC,106,0,128.483333,35.801058,2020-09-01
1570190700,속성변화점,103,1,128.391392,35.666029,2020-09-01
1570190800,수리리625,101,0,128.395534,35.665045,2020-09-01
1570190900,수리리859,101,0,128.395533,35.663923,2020-09-01
1570191000,화산리1116,101,0,128.395551,35.662012,2020-09-01
1570191100,화산리1116,101,0,128.395569,35.659569,2020-09-01
1570191200,화산리577-3,101,0,128.395591,35.657202,2020-09-01
1570191201,수리리1005,101,0,128.390736,35.66018,2020-09-01
1570191202,수리리1097-1,101,0,128.394017,35.663929,2020-09-01
1570191203,수리리1309-2,101,0,128.389928,35.658775,2020-09-01
1570191204,화산리1116,101,0,128.393467,35.657188,2020-09-01
1570191300,화산리1122,101,0,128.397636,35.662008,2020-09-01
1570191400,화산리1125,101,0,128.397631,35.659579,2020-09-01
1570191401,화산리1109,101,0,128.397635,35.66154,2020-09-01
1570191402,화산리1125,101,0,128.397632,35.660065,2020-09-01
1570191500,창리837-4,101,0,128.399037,35.652138,2020-09-01
1570191600,창리1470,101,0,128.400421,35.653122,2020-09-01
1570191700,화산리707,101,1,128.40063,35.663932,2020-09-01
1570191800,화산리630,101,0,128.400629,35.662018,2020-09-01
1570191900,화산리1126,101,0,128.400634,35.659587,2020-09-01
1570192000,창리1218-1,101,0,128.40203,35.649514,2020-09-01
1570192100,창리1470,101,0,128.402777,35.654903,2020-09-01
1570192200,창리1465,101,0,128.403401,35.662046,2020-09-01
1570192300,창리915,101,0,128.403326,35.650485,2020-09-01
1570192400,창리1469,101,0,128.404883,35.656478,2020-09-01
1570192500,창리964,101,1,128.405699,35.652233,2020-09-01
1570192600,창리1156-8,101,0,128.40596,35.645799,2020-09-01
1570192700,창리1159-1,101,0,128.40733,35.646877,2020-09-01
1570192800,창리632-1,101,0,128.407657,35.659871,2020-09-01
1570192900,창리996-1,101,0,128.408135,35.654031,2020-09-01
1570193000,에코프론텍스앞삼거리,101,1,128.408291,35.639833,2020-09-01
1570193001,내리839-2,101,0,128.408342,35.640897,2020-09-01
1570193100,창리1007-7,101,0,128.40936,35.654931,2020-09-01
1570193101,창리1018-3,101,0,128.408931,35.655979,2020-09-01
1570193200,창리1455,101,1,128.409788,35.663693,2020-09-01
1570193300,창리1464,101,0,128.409795,35.662082,2020-09-01
1570193400,창리1327,101,0,128.4098,35.661411,2020-09-01
1570193500,창리1475-1,101,0,128.409757,35.648702,2020-09-01
1570193600,응암리1296,101,0,128.411233,35.651726,2020-09-01
1570193700,대구소프트웨어고등학교앞,101,0,128.412602,35.663123,2020-09-01
1570193800,화산리148-2,101,1,128.412722,35.66364,2020-09-01
1570193900,창4리입구교차로,101,0,128.412811,35.656999,2020-09-01
1570193901,창4리입구교차로,101,0,128.412789,35.657211,2020-09-01
1570194000,구지농협앞,101,0,128.413032,35.658366,2020-09-01
1570194001,창리416,101,0,128.408642,35.658972,2020-09-01
1570194002,구지면행정복지센터,101,0,128.413261,35.659072,2020-09-01
1570194100,유림침장앞삼거리,101,0,128.413331,35.641075,2020-09-01
1570194200,구지파출소앞,101,0,128.41421,35.65988,2020-09-01
1570194300,창리206,101,0,128.414414,35.657762,2020-09-01
1570194400,동진씨엔피앞삼거리,101,1,128.414379,35.639842,2020-09-01
1570194500,창리네거리,101,0,128.415256,35.659449,2020-09-01
3610642400,의흥면 원산리 1330,101,0,128.750157,37.064909,2025-01-15
1570194600,응암리1296,101,0,128.415655,35.651601,2020-09-01
1570194601,응암리1272-1,101,0,128.416428,35.651621,2020-09-01
1570194700,응암리632,101,0,128.415714,35.647551,2020-09-01
1570194701,응암리1304,101,0,128.415752,35.648105,2020-09-01
1570194702,응암리1304,101,1,128.415676,35.651091,2020-09-01
1570194800,창3리입구교차로,101,0,128.415983,35.661274,2020-09-01
1570194900,창리1502,101,1,128.417425,35.659076,2020-09-01
1570195000,응암리1220,101,1,128.417463,35.655772,2020-09-01
1570195001,응암리1220-1,101,0,128.415507,35.656781,2020-09-01
1570195002,응암리1206-1,101,0,128.416066,35.65595,2020-09-01
1570195100,응암리471,101,1,128.417581,35.651652,2020-09-01
1570195200,응암리1304,101,1,128.417673,35.647562,2020-09-01
1570195300,응암리1304,101,0,128.417719,35.64496,2020-09-01
1570195400,응암리1304,101,0,128.417756,35.643175,2020-09-01
1570195500,예림교회앞,101,1,128.417724,35.637394,2020-09-01
1570195600,대호화학산업앞,101,1,128.417714,35.633733,2020-09-01
1570195700,대포하이텍앞,101,1,128.417674,35.631017,2020-09-01
1570195800,구지중학교앞,101,0,128.419013,35.66125,2020-09-01
1570195900,대구세현초등학교앞,101,0,128.419085,35.658766,2020-09-01
1570196000,응암리1205-7,101,0,128.419043,35.655796,2020-09-01
1570196001,응암리1210,101,1,128.419926,35.655927,2020-09-01
1570196100,창리141-2,101,0,128.41945,35.658594,2020-09-01
3600091702,사동413,101,1,128.748306,35.807123,2020-09-01
3600091703,사동392,101,0,128.752567,35.809179,2020-09-01
3600091704,백천교차로,101,1,128.741658,35.807683,2020-09-01
3600091800,경산사동6차부영아파트,101,0,128.75364,35.810735,2020-09-01
1570014102,천내리899,101,0,128.503276,35.80119,2020-09-01
1570014200,화원파출소,101,0,128.50675,35.802202,2020-09-01
1570014300,희망원서편삼거리,101,0,128.508423,35.802819,2020-09-01
1570014400,화원삼거리,101,0,128.497827,35.803381,2020-09-01
1570014401,천내리321-3,101,1,128.493576,35.805398,2020-09-01
1570014402,천내리896-1,101,1,128.494549,35.804938,2020-09-01
1570014403,화원읍행정복지센터,101,1,128.500067,35.804168,2020-09-01
1570014500,해성빌라,101,1,128.501355,35.804777,2020-09-01
1570014501,천내리56,101,1,128.50343,35.805316,2020-09-01
1570014600,화동초등교입구,101,1,128.50485,35.805741,2020-09-01
1570014601,구라리산102,101,1,128.510519,35.808637,2020-09-01
1570014602,천내리6,101,1,128.50627,35.806451,2020-09-01
1570014700,구라리지하도교차로,101,1,128.497926,35.808489,2020-09-01
1570014800,대곡역삼거리,101,1,128.512462,35.809455,2020-09-01
1570014801,대곡역(대구1호선),101,1,128.513173,35.809743,2020-09-01
1570014900,달성군-고령군,105,0,128.476042,35.811079,2020-09-01
1570015000,방천리14-1,101,1,128.516042,35.890597,2020-09-01
1570061400,달성군-고령군,105,0,128.388274,35.751858,2020-09-01
1570061700,달성군-고령군,105,0,128.392006,35.62223,2020-09-01
1570061800,성산대교동측,104,0,128.395134,35.752775,2020-09-01
1570062000,당산삼거리,101,0,128.395074,35.62066,2020-09-01
1570062100,위천교차로,101,0,128.400471,35.753947,2020-09-01
1570062500,구지종합중기,101,0,128.406439,35.640458,2020-09-01
1570063200,과학북로241,101,1,128.417415,35.663601,2020-09-01
1570063201,대리601-3,101,0,128.428093,35.665951,2020-09-01
1570063202,대리539-2,101,0,128.429971,35.666467,2020-09-01
1570063300,창리1502,101,1,128.417395,35.661247,2020-09-01
1570063400,대구국가산업단지북측교차로,101,1,128.417719,35.639825,2020-09-01
1570064000,달성2차산업단지북측교차로,101,1,128.424822,35.639856,2020-09-01
1570064001,내리759-2,101,1,128.424801,35.640776,2020-09-01
1570064100,산단입구,101,0,128.424904,35.629392,2020-09-01
1570064101,유산리515,101,0,128.422165,35.62933,2020-09-01
1570064400,대진종합상사,101,0,128.431898,35.666667,2020-09-01
1570064401,대리135,101,1,128.433712,35.667238,2020-09-01
1570064800,평촌교북측,104,0,128.451606,35.649355,2020-09-01
1570064900,평촌교남측,104,0,128.451602,35.647245,2020-09-01
1570065000,평촌교차로,101,0,128.451591,35.644511,2020-09-01
1570065001,고봉리533-1,101,0,128.435614,35.65193,2020-09-01
1570065100,평촌리628-4,101,0,128.451722,35.640244,2020-09-01
1570065200,달창로43,102,0,128.452074,35.651762,2020-09-01
1570065500,삼흥실업,101,0,128.458225,35.643589,2020-09-01
1570091000,동곡교차로,101,0,128.406853,35.878871,2020-09-01
1570091001,하산리1100-2,101,0,128.398353,35.879013,2020-09-01
1570091002,하산리1209-5,101,0,128.397152,35.879321,2020-09-01
1570091300,하빈교차로,101,1,128.410588,35.886795,2020-09-01
1570091400,동곡교차로,101,0,128.410488,35.880718,2020-09-01
1570091500,동곡교차로,101,0,128.412072,35.878898,2020-09-01
1570092100,하빈교,101,0,128.423446,35.891873,2020-09-01
1570092101,묘리산39,101,0,128.420118,35.903268,2020-09-01
1570140100,달성소방서삼거리,101,1,128.446544,35.681754,2020-09-01
1570140200,종리사거리,101,1,128.449056,35.689131,2020-09-01
1570140201,중리485,101,1,128.449341,35.692116,2020-09-01
1570140300,원교천교,101,0,128.449241,35.685312,2020-09-01
1570140301,중리7,101,0,128.451134,35.686183,2020-09-01
1570140302,중리사거리,101,1,128.449051,35.688515,2020-09-01
1570140303,포산서사거리,101,1,128.453131,35.68854,2020-09-01
1570140400,아세아텍,101,0,128.450352,35.68326,2020-09-01
1570140500,상리교,101,0,128.450693,35.696665,2020-09-01
1570140501,상리631,101,0,128.450435,35.698335,2020-09-01
1570140502,부리148,101,0,128.445866,35.700586,2020-09-01
1570140600,금리사거리,101,1,128.450543,35.681732,2020-09-01
1570140700,대구포산초등학교,101,1,128.451158,35.69481,2020-09-01
1570140701,중리483,101,0,128.450969,35.694968,2020-09-01
1570140702,중리480,101,1,128.45481,35.69664,2020-09-01
1570140800,유가사거리,101,1,128.452748,35.675041,2020-09-01
1570140801,금리1167,101,0,128.450503,35.680588,2020-09-01
1570140802,금리1144-3,101,1,128.451955,35.676046,2020-09-01
1570140803,금리1142-1,101,0,128.450626,35.678196,2020-09-01
1570140900,포산서사거리,101,1,128.453129,35.689231,2020-09-01
1570140901,중리544,101,1,128.455288,35.689232,2020-09-01
1570140902,중리500-1,101,0,128.453263,35.69131,2020-09-01
1570140903,중리539,101,1,128.455915,35.693487,2020-09-01
1570140904,중리492-2,101,1,128.454232,35.692649,2020-09-01
1570141000,CJ대한통운,101,0,128.454018,35.684646,2020-09-01
1570141100,금리1164,101,1,128.454136,35.681741,2020-09-01
1570141200,유곡2리마을회관,101,0,128.454448,35.670342,2020-09-01
1570141300,금곡사거리,101,1,128.455744,35.676513,2020-09-01
1570141301,금리1136,101,1,128.454128,35.680629,2020-09-01
1570141302,금리1136-1,101,0,128.454259,35.678993,2020-09-01
1570141303,금리1136-1,101,0,128.454987,35.677655,2020-09-01
1570141400,휴하우스,101,0,128.455945,35.673265,2020-09-01
1570141401,유곡리1149-15,101,0,128.453643,35.673936,2020-09-01
1570141500,금리1153-2,101,0,128.456783,35.673269,2020-09-01
1570141501,유곡리1172,101,1,128.458336,35.67327,2020-09-01
1570141502,금리1155,101,0,128.456512,35.675406,2020-09-01
1570141600,고래들사거리,101,1,128.457763,35.696876,2020-09-01
1570141601,봉리645,101,1,128.460835,35.696902,2020-09-01
1570141602,과학기술원사거리,101,1,128.457809,35.698616,2020-09-01
1570141603,고래들사거리,101,1,128.457761,35.697694,2020-09-01
1570141604,봉리636,101,1,128.46081,35.698638,2020-09-01
1570141700,포산북사거리,101,1,128.457802,35.693577,2020-09-01
1570141701,유가읍행정복지센터,101,1,128.460848,35.69358,2020-09-01
1570141702,중리597-1,101,1,128.457787,35.695034,2020-09-01
1570141800,포산중앙사거리,101,1,128.457813,35.689233,2020-09-01
3610384100,효령면 중구리 726-4,101,0,128.603128,37.055082,2025-01-15
1570141801,봉리652,101,1,128.457801,35.691755,2020-09-01
1570141900,상리929,101,1,128.457852,35.685451,2020-09-01
1570142000,포산남사거리,101,1,128.457853,35.682109,2020-09-01
1570142001,상리925-1,101,1,128.460537,35.683277,2020-09-01
1570142100,옥녀봉사거리,101,1,128.458949,35.678173,2020-09-01
1570142101,금리1157,101,1,128.462816,35.680149,2020-09-01
1570142200,유곡1교,101,0,128.459959,35.670781,2020-09-01
1570142300,비오비켐텍,101,1,128.460058,35.673273,2020-09-01
1570142400,상리사거리,101,1,128.462013,35.684519,2020-09-01
1570142401,상리964-3,101,0,128.460018,35.685265,2020-09-01
1570142402,포산동사거리,101,0,128.463852,35.688476,2020-09-01
1570142403,상리917-1,101,0,128.463073,35.685929,2020-09-01
1570142404,상리917-1,101,0,128.463549,35.686964,2020-09-01
1570142500,쌍계삼거리,101,1,128.463705,35.698853,2020-09-01
1570142501,쌍계삼거리,101,1,128.464629,35.699295,2020-09-01
1570142600,봉리653,101,1,128.463782,35.696943,2020-09-01
1570142700,비슬사거리,101,1,128.46382,35.693598,2020-09-01
1570142800,포산동사거리,101,1,128.463876,35.689259,2020-09-01
1570142801,봉리621,101,1,128.463828,35.691803,2020-09-01
1570142900,삼거리교차로,101,0,128.463792,35.682917,2020-09-01
1570142901,상리971,101,0,128.463191,35.683652,2020-09-01
1570143000,용금공단사거리,101,1,128.465094,35.681313,2020-09-01
1570143001,상리918-6,101,0,128.464222,35.682397,2020-09-01
1570143100,쌍계지하차도북측,104,0,128.466159,35.703339,2020-09-01
3600012500,영천시-경산시,105,0,128.861108,35.931894,2020-09-01
3600012600,덕촌교차로,101,1,128.834698,35.942234,2020-09-01
3600012601,동강리112-4,101,0,128.835649,35.951629,2020-09-01
3600012900,와촌교차로,101,0,128.834453,35.954155,2020-09-01
3600091900,리코파파,101,0,128.755659,35.812845,2020-09-01
3600091901,사동617,101,0,128.756714,35.814153,2020-09-01
3600091902,사동617,101,1,128.756401,35.813785,2020-09-01
3600091903,사동617,101,0,128.757824,35.815464,2020-09-01
3600091904,사동617,101,1,128.758231,35.815941,2020-09-01
3600091905,사동617,101,1,128.757405,35.814976,2020-09-01
3600091906,사동617,101,1,128.756192,35.813541,2020-09-01
3600092000,경산세무서,101,0,128.758932,35.816767,2020-09-01
3600092001,대구지방법원경산시법원,101,1,128.759676,35.81762,2020-09-01
3600092100,해피키즈어린이집,101,1,128.759026,35.805169,2020-09-01
3600092101,사동402,101,0,128.759479,35.806182,2020-09-01
3600092200,사동휴먼시아2단지아파트,101,1,128.760172,35.807607,2020-09-01
3600092201,사동400,101,0,128.756921,35.808817,2020-09-01
3600092300,경산사동5차부영아파트,101,1,128.761839,35.809896,2020-09-01
3600092301,경산축산물도매센터,101,0,128.758903,35.811284,2020-09-01
3600092302,사동695,101,0,128.760689,35.810458,2020-09-01
3600092303,사동685,101,0,128.763107,35.811726,2020-09-01
3600092304,사동695,101,1,128.759675,35.810923,2020-09-01
3600092305,사동392,101,0,128.757559,35.811968,2020-09-01
3600092306,사동685,101,0,128.763849,35.812852,2020-09-01
3600092400,대구미래대학교정문,101,0,128.764413,35.814552,2020-09-01
3600092401,사동686,101,1,128.761254,35.81583,2020-09-01
3600092402,사동686,101,0,128.761582,35.815701,2020-09-01
3600092403,사동686,101,1,128.761963,35.815549,2020-09-01
3600092404,사동686,101,0,128.759949,35.816345,2020-09-01
3600092405,사동686,101,1,128.762339,35.815401,2020-09-01
3600092406,사동686,101,0,128.763513,35.814924,2020-09-01
3600092500,경산명품가구공단,101,1,128.767808,35.815702,2020-09-01
3600092501,조영동528-1,101,0,128.764889,35.836245,2020-09-01
3600092502,부적리681-1,101,1,128.76457,35.837502,2020-09-01
3600092503,부적리655,101,1,128.763452,35.839733,2020-09-01
3600093000,대구한의대입구,101,1,128.775405,35.800122,2020-09-01
3600093001,점촌동243-2,101,1,128.772437,35.800698,2020-09-01
3600093100,남성초등학교,101,1,128.777545,35.812126,2020-09-01
3600093200,자인교차로,101,1,128.811778,35.815884,2020-09-01
3600093201,북사리1048-1,101,0,128.80847,35.823496,2020-09-01
3600093300,남촌사거리,101,0,128.815873,35.827304,2020-09-01
3600093400,울옥교차로,101,1,128.82861,35.806596,2020-09-01
3600093500,울옥리400-5,101,0,128.829516,35.807548,2020-09-01
3600093600,울옥리295-8,101,0,128.831865,35.804709,2020-09-01
3600149100,로스팅로보,101,1,128.714197,35.82558,2020-09-01
3600149101,옥산동669,101,1,128.714926,35.826332,2020-09-01
3600149400,옥산동695-2,101,1,128.718142,35.827612,2020-09-01
3600149500,중산동376-3,101,1,128.719348,35.830458,2020-09-01
3600149501,신매동10-19,101,1,128.716831,35.83453,2020-09-01
3600149502,신매동10-19,101,1,128.716997,35.835198,2020-09-01
3600149503,중산동669,101,1,128.717234,35.833193,2020-09-01
3600149504,중산동670,101,1,128.719999,35.830631,2020-09-01
3600149600,옥산하이츠,101,1,128.719273,35.825266,2020-09-01
3600149601,옥산동672,101,1,128.718434,35.827005,2020-09-01
3600149700,중산동287-5,101,1,128.722255,35.831226,2020-09-01
3600149701,중산동149-6,101,1,128.721582,35.83417,2020-09-01
3600149702,중산동282-4,101,0,128.722059,35.832173,2020-09-01
3600179000,장수마트,101,0,128.854854,35.871084,2020-09-01
3600179001,-,101,0,128.856609,35.873136,2020-09-01
3600184500,경산IC진출,106,0,128.785235,35.877104,2020-09-01
3600184600,경산IC동측,106,0,128.786946,35.876952,2020-09-01
3600184700,속성변화점,103,0,128.792893,35.875518,2020-09-01
3600184800,경산IC북측,106,1,128.796067,35.875843,2020-09-01
3600184900,경산IC1교북측,104,0,128.796617,35.87458,2020-09-01
3600185000,경산IC,106,0,128.796697,35.874347,2020-09-01
3600185100,경산IC1교남측,104,0,128.796767,35.87411,2020-09-01
3600211100,무학아파트앞,102,0,128.806516,35.936515,2020-09-01
3600211200,대학리1206,101,0,128.814949,35.932348,2020-09-01
3600211300,대학리1205,101,1,128.815251,35.934834,2020-09-01
3600211400,대학리산48-3,101,0,128.815732,35.938472,2020-09-01
3600211500,대학리1191,101,0,128.816151,35.942088,2020-09-01
3600211600,속성변화점,103,0,128.817244,35.93062,2020-09-01
3600211700,속성변화점,103,0,128.818723,35.943862,2020-09-01
3600211800,하양읍한사리산20,101,0,128.819566,35.931982,2020-09-01
3600211801,대학리1206,101,0,128.819722,35.933307,2020-09-01
3600211900,하양읍대학리산26,101,1,128.819859,35.934474,2020-09-01
3600212000,대학리산43-1,101,0,128.820006,35.935678,2020-09-01
3600212100,대학리1193,101,0,128.820312,35.93807,2020-09-01
3600212200,새마을금고앞,101,0,128.818915,35.873777,2020-09-01
3600212201,신상리492-3,101,0,128.819553,35.873785,2020-09-01
3600212202,신상리492-3,101,0,128.823478,35.873785,2020-09-01
3600212203,신상리492-3,101,0,128.822553,35.873793,2020-09-01
3600212204,신상리492-3,101,0,128.821215,35.873793,2020-09-01
3600212300,진량농협앞,101,1,128.818938,35.871501,2020-09-01
3600212301,신상리408-1,101,1,128.818911,35.87261,2020-09-01
3600212302,신상리1211,101,1,128.821215,35.871502,2020-09-01
3600212400,신상리산136-5,101,1,128.818914,35.868719,2020-09-01
3600212500,대학리1191,101,0,128.820777,35.941642,2020-09-01
3600212600,GS25진량대원점앞,101,0,128.820484,35.858788,2020-09-01
3600212601,황제리512,101,0,128.822578,35.858808,2020-09-01
3600212700,대학리1197,101,0,128.822717,35.937863,2020-09-01
3600212800,대학리1191,101,0,128.82318,35.941449,2020-09-01
3600212900,신상리1211,101,0,128.821902,35.87151,2020-09-01
3600212901,신상리1211,101,1,128.82254,35.871519,2020-09-01
3600212902,신상리1211,101,1,128.823478,35.871535,2020-09-01
3600213000,진영섬유앞,101,0,128.821878,35.868752,2020-09-01
3600213001,신상리1217,101,0,128.82189,35.870269,2020-09-01
3610397800,군위읍 광현리 149-3,101,0,128.654313,37.146211,2025-01-15
3600213100,셀바스헬스케어,101,0,128.821815,35.863453,2020-09-01
3600213200,대학리149-5,101,1,128.82457,35.934096,2020-09-01
3600213201,대학리1205,101,1,128.822227,35.934284,2020-09-01
3600213300,대학리149,101,0,128.824728,35.935282,2020-09-01
3600213301,대학리1200,101,0,128.820614,35.935627,2020-09-01
3600213302,대학리1200,101,0,128.822419,35.935476,2020-09-01
3600213303,대학리1200,101,0,128.824211,35.935326,2020-09-01
3600213400,대학리1195,101,0,128.825003,35.937666,2020-09-01
3600213500,하양읍대학리산3,101,0,128.825472,35.941264,2020-09-01
3600213600,신상리1211,101,1,128.824928,35.876539,2020-09-01
3600213700,하양여자중고교앞,102,0,128.826221,35.931469,2020-09-01
3600213701,대학리1216,101,0,128.827276,35.932665,2020-09-01
3600213702,대학리1216,101,0,128.826841,35.932089,2020-09-01
3600213800,신상리359-2,101,1,128.82494,35.87381,2020-09-01
3600213801,신상리1211,101,1,128.82494,35.87511,2020-09-01
3600213900,신상리362-8,101,0,128.824902,35.871535,2020-09-01
3600213901,신상리1211,101,0,128.826678,35.871552,2020-09-01
3600214000,폴리셀,101,0,128.82489,35.868786,2020-09-01
3600214001,신상리1211,101,1,128.824877,35.869628,2020-09-01
3600214002,신상리1211,101,1,128.82489,35.870285,2020-09-01
3600214003,신상리1211,101,1,128.82489,35.870927,2020-09-01
3600214004,신상리1213,101,0,128.82664,35.868794,2020-09-01
3600214100,신상리1210-3,101,1,128.824815,35.86347,2020-09-01
3600214200,공단6로17,101,0,128.824802,35.860787,2020-09-01
3600214300,대원리512,101,0,128.824827,35.858828,2020-09-01
1510167400,동구지묘동973-1,101,1,128.628589,35.944874,2020-09-01
1510167500,동구지묘동1009,101,0,128.628637,35.945863,2020-09-01
1510167600,속성변화점,103,0,128.628923,35.943407,2020-09-01
3600012901,동강교차로,101,1,128.833502,35.956222,2020-09-01
3600012902,소월교차로,101,0,128.828573,35.955956,2020-09-01
3600012903,박사리169-9,101,0,128.813565,35.95646,2020-09-01
3600013000,와촌터널,104,0,128.75516,35.954772,2020-09-01
3600013001,와촌휴게소,104,0,128.779576,35.952928,2020-09-01
3600013200,동구-경산시,105,0,128.73824,35.955896,2020-09-01
3600013300,신한리새마을회관,101,0,128.793816,35.957916,2020-09-01
3600013301,박사북교차로,101,0,128.800052,35.956918,2020-09-01
3600013302,신한교차로,101,1,128.792789,35.958718,2020-09-01
3600013400,갓바위따로국밥,101,0,128.791422,35.958383,2020-09-01
3600013401,록연산장,101,0,128.786684,35.959617,2020-09-01
3600013402,왕짜장,101,0,128.769429,35.960433,2020-09-01
3600013403,응암2리마을회관,101,0,128.767206,35.96042,2020-09-01
3600013500,청통와촌IC입구,106,0,128.828743,35.961627,2020-09-01
3600013501,소월리1424,101,1,128.826465,35.963181,2020-09-01
3600013700,와촌교남측,104,0,128.825906,35.963495,2020-09-01
3600013800,와촌교북측,104,0,128.825128,35.963934,2020-09-01
3600013900,영천시-경산시,105,0,128.823424,35.965175,2020-09-01
3600014100,동구-경산시,105,0,128.743664,35.963316,2020-09-01
3600014101,장군바위가든,101,0,128.74901,35.963244,2020-09-01
3600014102,청운고시원,101,0,128.753282,35.963392,2020-09-01
3600014103,음양리산70-1,101,0,128.756547,35.961961,2020-09-01
3600014104,음양리729-1,101,0,128.759561,35.961392,2020-09-01
3600014105,음양리523-2,101,1,128.763593,35.960236,2020-09-01
3600014300,미산교동측,104,0,128.867314,35.794431,2020-09-01
3600014400,미산교서측,104,0,128.867121,35.794495,2020-09-01
3600014500,계하교,104,0,128.807764,35.802706,2020-09-01
3600014501,계남리730-2,101,1,128.811791,35.809829,2020-09-01
3600014502,계남리672-42,101,0,128.808781,35.802723,2020-09-01
3600014600,계하교,104,0,128.807389,35.802726,2020-09-01
3600014700,금잔디맨션,101,0,128.827803,35.822607,2020-09-01
3600014701,현내리산18-14,101,0,128.846724,35.853457,2020-09-01
3600069100,남성현터널북측,104,0,128.723007,35.725303,2020-09-01
3600069500,고래교차로,101,0,128.724836,35.727798,2020-09-01
3600075900,남촌리126-1,101,0,128.813156,35.83187,2020-09-01
3600076000,단북사거리,101,1,128.813361,35.835052,2020-09-01
3600076001,단북리272-5,101,0,128.817602,35.835205,2020-09-01
3600076300,진성초등학교,101,0,128.816314,35.853239,2020-09-01
3600076301,황제리374-1,101,0,128.817116,35.86082,2020-09-01
3600076400,하나은행경산공단지점앞,101,1,128.818924,35.87518,2020-09-01
3600076401,봉회리303-3,101,1,128.817801,35.884177,2020-09-01
3600076402,신상리330-1,101,1,128.823476,35.876469,2020-09-01
3600076403,신상중학교,101,1,128.821066,35.875923,2020-09-01
3600076404,신상리403-5,101,0,128.818933,35.875793,2020-09-01
3600076405,신상리산14-8,101,0,128.81896,35.87676,2020-09-01
3600076406,신상중학교,101,1,128.820721,35.875798,2020-09-01
3600076407,신상리1152-2,101,1,128.821744,35.876167,2020-09-01
3600076500,진량고가도로북측,104,0,128.8188,35.865899,2020-09-01
3600076600,신상교차로,101,1,128.818842,35.86337,2020-09-01
3600076800,황제교차로,101,0,128.819607,35.854845,2020-09-01
3600076900,진량고가도로남측,104,0,128.820151,35.861167,2020-09-01
3600077000,대경대학교,102,0,128.820814,35.835344,2020-09-01
3600088500,성남초등학교,101,1,128.716329,35.824333,2020-09-01
3600088600,협화타운아파트,101,1,128.717688,35.821545,2020-09-01
3600088700,펜타힐즈더샵2차,101,0,128.720711,35.825712,2020-09-01
3600088800,성암타운아파트,101,1,128.720583,35.818515,2020-09-01
3600088900,우방타운아파트,101,0,128.722037,35.822886,2020-09-01
3600089000,경산신암교회,101,1,128.723402,35.826575,2020-09-01
3600089100,장산초등학교,101,0,128.723601,35.819546,2020-09-01
3600089101,옥산동888,101,0,128.724951,35.819961,2020-09-01
3600089200,옥산지하차도,101,0,128.724759,35.823734,2020-09-01
3600089300,우석생명과학원,101,1,128.725217,35.827055,2020-09-01
3600089301,서부2동주민센터,101,0,128.726904,35.827516,2020-09-01
3600089302,서부2동주민센터,101,0,128.725726,35.827208,2020-09-01
3600089303,중산동118-3,101,1,128.723133,35.831562,2020-09-01
3600089304,옥산동765,101,0,128.728002,35.827802,2020-09-01
3600089400,보국웰리치성암아파트,101,1,128.725521,35.814818,2020-09-01
3600089401,옥곡동803,101,0,128.727325,35.815352,2020-09-01
3600089500,삼억건설,101,0,128.72627,35.820391,2020-09-01
3600089600,옥산네거리,101,1,128.72663,35.824169,2020-09-01
3600089700,옥곡지하차도서측,104,0,128.727722,35.815475,2020-09-01
3600089800,옥산신화타운아파트,101,0,128.728295,35.830112,2020-09-01
3600089801,정평동222-98,101,0,128.731749,35.830131,2020-09-01
3600089802,정평동246,101,0,128.729299,35.830139,2020-09-01
3600089803,정평동246,101,0,128.730673,35.830133,2020-09-01
3600089804,중산동38,101,0,128.727351,35.831911,2020-09-01
3600089805,중산동38,101,0,128.726961,35.832676,2020-09-01
3600089900,성암고가차도서측,104,0,128.728564,35.81163,2020-09-01
3600090000,역전네거리,101,0,128.728894,35.819952,2020-09-01
3600090001,사정동301-1,101,0,128.730441,35.820757,2020-09-01
3600090100,옥산현대아파트,101,0,128.729314,35.828155,2020-09-01
3600090200,옥곡지하차도동측,104,0,128.729736,35.816041,2020-09-01
3600090300,보신각,101,0,128.730488,35.828156,2020-09-01
3600090400,경산교서측,104,0,128.730626,35.820854,2020-09-01
3600090500,경산여자고등학교,101,0,128.730895,35.816354,2020-09-01
3600090501,옥곡동751-1,101,1,128.732767,35.816905,2020-09-01
3600090600,경산교동측,104,0,128.731133,35.821118,2020-09-01
3600090601,NC백화점,101,0,128.731404,35.82125,2020-09-01
3600090602,중방동820-58,101,0,128.73405,35.822505,2020-09-01
3600090603,중방동802-11,101,1,128.735718,35.823282,2020-09-01
3600090604,NC백화점,101,0,128.732199,35.821632,2020-09-01
3610425200,효령면 고곡리 910-4,101,0,128.599584,36.999338,2025-01-15
3600090700,공원교서측,104,0,128.73199,35.830127,2020-09-01
3600090800,서옥교서측,104,0,128.733008,35.816975,2020-09-01
3600090900,공원교동측,104,0,128.73318,35.830124,2020-09-01
3600090901,중방동247-4,101,1,128.734085,35.830123,2020-09-01
3600090902,중방동279-1,101,0,128.733512,35.830122,2020-09-01
3600091000,서옥교동측,104,0,128.733804,35.817194,2020-09-01
3600091001,서상동135-1,101,0,128.735404,35.817647,2020-09-01
3600091002,서상동143-188,101,1,128.734103,35.817277,2020-09-01
3600091100,성암고가차도동측,104,0,128.735817,35.809097,2020-09-01
3600091101,옥곡동333-1,101,0,128.731297,35.810269,2020-09-01
3600091102,옥곡동842,101,0,128.734239,35.809507,2020-09-01
3600091103,옥곡동842,101,0,128.731932,35.810104,2020-09-01
3600091200,백옥교서측,104,0,128.736492,35.808907,2020-09-01
3600091201,옥곡동842,101,1,128.736265,35.808971,2020-09-01
3600091300,백옥교동측,104,0,128.737089,35.808758,2020-09-01
3600091400,남매네거리,101,1,128.741312,35.83013,2020-09-01
3600091401,중방동804-4,101,1,128.741138,35.832577,2020-09-01
3600091402,계양동296-2,101,0,128.743128,35.830966,2020-09-01
3600091500,경산여자고등학교,101,1,128.743109,35.818792,2020-09-01
3600091501,상방동10,101,0,128.744787,35.819264,2020-09-01
3600091600,동부파출소,101,0,128.74772,35.819454,2020-09-01
3600091601,계양동567-9,101,1,128.748518,35.822013,2020-09-01
3600091602,계양동567-9,101,0,128.748212,35.821012,2020-09-01
3600091700,냉천지,101,1,128.751842,35.806421,2020-09-01
3600091701,사동392,101,0,128.752094,35.80747,2020-09-01
1510103601,각산동1175,101,0,128.714397,35.880409,2020-09-01
1510103602,각산동1175,101,0,128.714689,35.882544,2020-09-01
1510103603,각산동1152,101,0,128.716429,35.880232,2020-09-01
1510103604,각산동1152,101,0,128.716267,35.879217,2020-09-01
1510167700,동구지묘동927,101,0,128.629301,35.942387,2020-09-01
1510167800,지묘동1098,101,0,128.629821,35.94685,2020-09-01
1510167900,동구지묘동928-1,101,0,128.629912,35.942236,2020-09-01
1510168000,동구지묘동900,101,1,128.630588,35.94223,2020-09-01
1510168100,지묘동917-1,102,0,128.630622,35.94045,2020-09-01
1510168200,북구-동구,105,0,128.631845,35.893,2020-09-01
1510168300,불로동962-1,102,0,128.631756,35.899389,2020-09-01
1510168400,불로동959,101,0,128.630977,35.900469,2020-09-01
1510168500,불로동972-19,102,0,128.629382,35.899664,2020-09-01
1510168600,신천동670-11,101,0,128.618227,35.869978,2020-09-01
1510168700,신천동697-3,101,0,128.617308,35.872034,2020-09-01
1510168800,신천동624-3,101,0,128.616083,35.871301,2020-09-01
1510168900,신천동1279-126,101,0,128.616121,35.870342,2020-09-01
1510169000,신천동624,101,0,128.614407,35.87251,2020-09-01
1510169100,신천동1305-33,102,0,128.614108,35.872076,2020-09-01
1510169200,신암동451-76,102,0,128.613883,35.876969,2020-09-01
1510169300,신암동480-15,101,0,128.612571,35.878192,2020-09-01
1510169400,신암동483-1,101,0,128.611308,35.879233,2020-09-01
1510169500,신암2동행정복지센터,102,0,128.612733,35.880216,2020-09-01
1510169600,신암동480-15,101,0,128.612759,35.878017,2020-09-01
1510169700,신천동551-30,101,0,128.610696,35.8771,2020-09-01
1510169800,신암동483-1,101,0,128.609995,35.877751,2020-09-01
1510169900,신천동551-34,101,0,128.610421,35.875917,2020-09-01
1510170000,신천동551-36,102,0,128.611696,35.875209,2020-09-01
1510170100,신암동367,102,0,128.616708,35.879683,2020-09-01
1510170200,신암동1833,102,0,128.617933,35.8786,2020-09-01
1510170300,신천동160-1,102,0,128.62252,35.870368,2020-09-01
1510170400,신천동741,102,0,128.621958,35.873009,2020-09-01
1510170500,신천동741,102,0,128.61982,35.877017,2020-09-01
1510170600,신천동741,101,0,128.620165,35.875957,2020-09-01
1510170700,신천동1374,102,0,128.615093,35.875844,2020-09-01
1510170800,신천3동행정복지센터,101,0,128.624582,35.8749,2020-09-01
1510170900,신천동741,101,0,128.62457,35.872659,2020-09-01
1510171000,신천동741,102,0,128.62447,35.870851,2020-09-01
1510171100,신천동743,101,0,128.627957,35.875892,2020-09-01
1510171200,신천동743,101,0,128.62822,35.869584,2020-09-01
1510171300,신암4동행정복지센터,101,0,128.628832,35.884891,2020-09-01
1510171400,신암동294,102,0,128.634631,35.880816,2020-09-01
1510171500,효목동209,102,0,128.640606,35.884991,2020-09-01
1510171600,효목동55,102,0,128.636506,35.884466,2020-09-01
1510171700,신암동23-82,102,0,128.636644,35.888432,2020-09-01
1510171800,효목동1010-17,102,0,128.65033,35.881433,2020-09-01
1510171900,불로동1107-1,102,0,128.629832,35.904305,2020-09-01
1510172000,불로동1107-1,101,0,128.631432,35.901872,2020-09-01
1510172100,검사동756-348,101,0,128.655554,35.886874,2020-09-01
1510172200,검사동756-348,102,0,128.65528,35.887041,2020-09-01
1510172300,검사동756-459,101,1,128.653492,35.888474,2020-09-01
1510172400,검사동756-385,101,0,128.651917,35.889332,2020-09-01
1510172500,검사동908-39,101,0,128.652642,35.889791,2020-09-01
1510172600,입석동892-7,101,0,128.64903,35.891499,2020-09-01
1510172700,검사동908-39,101,1,128.654042,35.888932,2020-09-01
1510172800,입석동1034,101,0,128.649242,35.89074,2020-09-01
1510172900,동촌동행정복지센터,101,0,128.65028,35.890232,2020-09-01
1510173000,동촌동행정복지센터,101,0,128.64998,35.88989,2020-09-01
1510173100,검사동756-385,101,0,128.651417,35.888991,2020-09-01
1510173200,검사동756-459,101,1,128.653017,35.888091,2020-09-01
1510173300,검사동908-9,102,0,128.653767,35.887724,2020-09-01
1510173400,검사동756-386,102,0,128.655779,35.887199,2020-09-01
1510173500,검사동756-480,102,0,128.656442,35.887482,2020-09-01
1510173600,검사동750-20,102,0,128.659354,35.885774,2020-09-01
1510173700,방촌동1020-47,102,0,128.655942,35.882891,2020-09-01
1510173800,방촌동1077-18,102,0,128.660742,35.8795,2020-09-01
1510173900,방촌동881-3,101,0,128.665954,35.882416,2020-09-01
1510174000,방촌동855-4,101,0,128.670178,35.880667,2020-09-01
1510174100,방촌동1113-248,102,0,128.669066,35.878675,2020-09-01
1510174200,해안동행정복지센터,101,0,128.671991,35.882008,2020-09-01
1510174300,방촌동861,102,0,128.669728,35.883483,2020-09-01
1510174400,용호네거리,101,0,128.674978,35.878967,2020-09-01
1510174500,신평동325-6,101,0,128.680927,35.879067,2020-09-01
1510174600,용계동346-22,101,0,128.684877,35.879092,2020-09-01
1510174700,신평동274-5,102,0,128.685002,35.880975,2020-09-01
1510174800,용계동365-3,101,0,128.685852,35.878875,2020-09-01
1510174900,용계동349-5,102,0,128.686527,35.878642,2020-09-01
1510175000,방촌동1140,101,0,128.671666,35.874884,2020-09-01
1510175100,방촌동1140,102,0,128.672066,35.874934,2020-09-01
1510175200,방촌동1084-2,101,0,128.670566,35.874742,2020-09-01
1510175300,방촌동1084-506,102,0,128.670516,35.875142,2020-09-01
1510175400,방촌동1084-2,101,0,128.668253,35.874567,2020-09-01
1510175500,방촌동1084-504,101,0,128.668328,35.875542,2020-09-01
1510175600,방촌동1084-620,101,0,128.667204,35.875526,2020-09-01
1510175700,방촌동1120-78,101,0,128.664829,35.875267,2020-09-01
1510175800,방촌동1084-2,102,0,128.664241,35.875134,2020-09-01
1510175900,방촌동1084-475,102,0,128.663929,35.875909,2020-09-01
1510176000,불로동490,102,0,128.64408,35.912871,2020-09-01
1510176100,도동971-7,101,0,128.653079,35.91008,2020-09-01
1510176200,도동978-104,101,0,128.652067,35.911055,2020-09-01
1510176300,도동978-104,102,0,128.652717,35.91153,2020-09-01
1510176400,도동교,104,0,128.652567,35.910588,2020-09-01
1510176500,부동670-7,101,0,128.680465,35.891116,2020-09-01
1510176600,부동275-2,102,0,128.684902,35.887433,2020-09-01
3610432700,우보면 봉산리 842,101,0,128.6424,37.08076,2025-01-15
1510176700,둔산동346,102,0,128.685952,35.904606,2020-09-01
1510176800,방촌동113-11,101,0,128.677378,35.892915,2020-09-01
1510176900,방촌동30-14,102,0,128.677627,35.894973,2020-09-01
1510177000,둔산동666,101,0,128.67414,35.901189,2020-09-01
1510177100,둔산동936-2,102,0,128.67329,35.902073,2020-09-01
1510177200,둔산동673-1,102,0,128.673978,35.904622,2020-09-01
1510177300,둔산동673-1,101,1,128.674078,35.904322,2020-09-01
1510177400,둔산동713-1,102,0,128.676515,35.907622,2020-09-01
1510177500,율하동1099,101,0,128.690939,35.870568,2020-09-01
1510177600,율하동1106,101,0,128.690977,35.868918,2020-09-01
1510177700,율하동1098,101,0,128.689592,35.869442,2020-09-01
1510177800,용계동1093,101,0,128.689239,35.870301,2020-09-01
1510177900,율하동1098,102,0,128.688102,35.867193,2020-09-01
1510178000,용계동828-2,102,0,128.681477,35.868751,2020-09-01
1510178100,율하동1118,101,1,128.693201,35.86786,2020-09-01
1510178200,율하동1032,101,0,128.696464,35.865827,2020-09-01
1510178300,율하동1260,101,0,128.690077,35.863835,2020-09-01
1510178400,율하동1302,101,1,128.690452,35.863677,2020-09-01
1510178500,율하동1259,101,0,128.689814,35.863944,2020-09-01
1510178600,율하동1288,101,0,128.690852,35.865344,2020-09-01
1510178700,율하동1118,101,1,128.692027,35.86601,2020-09-01
1510178800,율하동1118,101,1,128.692764,35.867152,2020-09-01
1510178900,율하동1154,101,0,128.692376,35.867277,2020-09-01
1510179000,율하동1213,101,0,128.691602,35.866135,2020-09-01
1510179100,율하동1367,101,0,128.688739,35.862411,2020-09-01
1510179200,율하동1370,101,0,128.688914,35.862327,2020-09-01
1510179300,율하동1401,101,0,128.688464,35.860761,2020-09-01
1550007705,신매동583-3,101,0,128.707501,35.832778,2020-09-01
1550007900,대흥동441-1,101,1,128.68327,35.829287,2020-09-01
1550008000,CU신매타운점,101,1,128.703715,35.833033,2020-09-01
1510103605,각산동1151,101,0,128.716537,35.880909,2020-09-01
1510103606,각산동1127,101,0,128.7182,35.88414,2020-09-01
1510103607,각산동1058,101,0,128.717075,35.885588,2020-09-01
1510103608,각산동1127,101,1,128.718555,35.884341,2020-09-01
1510103609,각산동1056,101,1,128.717455,35.885767,2020-09-01
1510103610,각산동1145,101,0,128.719794,35.886438,2020-09-01
1510103611,각산동1127,101,0,128.720427,35.885035,2020-09-01
1510104200,MJ메티컬타워,101,1,128.723897,35.871897,2020-09-01
1510104201,신서동831,101,1,128.723993,35.874309,2020-09-01
1510104202,신서동831,101,1,128.723941,35.872743,2020-09-01
1510104203,동부경찰서앞교차로,101,0,128.720863,35.871948,2020-09-01
1510104300,신서지하차도,101,1,128.724062,35.876549,2020-09-01
1510104301,각산동1111,101,1,128.718152,35.877107,2020-09-01
1510104302,신서동1179,101,1,128.724197,35.877655,2020-09-01
1510104400,새론중학교,101,0,128.724297,35.878503,2020-09-01
1510104401,각산동1160,101,0,128.718348,35.878454,2020-09-01
1510104402,각산동1097,101,1,128.722181,35.878058,2020-09-01
1510104403,각산동1174,101,0,128.716616,35.878615,2020-09-01
1510104500,한국감정원,101,1,128.72775,35.878212,2020-09-01
1510104501,동내동1145,101,0,128.735605,35.879017,2020-09-01
1510104502,동내동1190,101,0,128.735002,35.880629,2020-09-01
1510104503,신서동1189,101,0,128.731172,35.881552,2020-09-01
1510104504,신서동1143,101,0,128.728828,35.881711,2020-09-01
1510104505,대구새론중학교,101,1,128.725597,35.878388,2020-09-01
1510104506,신서동1177,101,1,128.726748,35.878284,2020-09-01
1510104600,동구신서동1179,101,1,128.735054,35.875563,2020-09-01
1510104601,동내동1145,101,1,128.735293,35.877025,2020-09-01
1510104602,신서동1171,101,1,128.732718,35.875775,2020-09-01
1510104603,신서동1171,101,1,128.72968,35.876044,2020-09-01
1510104700,대구경북병무청,101,1,128.735362,35.877495,2020-09-01
1510104701,신서동1191,101,0,128.729958,35.878005,2020-09-01
1510104702,동내동1145,101,1,128.735484,35.878223,2020-09-01
1510104703,신서동1191,101,1,128.733027,35.877721,2020-09-01
1510104800,대림치안센터,101,1,128.754473,35.874639,2020-09-01
1510104801,대림동886-2,101,1,128.743117,35.874628,2020-09-01
1510104802,대림동896,101,1,128.745241,35.874516,2020-09-01
1510104803,괴전동895,101,1,128.741195,35.874741,2020-09-01
1510104804,대림동897,101,1,128.747524,35.874492,2020-09-01
1510104805,사복동894,101,1,128.749575,35.874659,2020-09-01
1510104806,사복동852-3,101,1,128.751887,35.874935,2020-09-01
1510125600,방촌교남측,104,0,128.630094,35.903576,2020-09-01
1510125700,방촌교북측,104,0,128.630813,35.904264,2020-09-01
1510125800,불로IC,106,1,128.631839,35.905089,2020-09-01
1510125900,봉무동1623,102,0,128.633191,35.929566,2020-09-01
1510126000,봉무IC,106,1,128.633371,35.926401,2020-09-01
1510126100,봉무IC남측,106,0,128.633412,35.925529,2020-09-01
1510126200,봉무IC남측,106,0,128.633434,35.923749,2020-09-01
1510126400,봉무IC,102,0,128.633579,35.927031,2020-09-01
1510126500,봉무동1628,101,0,128.633614,35.919936,2020-09-01
1510126600,봉무IC,106,0,128.633902,35.927035,2020-09-01
1510126700,불로IC,106,0,128.633911,35.907228,2020-09-01
1510126800,불로대교북측,104,0,128.634112,35.913242,2020-09-01
1510126900,봉무IC,106,0,128.634731,35.926002,2020-09-01
1510127000,불로대교남측,104,1,128.634381,35.908784,2020-09-01
1510127100,봉무동1564,101,0,128.635243,35.918672,2020-09-01
1510127101,봉무동1608,101,0,128.637356,35.918646,2020-09-01
1510127200,봉무동1562,101,1,128.635276,35.919917,2020-09-01
1510127201,봉무동1602,101,0,128.637356,35.919912,2020-09-01
1510127300,봉무동1548,101,0,128.635322,35.921122,2020-09-01
1510127301,봉무동1591,101,0,128.635341,35.922078,2020-09-01
1510127400,봉무동1546-1,101,1,128.635367,35.923242,2020-09-01
1510127401,봉무동1589,101,1,128.637493,35.923212,2020-09-01
1510127500,봉무동1516,101,0,128.636782,35.927888,2020-09-01
1510127600,대구봉무초등학교앞,101,1,128.636742,35.92511,2020-09-01
1510127700,불로IC,106,0,128.636541,35.906993,2020-09-01
1510127800,봉무IC,106,0,128.637103,35.926977,2020-09-01
1510127900,플레이위즈,101,0,128.637341,35.917452,2020-09-01
1510128000,봉무동1542-3,101,1,128.63943,35.923189,2020-09-01
1510128100,봉무동1551,101,1,128.639393,35.921043,2020-09-01
1510128101,봉무동1600,101,0,128.637368,35.921079,2020-09-01
1510128200,봉무동1539-8,101,0,128.639407,35.921557,2020-09-01
1510128201,봉무동1539-15,101,1,128.639414,35.922187,2020-09-01
1510128202,봉무동1539-15,101,1,128.639423,35.922745,2020-09-01
1510128203,봉무동1539-8,101,1,128.639412,35.922053,2020-09-01
1510128300,봉무동1565-2,101,1,128.639354,35.918641,2020-09-01
1510128400,봉무동1560,101,1,128.639393,35.919884,2020-09-01
1510128500,봉무동1627,101,1,128.641312,35.926911,2020-09-01
1510128600,봉무지하차도,101,0,128.641303,35.925056,2020-09-01
1510128700,봉무지하차도북측,104,0,128.641304,35.924824,2020-09-01
1510128800,봉무지하차도남측,104,0,128.641161,35.917636,2020-09-01
1510128900,봉무동265-4,101,0,128.641359,35.92773,2020-09-01
1510129000,DCT섬유박물관앞,101,0,128.641194,35.918613,2020-09-01
1510129100,봉무동1539-3,101,0,128.641221,35.919882,2020-09-01
1510129101,봉무동1581,101,0,128.641237,35.920543,2020-09-01
1510129200,봉무동1539-3,101,0,128.641291,35.92316,2020-09-01
1510129300,불로119안전센터앞,101,0,128.643618,35.921495,2020-09-01
1510129301,봉무동898,101,0,128.643518,35.923128,2020-09-01
1510129302,봉무동272-1,101,0,128.642454,35.927633,2020-09-01
1510129400,대구해서초등학교앞,101,0,128.643609,35.918588,2020-09-01
1510129401,봉무동1555,101,0,128.643605,35.920512,2020-09-01
3610659000,산성면 화전리 927-2,101,0,128.722073,37.040716,2025-01-15
1540115800,구암동841,101,0,128.568974,35.936685,2020-09-01
1540115900,구암동841,101,0,128.568349,35.93576,2020-09-01
1540116000,구암동841-4,101,0,128.567662,35.934877,2020-09-01
1540116100,구암동841-1,101,0,128.567987,35.935918,2020-09-01
1540116200,구암동840-4,101,0,128.568612,35.936843,2020-09-01
1540116300,구암동840-1,101,0,128.569262,35.937801,2020-09-01
1540116400,구암동840-2,101,0,128.568899,35.937976,2020-09-01
1540116500,구암동840-4,101,0,128.568237,35.937018,2020-09-01
1540116600,구암동840-4,101,0,128.567874,35.937176,2020-09-01
1540116700,구암동841-2,101,0,128.568024,35.936701,2020-09-01
1540116800,운암초등삼거리,101,0,128.567612,35.936076,2020-09-01
1540116900,운암초등삼거리,101,0,128.567249,35.936243,2020-09-01
1540117000,구암동841-4,101,0,128.567224,35.934868,2020-09-01
1560145000,대곡동1058-3,101,0,128.529579,35.805266,2020-09-01
1560145100,대곡동1142,101,0,128.529079,35.805141,2020-09-01
1560145200,대곡동1141,101,0,128.528654,35.805099,2020-09-01
1560145300,대곡동458,101,1,128.528216,35.805066,2020-09-01
1560145400,대곡동1065-2,101,0,128.529116,35.803708,2020-09-01
1560145500,대곡동1093,101,1,128.528654,35.803508,2020-09-01
1560145600,대곡동917-117,101,0,128.529279,35.799716,2020-09-01
1560145700,대곡동1154,101,1,128.529416,35.798775,2020-09-01
1560145800,대곡동1167,101,0,128.528916,35.797067,2020-09-01
1560145900,대곡동1126,102,0,128.529629,35.796992,2020-09-01
1560146000,대곡동1108,101,0,128.528517,35.7971,2020-09-01
1560146100,대곡동1116-5,101,0,128.528754,35.795259,2020-09-01
1560146200,대곡동1117-2,101,0,128.529066,35.795392,2020-09-01
1560146300,대곡동837,102,0,128.529766,35.793042,2020-09-01
1560146400,대곡동1104,101,1,128.532766,35.800158,2020-09-01
1560146500,대곡동1086,101,1,128.533404,35.8007,2020-09-01
1560146600,도원동1475,101,1,128.535316,35.802008,2020-09-01
1560146700,대곡고등학교,101,1,128.537891,35.803449,2020-09-01
1560146800,대곡동1157,101,0,128.533316,35.799925,2020-09-01
1560146900,대곡동1129,101,0,128.533954,35.799792,2020-09-01
1560147000,대곡동1135,102,0,128.534966,35.799583,2020-09-01
1560147100,대곡동1130-1,101,0,128.534079,35.799908,2020-09-01
1560147200,대곡동1128-1,101,0,128.533641,35.800216,2020-09-01
1560147300,대곡동1100,101,0,128.531354,35.801766,2020-09-01
1560147400,대곡동1140,101,0,128.530166,35.802541,2020-09-01
1560147500,대곡동1070-1,101,0,128.530354,35.802883,2020-09-01
1560147600,대곡동1077,101,0,128.531754,35.801966,2020-09-01
1560147700,속성변화점,103,0,128.529091,35.798767,2020-09-01
1560147800,대곡동1078-5,101,0,128.532116,35.80215,2020-09-01
1560147900,대곡동1084,101,0,128.533204,35.800925,2020-09-01
1560148000,속성변화점,103,0,128.528067,35.796459,2020-09-01
1560148100,속성변화점,103,0,128.534278,35.800166,2020-09-01
1560148200,도원동1463-7,101,0,128.535153,35.802341,2020-09-01
1560148300,도원동668-8,101,0,128.547802,35.806049,2020-09-01
1560148400,도원동523,102,0,128.546915,35.805166,2020-09-01
1560148500,도원중학교,102,0,128.545877,35.805983,2020-09-01
1560148600,도원중학교,101,0,128.544503,35.806691,2020-09-01
1560148700,도원동1446-4,102,0,128.54404,35.807349,2020-09-01
1560148800,도원동1463-5,101,0,128.543628,35.806374,2020-09-01
1560148900,도원동1444,101,0,128.542615,35.805649,2020-09-01
1560149000,도원동1455,102,0,128.543365,35.805091,2020-09-01
1560149100,상인동1593-2,102,0,128.558089,35.807224,2020-09-01
1560149200,도원동950-3,102,0,128.548377,35.798192,2020-09-01
1560149300,송현동2016,101,0,128.556514,35.831255,2020-09-01
1560149400,본동1150-33,102,0,128.533916,35.836654,2020-09-01
1560149500,본리동1151-37,101,0,128.53604,35.842495,2020-09-01
1560149600,장기동762,102,0,128.534041,35.84252,2020-09-01
1560149700,감삼동682-17,101,0,128.53479,35.848978,2020-09-01
1560149800,감삼동360,102,0,128.540052,35.850094,2020-09-01
1560149900,성당동750-1,102,0,128.546864,35.845187,2020-09-01
1560150000,감삼동360,102,0,128.541502,35.844778,2020-09-01
1560150100,대구성당초등학교,101,0,128.546797,35.841094,2020-09-01
1560150200,성당중학교,101,0,128.548814,35.841062,2020-09-01
1560150300,본리동1150,101,0,128.54674,35.838029,2020-09-01
1560150400,성당동195-8,101,0,128.561126,35.844453,2020-09-01
1560150500,성당동195-8,102,0,128.560151,35.844062,2020-09-01
1560150600,성당동169-23,102,0,128.563213,35.845962,2020-09-01
1560150800,유천동323,101,1,128.509897,35.814263,2020-09-01
1560150900,유천초등학교,101,0,128.512073,35.813149,2020-09-01
1560151000,달서구-달성군,105,0,128.514114,35.803879,2020-09-01
1560151100,유천교네거리,101,1,128.515912,35.810867,2020-09-01
1560151200,대곡동1042,101,1,128.518267,35.803919,2020-09-01
1560151300,서구-달서구,105,0,128.526211,35.863471,2020-09-01
1560151400,서구-달서구,105,0,128.526954,35.865187,2020-09-01
1570000300,한정교,104,0,128.454503,35.646396,2020-09-01
1570000400,한정교,104,0,128.455117,35.647444,2020-09-01
1570000401,한정리77-2,101,0,128.455225,35.647641,2020-09-01
1570000500,현풍정미소,101,0,128.449894,35.667853,2020-09-01
1570000501,행정사김상갑사무소,101,0,128.449533,35.669569,2020-09-01
1570000800,가천교,101,1,128.448626,35.673134,2020-09-01
1570000900,현풍IC,106,0,128.436691,35.674266,2020-09-01
1570001100,현풍IC,106,1,128.434561,35.678634,2020-09-01
1570001101,성하리497,101,0,128.435904,35.697333,2020-09-01
1570001200,원교리507-1,101,0,128.446368,35.678702,2020-09-01
1570001400,포산고사거리,101,0,128.446923,35.689508,2020-09-01
1570001401,원교리92-1,101,1,128.439247,35.694619,2020-09-01
1570001402,원교리77-3,101,1,128.439933,35.693124,2020-09-01
1570001403,원교리123,101,1,128.442682,35.692027,2020-09-01
1570001404,하리312-4,101,0,128.44585,35.69369,2020-09-01
1570001405,중리323,101,0,128.446873,35.691521,2020-09-01
1570001700,현풍3교,104,0,128.439263,35.69521,2020-09-01
1570001701,하리73-1,101,0,128.443222,35.695359,2020-09-01
1570002000,현풍교,104,0,128.444844,35.6958,2020-09-01
1570002100,현풍3교,104,1,128.439269,35.696125,2020-09-01
1570002200,현풍교,101,0,128.444548,35.696324,2020-09-01
1570002201,성하리293,101,0,128.442278,35.698386,2020-09-01
1570002400,현풍휴게소부근,101,1,128.439652,35.701392,2020-09-01
1570002500,현풍1육교,104,0,128.437903,35.70523,2020-09-01
1570002600,현풍1육교,104,0,128.437782,35.705517,2020-09-01
1570002900,강변장,101,1,128.436721,35.723175,2020-09-01
1570002901,남리1005-9,101,1,128.446497,35.72645,2020-09-01
1570002902,북리833-15,101,0,128.450165,35.728203,2020-09-01
1570002903,북리840-2,101,0,128.448049,35.727192,2020-09-01
1570002904,북리833-69,101,1,128.449153,35.72772,2020-09-01
1570002905,북리487-5,101,1,128.451836,35.728966,2020-09-01
1570003000,티씨앤대구방송,101,1,128.434512,35.726323,2020-09-01
1570003001,북리824-179,101,1,128.444755,35.728861,2020-09-01
1570003002,북리1,101,1,128.448874,35.730088,2020-09-01
1570003003,델파이삼거리,101,1,128.451994,35.731886,2020-09-01
1570003004,북리1-102,101,0,128.451069,35.730969,2020-09-01
1570003005,본리리29-19,101,0,128.456267,35.736452,2020-09-01
1570003006,상리328-3,101,0,128.410615,35.744385,2020-09-01
1570003007,약산온천입구교차로,101,1,128.420576,35.737136,2020-09-01
1570003400,녹문교,101,0,128.661568,35.734979,2020-09-01
1570003401,녹문교,101,0,128.661233,35.735205,2020-09-01
1570003403,수점교차로,101,0,128.656236,35.741275,2020-09-01
1570003404,옥분리778-4,101,0,128.651735,35.747958,2020-09-01
1570003405,삼산리620,101,0,128.653379,35.744385,2020-09-01
3610517500,신계교(동측),104,0,128.502079,37.144327,2025-01-15
1570003406,대일교차로,101,1,128.648642,35.768674,2020-09-01
1570003407,대일리318-1,101,0,128.64936,35.766757,2020-09-01
1570003408,옥분리239-1,101,1,128.651198,35.761378,2020-09-01
1570003409,옥분리461-1,101,1,128.650772,35.750105,2020-09-01
1570003410,냉천리748,101,1,128.646177,35.774669,2020-09-01
1570003411,냉천리116-3,101,1,128.643871,35.782573,2020-09-01
1570003412,냉천리36,101,1,128.638631,35.787376,2020-09-01
1570003413,냉천리2-1,101,0,128.636882,35.788695,2020-09-01
1570003414,용계리572-21,101,1,128.629012,35.79343,2020-09-01
1570003415,가창중석타운교차로,101,0,128.627653,35.795503,2020-09-01
1570003416,용계리304,101,1,128.625274,35.79774,2020-09-01
1570003900,정대교,101,0,128.567329,35.755591,2020-09-01
1570004000,고령교,104,0,128.388766,35.753919,2020-09-01
1570004100,달성1터널,104,0,128.477535,35.757788,2020-09-01
3570890600,채신동770-4,102,0,128.952516,35.903083,2020-09-01
3570890700,채신동797,101,0,128.952228,35.907724,2020-09-01
3570890800,구암리1349,101,0,128.949179,35.907141,2020-09-01
3570890900,구암리1349,101,0,128.947604,35.907166,2020-09-01
3570891000,구암리1346,101,0,128.947716,35.910674,2020-09-01
3570891100,구암리1333-5,101,0,128.945466,35.910724,2020-09-01
3570891200,채신동787,101,0,128.949966,35.910615,2020-09-01
3570891300,채신동763-1,101,1,128.951166,35.910582,2020-09-01
3570891400,채신동785,101,0,128.952666,35.91099,2020-09-01
3570891500,채신동785,101,0,128.954366,35.911765,2020-09-01
3570891600,채신동629-6,101,0,128.950103,35.912173,2020-09-01
3570891700,채신동754,101,0,128.950066,35.913515,2020-09-01
3570891800,구암리1345,101,0,128.947829,35.914123,2020-09-01
3570891900,채신동778,101,0,128.950103,35.91409,2020-09-01
3570892000,구암리1342,101,0,128.945579,35.914181,2020-09-01
3570892100,채신동776,101,0,128.950166,35.915181,2020-09-01
3570892200,구암리1338,101,0,128.947866,35.915256,2020-09-01
3570892300,구암리1338,101,0,128.947916,35.916423,2020-09-01
3570892400,구암리1338,101,0,128.948004,35.918573,2020-09-01
3570892500,구암리1326,101,0,128.945766,35.918606,2020-09-01
3570892600,속성변화점,103,0,128.947866,35.920014,2020-09-01
3570892800,본촌동766-63,101,1,128.952228,35.927597,2020-09-01
3570893100,사리리145,102,0,128.884722,35.879535,2020-09-01
3570893200,사리리722,102,0,128.866299,35.871919,2020-09-01
3570893300,봉동812,101,0,128.945966,35.928322,2020-09-01
3570893400,도남동183,102,0,128.944779,35.927705,2020-09-01
3570893500,봉동810-8,102,0,128.947878,35.92608,2020-09-01
3570893600,-,102,0,128.859474,35.878335,2020-09-01
3570893900,야사동343-1,102,0,128.939991,35.978674,2020-09-01
3570894000,완산동1438,101,0,128.946129,35.964398,2020-09-01
3570894100,완산동1472,101,0,128.945978,35.966721,2020-09-01
3570894200,영천시-경산시,105,0,128.874392,35.888188,2020-09-01
3600000100,경청로교량,104,0,128.734958,35.744704,2020-09-01
3600000200,경청로교량,104,0,128.735585,35.744872,2020-09-01
3600000300,금곡교차로,101,0,128.739268,35.757314,2020-09-01
3600000400,금곡교,101,0,128.740593,35.76141,2020-09-01
3600000401,남천면행정복지센터,101,0,128.727632,35.76602,2020-09-01
3600000600,GS주유소갈지,101,0,128.838455,35.768711,2020-09-01
3600000601,갈지교차로,101,0,128.838071,35.769539,2020-09-01
3600000602,경리2교차로,101,0,128.843261,35.784755,2020-09-01
3600000603,경동교차로,101,0,128.843518,35.788028,2020-09-01
3600000604,경리987-5,101,0,128.843576,35.790107,2020-09-01
3600000800,신석리258-2,101,0,128.721184,35.776444,2020-09-01
3600001000,신석리229-3,101,0,128.721658,35.783372,2020-09-01
3600001100,속성변화점,103,0,128.876098,35.783662,2020-09-01
3600001200,곡신리865,101,0,128.876338,35.78613,2020-09-01
3600001201,곡신리865,101,0,128.876361,35.78663,2020-09-01
3600001300,협석교차로,101,0,128.731974,35.789378,2020-09-01
3600001400,경리1교차로,101,1,128.841497,35.791368,2020-09-01
3600001500,당리교차로,101,0,128.876745,35.792348,2020-09-01
3600001501,부제리259-3,101,0,128.876449,35.789536,2020-09-01
3600001502,미산리186-4,101,0,128.868136,35.794193,2020-09-01
3600001600,행정교남측,104,0,128.840024,35.792957,2020-09-01
3600001700,행정교북측,104,0,128.83968,35.79334,2020-09-01
3600001800,당리교차로,101,0,128.876488,35.793094,2020-09-01
3600001801,당리교차로,101,0,128.875514,35.792942,2020-09-01
3600001802,용성초등학교,101,0,128.872992,35.794471,2020-09-01
3600001900,미산교,104,0,128.872874,35.794667,2020-09-01
3600002000,속성변화점,103,0,128.865282,35.79476,2020-09-01
3600002001,고은리산1-2,101,0,128.866662,35.794669,2020-09-01
3600002100,속성변화점,103,0,128.87259,35.795046,2020-09-01
3600002300,남산교차로,101,0,128.83661,35.796937,2020-09-01
3600002400,옥천교남측,104,0,128.836454,35.797613,2020-09-01
3600002500,옥천교북측,104,0,128.836297,35.798372,2020-09-01
3600002700,지니어스어린이집,101,1,128.736444,35.799802,2020-09-01
3600002800,아틀리에빈,101,1,128.737822,35.800842,2020-09-01
3600002900,원당교차로,101,1,128.83302,35.802837,2020-09-01
3600003000,대구경북능금농협경산지점,101,1,128.739299,35.804201,2020-09-01
3600003001,백천동617,101,1,128.74003,35.805848,2020-09-01
3600003200,백천교차로,101,1,128.740892,35.807819,2020-09-01
3600003201,백천동599,101,1,128.737375,35.808681,2020-09-01
3600003300,상방삼거리,101,0,128.740006,35.811258,2020-09-01
3600003301,신교동44-1,101,1,128.740914,35.813352,2020-09-01
3600003400,신천동355,101,1,128.788039,35.811266,2020-09-01
3600003500,당리리13-2,101,0,128.797961,35.812182,2020-09-01
3600003501,당리리559-13,101,1,128.79876,35.812358,2020-09-01
3600003600,상방네거리,101,1,128.738912,35.812584,2020-09-01
3600003700,오일뱅크명품,101,0,128.774035,35.813043,2020-09-01
3600003800,자인교서측,104,0,128.804138,35.81352,2020-09-01
3600003900,자인교동측,104,0,128.805148,35.813849,2020-09-01
3600003901,서부리746-5,101,0,128.809755,35.815306,2020-09-01
3600004000,자인네거리,101,0,128.826976,35.814686,2020-09-01
3600004001,서부리520-3,101,0,128.82038,35.814944,2020-09-01
3600004002,서부리699,101,0,128.822691,35.814813,2020-09-01
3600004003,동부리334,101,0,128.825127,35.814705,2020-09-01
3600004004,동부리205-4,101,0,128.82643,35.815678,2020-09-01
3600004100,에나어린이집,101,0,128.769335,35.815082,2020-09-01
3600004200,태공낚시자인,101,0,128.819547,35.814981,2020-09-01
3600004201,서부리331-4,101,1,128.819044,35.815019,2020-09-01
3600004300,낚시만세,101,0,128.817563,35.815228,2020-09-01
3600004301,낚시만세,101,0,128.817958,35.815117,2020-09-01
3600004302,서부리104-2,101,0,128.819596,35.81634,2020-09-01
3600004400,사동꽃백화점,101,1,128.764885,35.81621,2020-09-01
3600004500,동부리478-3,101,0,128.826229,35.816021,2020-09-01
3600004600,대한불교조계종보문사,101,0,128.738695,35.816939,2020-09-01
3600004700,경산시법원,101,1,128.760061,35.818054,2020-09-01
3600004701,사동523,101,1,128.75737,35.819212,2020-09-01
3600004702,사동610,101,1,128.758409,35.818747,2020-09-01
3600004800,시장교,101,0,128.821036,35.817669,2020-09-01
3600004900,원불교경산교당,101,0,128.738362,35.818506,2020-09-01
3600004901,삼북동283,101,0,128.737898,35.82095,2020-09-01
3600005000,GS25경산스카이점,101,1,128.756235,35.819723,2020-09-01
3600005001,사동610,101,1,128.755234,35.820154,2020-09-01
3600005100,미세스롱커피,101,1,128.754097,35.820661,2020-09-01
3600005101,계양네거리,101,0,128.749567,35.822769,2020-09-01
3600005102,계양동523,101,1,128.750913,35.822519,2020-09-01
3600005103,계양동694,101,1,128.752035,35.821977,2020-09-01
3610288500,부계면 가호리 1231-2,101,0,128.684884,36.992969,2025-01-15
3600005104,계양동694,101,1,128.753037,35.821259,2020-09-01
3600005200,경산축산농협자인지점,101,0,128.822763,35.820476,2020-09-01
3600005201,자인면사무소,101,0,128.823428,35.820476,2020-09-01
3600005202,북사리265-2,101,0,128.820064,35.821852,2020-09-01
3600005300,자인제일교회,101,0,128.824495,35.820485,2020-09-01
3600005301,동부리303,101,0,128.825553,35.820522,2020-09-01
3600005400,계양네거리,101,1,128.748815,35.822908,2020-09-01
3600005401,계양동642,101,1,128.745565,35.823491,2020-09-01
3600005500,자인면의용소방대,101,0,128.819384,35.822439,2020-09-01
3600005501,북사리309-2,101,0,128.817179,35.82487,2020-09-01
3600005600,오거리,101,0,128.737351,35.823864,2020-09-01
3600005700,시청네거리,101,0,128.742087,35.824055,2020-09-01
3600005800,시청네거리,101,1,128.742528,35.824116,2020-09-01
3600005900,스타벅스경산중방DT점,101,0,128.736523,35.826972,2020-09-01
3600006000,한국지역복지교육학원,101,0,128.735859,35.82951,2020-09-01
1570004301,삼리리863-8,101,1,128.406356,35.766094,2020-09-01
1510006700,동신교앞교차로,101,1,128.61529,35.868131,2020-09-01
1510006800,데타리조트,101,0,128.629397,35.868169,2020-09-01
1510006801,신천동743,101,0,128.62919,35.869494,2020-09-01
1510006900,동신교,101,1,128.614748,35.868183,2020-09-01
1510007000,동신교,104,0,128.614547,35.8682,2020-09-01
1510007100,세무사권일환세무법인텍스월드,101,0,128.626387,35.868429,2020-09-01
1510007101,신천동742,101,0,128.625645,35.875002,2020-09-01
1510007200,대한건설협회,101,0,128.627456,35.868599,2020-09-01
1510007201,LG유플러스,101,0,128.627293,35.869637,2020-09-01
1510007300,대구은행안심지점,101,0,128.708425,35.869178,2020-09-01
1510007301,신기동556,101,0,128.704269,35.869629,2020-09-01
1510007400,안심1동행정복지센터,101,0,128.702233,35.869845,2020-09-01
1510007401,율하동898,101,0,128.697183,35.870386,2020-09-01
1510007500,백우사,101,0,128.69601,35.870512,2020-09-01
1510007600,정진물산,101,0,128.626993,35.871508,2020-09-01
1510007601,신천동743,101,0,128.627896,35.871536,2020-09-01
1510007700,대구축산농협동신천지점,101,0,128.628869,35.871567,2020-09-01
1510007800,동대구농협신천지점,101,1,128.623759,35.871843,2020-09-01
1510007801,신천초등학교앞교차로,101,1,128.621773,35.872066,2020-09-01
1510007802,신천3동행정복지센터,101,1,128.623579,35.874674,2020-09-01
1510007803,신천동741,101,1,128.623896,35.872736,2020-09-01
1510007900,화이트캐슬,101,0,128.718234,35.871991,2020-09-01
1510008000,효신네거리,101,1,128.635209,35.872053,2020-09-01
1510008100,각산네거리,101,0,128.713817,35.872075,2020-09-01
1510008101,각산동374-6,101,0,128.713815,35.873051,2020-09-01
1510008102,동호동41-2,101,1,128.711651,35.872119,2020-09-01
1510008103,각산동374-6,101,0,128.713908,35.874543,2020-09-01
1510008104,각산동374-6,101,0,128.71394,35.875544,2020-09-01
1510008200,반야월역,101,0,128.708929,35.872315,2020-09-01
1510008201,신기동123-8,101,0,128.704791,35.872737,2020-09-01
1510008300,대구은행신천동지점,101,1,128.618873,35.872317,2020-09-01
1510008301,신천동741,101,1,128.618239,35.873483,2020-09-01
1510008400,우리교회,101,0,128.70276,35.872945,2020-09-01
1510008500,스타벅스대구수성도서관DT점,101,1,128.639201,35.873182,2020-09-01
1510008600,율하교,101,1,128.696658,35.873567,2020-09-01
1510008601,용계동878-1,101,1,128.69577,35.873657,2020-09-01
1510008700,대한예수교회늘푸른교회,101,0,128.628814,35.873748,2020-09-01
1510008701,신천동743,101,0,128.628916,35.876108,2020-09-01
1510008800,스테이22호텔,101,0,128.626914,35.873768,2020-09-01
1510008801,신천동743,101,0,128.626996,35.875684,2020-09-01
1510008802,신천동743,101,0,128.627831,35.873758,2020-09-01
1510008900,신천교,104,0,128.612117,35.873793,2020-09-01
1510009000,소헌미술관,101,0,128.640421,35.873879,2020-09-01
1510009100,신천교,101,1,128.612628,35.873911,2020-09-01
1510009101,신천동537-8,101,1,128.616023,35.874243,2020-09-01
1510009102,신천동541-6,101,1,128.614807,35.874097,2020-09-01
1510009200,신천교,101,0,128.612063,35.874498,2020-09-01
1510009201,신천동1291-380,101,0,128.609964,35.875401,2020-09-01
1510009300,신천네거리,101,1,128.617602,35.874655,2020-09-01
1510009301,신천동741,101,1,128.620381,35.875283,2020-09-01
1510009302,신천역교차로,101,1,128.617244,35.875291,2020-09-01
1510009400,대구동교회,101,0,128.610916,35.874657,2020-09-01
1510009500,대한산업안전협회대구지역본부,101,1,128.641915,35.874746,2020-09-01
1510009600,동대구IC앞,106,1,128.680261,35.87508,2020-09-01
1510009700,한국스카우트대구연맹,101,1,128.62299,35.875872,2020-09-01
1510009701,신천동741,101,1,128.624387,35.87619,2020-09-01
1510009800,화랑교,104,0,128.659392,35.876437,2020-09-01
1510009900,동대구역네거리,101,1,128.626093,35.876616,2020-09-01
1510010000,칠성교,104,0,128.606602,35.876768,2020-09-01
1510010200,동대구역네거리,101,0,128.627097,35.876829,2020-09-01
1510010300,화랑교,104,0,128.661125,35.876837,2020-09-01
1510010400,칠성교북단교차로,101,1,128.606687,35.876977,2020-09-01
1510010401,대현동338-18,101,1,128.608936,35.878438,2020-09-01
1510010500,금호천일고속버스터미널,101,1,128.628974,35.877228,2020-09-01
1510010600,투데이로스팅커피,101,0,128.639761,35.877266,2020-09-01
1510010700,망우당고가차도,104,0,128.646864,35.877373,2020-09-01
1510010800,신암지하차도,101,1,128.616129,35.877415,2020-09-01
1510010801,신암동367,101,1,128.615517,35.878541,2020-09-01
1510010802,신암동367,101,1,128.615198,35.879126,2020-09-01
1510010803,신암동367,101,0,128.618178,35.877982,2020-09-01
1510011000,경북수협네거리,101,1,128.631779,35.877851,2020-09-01
1510011200,동대구초등학교병설유치원,101,0,128.620275,35.878562,2020-09-01
1510011300,동대구역고가차도,104,0,128.627386,35.878627,2020-09-01
1510011400,동부지하차도,104,0,128.635378,35.879418,2020-09-01
1510011500,대구은행대현동지점,101,1,128.610584,35.879751,2020-09-01
1510011600,법륜사,101,0,128.626901,35.880304,2020-09-01
1510011601,동구청(큰고개)역(대구1호선),101,1,128.632187,35.8844,2020-09-01
1510011602,신암동369,101,0,128.630358,35.882166,2020-09-01
1510011700,월정사,101,0,128.611697,35.880638,2020-09-01
1510011800,동대구역고가차도,104,0,128.626176,35.881056,2020-09-01
1510011801,신암동368,101,0,128.62596,35.881251,2020-09-01
1510011900,공고네거리,101,1,128.614094,35.881156,2020-09-01
1510012000,대한응급구조사협회,101,1,128.611953,35.881874,2020-09-01
1510012100,우리은행신암동지점,101,1,128.618898,35.882118,2020-09-01
1510012200,파티마삼거리,101,1,128.623983,35.883373,2020-09-01
1510012300,제자들의교회,101,0,128.614148,35.884902,2020-09-01
1510012301,신암동703-71,101,0,128.615731,35.886541,2020-09-01
1510012400,동신암교회,101,1,128.62691,35.885048,2020-09-01
1510012401,신암동1620,101,0,128.624842,35.888067,2020-09-01
1510012500,르네상스입구교차로,101,1,128.650326,35.886073,2020-09-01
1510012600,리엔파크,101,0,128.619874,35.89098,2020-09-01
1510012700,입석교,102,0,128.645604,35.895678,2020-09-01
1510012800,공항네거리,101,1,128.638131,35.898243,2020-09-01
1510012900,불로삼거리,101,0,128.635101,35.900045,2020-09-01
1510012901,불로동955-6,101,0,128.630611,35.900831,2020-09-01
1510012902,불로동955-7,101,1,128.631877,35.90108,2020-09-01
1510013000,공항교동측,101,0,128.629131,35.900523,2020-09-01
1510013001,불로동927-6,101,0,128.629197,35.901386,2020-09-01
1510013100,파군재삼거리,101,1,128.643724,35.936536,2020-09-01
1510013101,지묘동276-1,101,1,128.645446,35.939686,2020-09-01
1510013200,백안삼거리,101,1,128.690699,35.953876,2020-09-01
3610312700,우보면 이화리 1725-6,101,0,128.682172,37.095459,2025-01-15
1510013201,진인동623-7,101,1,128.707064,35.956105,2020-09-01
1510013202,진인갓바위삼거리,101,1,128.709993,35.956975,2020-09-01
1510013300,공산터널,104,0,128.655479,35.957197,2020-09-01
1510013400,공산터널,104,0,128.657783,35.957637,2020-09-01
1510013500,용궁사,101,0,128.710661,35.958553,2020-09-01
1510013501,진인동950,102,0,128.711834,35.957965,2020-09-01
1510013502,진인동950,102,0,128.712632,35.95728,2020-09-01
1510013503,진인동540,101,0,128.714403,35.95816,2020-09-01
1510013504,진인동123-63,101,0,128.72625,35.970348,2020-09-01
1510013600,베이스캠프,101,0,128.726338,35.970894,2020-09-01
1510013700,팔공산순환도로,101,0,128.699214,35.979112,2020-09-01
1510013800,라데팡스,101,0,128.697753,35.989213,2020-09-01
1510013801,용수동50-1,101,0,128.693913,35.988136,2020-09-01
1510013900,EV충전소팔공CC,102,0,128.721325,35.989467,2020-09-01
1510014000,카페오롯이,101,0,128.668901,35.989682,2020-09-01
1510014100,파계삼거리,101,0,128.637005,35.989907,2020-09-01
1510014200,동화사공영주차장,102,0,128.702604,35.992718,2020-09-01
1510014300,향림휴게소,102,0,128.638889,35.994876,2020-09-01
1540117200,구암동841-4,101,0,128.566649,35.934885,2020-09-01
1540117300,구암동842,101,0,128.566612,35.934568,2020-09-01
1540117400,운암삼거리,101,0,128.566462,35.933835,2020-09-01
1540117500,운암삼거리,101,0,128.566412,35.933235,2020-09-01
1540117600,운암삼거리,101,0,128.566887,35.93381,2020-09-01
1540117700,동천동972,101,1,128.5552,35.944367,2020-09-01
1540117800,동천동972,101,0,128.5559,35.944109,2020-09-01
1540117900,동천동961,101,0,128.556725,35.943859,2020-09-01
1540118000,동천동961,101,0,128.556913,35.9443,2020-09-01
1540118100,동천동961-1,101,0,128.557463,35.942892,2020-09-01
1540118200,동천동961,101,0,128.556438,35.943117,2020-09-01
1540118300,동천동972-1,101,0,128.555563,35.943367,2020-09-01
1540118400,동천동962-2,101,0,128.558848,35.943116,2020-09-01
1540118500,동천동962-2,101,0,128.560062,35.942951,2020-09-01
1540118600,동천동962-6,101,0,128.561537,35.942776,2020-09-01
1540118700,동천동962-6,101,0,128.562837,35.942617,2020-09-01
1540118800,구암동833-1,101,0,128.564224,35.942451,2020-09-01
1540118900,구암동833,101,0,128.564587,35.942401,2020-09-01
1540119000,구암동833,101,0,128.564774,35.943434,2020-09-01
1540119100,동천동962-7,101,0,128.56275,35.942201,2020-09-01
1540119200,동천동962-4,101,0,128.561737,35.943809,2020-09-01
1540119300,동천동962-1,101,0,128.560225,35.94375,2020-09-01
1540119400,동천동962-3,101,0,128.55875,35.942742,2020-09-01
1540119500,동천동966-3,101,0,128.556725,35.935651,2020-09-01
1540119600,동천동966-3,101,0,128.557125,35.935601,2020-09-01
1540119700,대구함지초등학교,101,0,128.557625,35.935518,2020-09-01
1540119800,대구함지초등학교,101,0,128.558088,35.935476,2020-09-01
1540119900,동천동967-1,101,0,128.558675,35.936176,2020-09-01
1540120000,동천동967-1,101,0,128.558288,35.936235,2020-09-01
1540120100,동천동965-1,101,0,128.557938,35.935851,2020-09-01
1540120200,동천교네거리,101,0,128.557325,35.93671,2020-09-01
1540120300,참물샘공원삼거리,101,0,128.556913,35.934535,2020-09-01
1540120400,동천동행정복지센터,101,0,128.557713,35.93666,2020-09-01
1540120500,동천동행정복지센터,101,0,128.55835,35.936576,2020-09-01
1540120600,대구함지초등학교,101,0,128.557463,35.935176,2020-09-01
1540120700,대구함지초등학교,101,0,128.557313,35.934485,2020-09-01
1540120800,동천동행정복지센터,101,0,128.558512,35.937435,2020-09-01
1540120900,동천동행정복지센터,101,0,128.5586,35.937934,2020-09-01
1540121000,동천동964-3,101,0,128.558687,35.938418,2020-09-01
1540121100,동천동964,101,0,128.5589,35.939409,2020-09-01
1540121200,동천동964-3,101,0,128.5582,35.938493,2020-09-01
1540121300,동천동964-3,101,0,128.559087,35.938368,2020-09-01
1540121400,동천동964-3,101,0,128.559487,35.938318,2020-09-01
1540121500,동천동964,101,0,128.559275,35.939359,2020-09-01
1540121600,동천동행정복지센터,101,0,128.55795,35.937518,2020-09-01
1540121700,동평초등네거리,101,0,128.558887,35.937393,2020-09-01
1540121800,속성변화점,103,0,128.558513,35.93541,2020-09-01
1540121900,운암교네거리,101,0,128.555463,35.931202,2020-09-01
1540122000,구암동712,101,0,128.556563,35.931102,2020-09-01
1540122100,구암동712,101,0,128.557188,35.931052,2020-09-01
1540122200,구암동711,101,0,128.5566,35.931377,2020-09-01
1540122300,동천동886,101,0,128.556725,35.932143,2020-09-01
1540122400,동천동885,101,0,128.55675,35.932427,2020-09-01
1540122500,운암교네거리,101,0,128.555663,35.932527,2020-09-01
1540122600,동천동885,101,0,128.557363,35.932368,2020-09-01
1540122700,구암동838,101,0,128.563425,35.932927,2020-09-01
1540122800,구암동838,101,0,128.5634,35.932568,2020-09-01
1540122900,구암동838,101,0,128.563362,35.932043,2020-09-01
1540123000,구암네거리,102,0,128.562012,35.931885,2020-09-01
1540123100,구암동838-1,101,0,128.562462,35.931919,2020-09-01
1540123200,구암동838-1,101,0,128.562912,35.931985,2020-09-01
1540123300,운암중학교,101,0,128.564575,35.932493,2020-09-01
1540123400,운암중학교,101,0,128.564612,35.932868,2020-09-01
1540123500,구암동838-1,101,0,128.563025,35.932952,2020-09-01
1540123600,운암중학교교차로,101,0,128.562637,35.932977,2020-09-01
1540123700,운암중학교교차로,102,0,128.562225,35.932985,2020-09-01
1540123800,구암중학교교차로,101,0,128.55805,35.926311,2020-09-01
1540123900,구암중학교교차로,102,0,128.557763,35.926077,2020-09-01
1540124000,구암동758,101,0,128.5592,35.926936,2020-09-01
1540124100,속성변화점,103,0,128.559038,35.927069,2020-09-01
1540124200,구암동695-3,101,0,128.559188,35.929685,2020-09-01
1540124300,구암동695-1,102,0,128.559612,35.930869,2020-09-01
1540124400,구암동501,102,0,128.561375,35.928544,2020-09-01
1540124500,구암역(대구3호선),102,0,128.551113,35.925627,2020-09-01
1540124600,구암고교교차로,101,0,128.552513,35.925494,2020-09-01
1540124700,구암고등학교,101,0,128.553801,35.925353,2020-09-01
1540124800,구암동746,102,0,128.554225,35.925319,2020-09-01
1540124900,구암동726,101,0,128.554013,35.926736,2020-09-01
1540125000,구암동719,101,0,128.554163,35.927802,2020-09-01
1540125100,구암동720,102,0,128.554575,35.927761,2020-09-01
1540125200,구암동718,102,0,128.553738,35.927844,2020-09-01
1540125300,구암동721,102,0,128.554463,35.926752,2020-09-01
1540125400,구암동726,102,0,128.553588,35.926769,2020-09-01
1540125500,구암동616-30,102,0,128.552263,35.924053,2020-09-01
1540125600,태전동609-5,101,0,128.550288,35.921245,2020-09-01
1540125700,태전동608-36,102,0,128.549788,35.92202,2020-09-01
1540125800,태전동1207,102,0,128.550688,35.921586,2020-09-01
1540125900,노원동1가10-9,102,0,128.581223,35.888657,2020-09-01
1540126000,침산동1663-5,102,0,128.597385,35.888799,2020-09-01
1540126100,침산동120,102,0,128.595647,35.889557,2020-09-01
1540126200,침산동123-1,101,0,128.59506,35.888732,2020-09-01
1540126300,침산동133-6,102,0,128.594135,35.88929,2020-09-01
1540126400,침산동309-1,102,0,128.593822,35.890707,2020-09-01
1540126500,대성시장교차로,101,0,128.600534,35.875908,2020-09-01
1540126600,대구역(대구1호선),101,0,128.59736,35.87655,2020-09-01
1540126700,대구역광장교차로,101,0,128.59581,35.876842,2020-09-01
1540126800,칠성동2가340-3,102,0,128.596272,35.878408,2020-09-01
1540126900,칠성동2가736,102,0,128.593985,35.876683,2020-09-01
1540127000,칠성동2가302-381,101,0,128.594022,35.877192,2020-09-01
1540127100,칠성동2가302-14,101,0,128.59246,35.877475,2020-09-01
1540127200,칠성동2가302-80,102,0,128.590873,35.877775,2020-09-01
3610316800,효령면 중구리 151-7,101,0,128.603446,37.055091,2025-01-15
1540127300,칠성동2가82-2,102,0,128.589573,35.879625,2020-09-01
1540127400,칠성동2가127,102,0,128.59311,35.880616,2020-09-01
1540127500,경명여자중학교,102,0,128.59751,35.880108,2020-09-01
1540127600,칠성동2가2-14,102,0,128.586261,35.885124,2020-09-01
1540127700,대현동316-3,101,0,128.605846,35.878941,2020-09-01
1540127800,대현동521,101,0,128.604697,35.880541,2020-09-01
1540127900,대현동527,102,0,128.607309,35.879575,2020-09-01
1540128000,복현동134-320,101,0,128.630017,35.891211,2020-09-01
1540128100,복현동623,101,0,128.627269,35.893048,2020-09-01
1540128200,복현동310-4,102,0,128.630932,35.893798,2020-09-01
1540128300,복현동260,102,0,128.62517,35.897973,2020-09-01
1540128400,복현동218,102,0,128.623707,35.895206,2020-09-01
1540128500,복현동76-1,102,0,128.619095,35.899506,2020-09-01
1540128600,성화중학교,102,0,128.619895,35.902164,2020-09-01
1540128700,복현동105,102,0,128.622757,35.901206,2020-09-01
1540128800,산격동1728,101,1,128.617258,35.906413,2020-09-01
1540128900,산격동1696,101,0,128.615483,35.908971,2020-09-01
1540129000,산격동1728,101,0,128.617095,35.906638,2020-09-01
1570004300,위천삼거리,101,0,128.39892,35.760437,2020-09-01
3600006103,중방동871,101,0,128.738985,35.830114,2020-09-01
3600006200,효목사거리,101,0,128.729282,35.834033,2020-09-01
3600006201,중방동818-1,101,0,128.731585,35.83407,2020-09-01
3600006202,정평역(대구2호선),101,0,128.727521,35.834222,2020-09-01
3600006203,정평동144-3,101,1,128.730499,35.834044,2020-09-01
3600006204,정평역(대구2호선),101,0,128.727923,35.834138,2020-09-01
3600006300,영대교,104,0,128.731923,35.834086,2020-09-01
3600006400,영대교,104,0,128.73281,35.834097,2020-09-01
3600006401,중방동817-2,101,0,128.733235,35.834105,2020-09-01
3600006500,경산네거리,101,1,128.734673,35.834129,2020-09-01
3600006501,대평동175-4,101,1,128.733148,35.841862,2020-09-01
3600006502,대정동1056,101,0,128.732738,35.84318,2020-09-01
3600006503,대평동358-10,101,1,128.733169,35.84153,2020-09-01
3600006504,대평동358-10,101,1,128.733114,35.839903,2020-09-01
3600006505,대정동49-2,101,1,128.725996,35.852852,2020-09-01
3600006506,대평동16-3,101,0,128.731901,35.844547,2020-09-01
3600006507,중방동804-1,101,0,128.73756,35.834138,2020-09-01
3600006508,임당네거리,101,1,128.740285,35.834152,2020-09-01
3600006509,대평동358-10,101,1,128.733682,35.837751,2020-09-01
3600006510,대평동358-10,101,1,128.734128,35.836098,2020-09-01
3600006600,임당네거리,101,1,128.74106,35.834155,2020-09-01
3600006601,계양동272-2,101,1,128.744472,35.834175,2020-09-01
3600006700,영대오거리,101,1,128.747515,35.834121,2020-09-01
3600006701,대동112-3,101,0,128.751786,35.835864,2020-09-01
3600006800,세왕메디빌,101,1,128.726276,35.834501,2020-09-01
3600006801,사월동550-6,101,0,128.723901,35.838802,2020-09-01
3600006802,사월동259-8,101,0,128.724599,35.837439,2020-09-01
3600006900,중산삼거리,101,1,128.722332,35.835345,2020-09-01
3600007000,남촌리666-2,101,0,128.811612,35.834877,2020-09-01
3600007001,계림리118-4,101,0,128.810314,35.837623,2020-09-01
3600007100,영남대역5번출구,101,0,128.753391,35.836557,2020-09-01
3600007101,조영동313-3,101,0,128.75442,35.837307,2020-09-01
3600007102,조영동310-4,101,0,128.75617,35.838673,2020-09-01
3600007103,조영동312-4,101,0,128.755511,35.83817,2020-09-01
3600007104,조영동306-4,101,1,128.756476,35.838884,2020-09-01
3600007200,파스쿠찌대구영남대점,101,0,128.757364,35.839494,2020-09-01
3600007201,부적리514-15,101,1,128.758177,35.839981,2020-09-01
3600007202,부적리512-1,101,0,128.759238,35.840578,2020-09-01
3600007300,농협압량점,101,1,128.76112,35.841573,2020-09-01
3600007301,부적리253-1,101,1,128.763147,35.844325,2020-09-01
3600007400,GS주유소경산대성셀프,101,0,128.764028,35.84645,2020-09-01
3600007500,가야교회,101,0,128.803665,35.849621,2020-09-01
3600007600,가야교회,101,0,128.803871,35.850121,2020-09-01
3600007601,선화리888-2,101,0,128.804535,35.86666,2020-09-01
3600007602,선화리176,101,0,128.804294,35.863182,2020-09-01
3600007603,선화리1474-57,101,0,128.805405,35.860095,2020-09-01
3600007700,압량교,101,1,128.766306,35.851559,2020-09-01
3600007800,압량교남측,104,0,128.766383,35.851686,2020-09-01
3600007900,압량교북측,104,0,128.766949,35.852744,2020-09-01
3600008000,좋은페인트,101,1,128.767466,35.853647,2020-09-01
3600008001,현흥리657-2,101,0,128.771922,35.861697,2020-09-01
3600008200,압량농협저온창고,101,0,128.772534,35.862732,2020-09-01
3600008300,현흥리636-2,101,1,128.772955,35.863513,2020-09-01
3600008301,현흥리952-5,101,1,128.777822,35.869933,2020-09-01
3600008302,현흥리750-4,101,0,128.775579,35.867592,2020-09-01
3600008400,현흥리915-1,101,0,128.780327,35.872278,2020-09-01
3600008401,선화리1438-3,101,1,128.782712,35.872703,2020-09-01
3600008402,현흥리4-2,101,1,128.780964,35.872482,2020-09-01
3600008500,수복식당,101,0,128.804807,35.872052,2020-09-01
3600008501,선화리458-8,101,0,128.804486,35.8746,2020-09-01
3600008502,선화리458-8,101,0,128.804577,35.875106,2020-09-01
3600008600,진량읍선화리1264-3,106,1,128.792858,35.873975,2020-09-01
3600008900,동구-경산시,105,0,128.76073,35.874573,2020-09-01
3600009000,진량읍선화리698-33,106,1,128.799463,35.874856,2020-09-01
3600009001,선화리714-1,101,0,128.800517,35.875451,2020-09-01
3600009002,선화리498-3,101,0,128.801773,35.875864,2020-09-01
3600009100,바이텍자전거,101,1,128.810863,35.875012,2020-09-01
3600009101,신상리685-4,101,0,128.81735,35.874908,2020-09-01
3600009200,경북척수장애인협회경산시지회,101,0,128.811424,35.875362,2020-09-01
3600009300,경산IC남측,106,1,128.789618,35.875201,2020-09-01
3600009400,동구-경산시,105,0,128.75733,35.87619,2020-09-01
3600009500,속성변화점,103,0,128.757481,35.876258,2020-09-01
3600009501,청천리605-1,101,1,128.758672,35.876811,2020-09-01
3600009502,청천리526-1,101,0,128.759469,35.877145,2020-09-01
3600009600,선화리1474-64,101,1,128.804051,35.876299,2020-09-01
3600009700,신상어린이집,101,0,128.812155,35.876396,2020-09-01
3600009701,경산1육교,101,0,128.811767,35.878415,2020-09-01
3600009800,경산IC동측,106,0,128.792566,35.876848,2020-09-01
3600009801,경산휴게소,104,0,128.807291,35.877745,2020-09-01
3600009802,평사휴게소,104,0,128.870104,35.886953,2020-09-01
3600009900,경산IC서측,106,0,128.783709,35.877463,2020-09-01
3600010200,봉회삼거리,101,1,128.81716,35.885921,2020-09-01
3600010400,봉회네거리,101,0,128.816245,35.888362,2020-09-01
3600010401,부기리649-1,101,1,128.823482,35.898267,2020-09-01
3600010402,북리284-3,101,1,128.818473,35.891487,2020-09-01
3600010403,부기리691-3,101,1,128.820942,35.895015,2020-09-01
3600010500,남하2교,101,1,128.779292,35.889379,2020-09-01
3600010600,은호리1-8,101,0,128.794006,35.899252,2020-09-01
3600010700,애림농원,101,1,128.800977,35.899934,2020-09-01
3600010800,착한할인마트,101,0,128.80223,35.90025,2020-09-01
3600010801,부호리155,101,0,128.803862,35.90074,2020-09-01
3600010900,대구대삼거리,101,1,128.824371,35.900117,2020-09-01
3600010901,대구대삼거리,101,1,128.824841,35.900928,2020-09-01
3600011100,CU대가대정문점,101,1,128.811551,35.907209,2020-09-01
3600011101,금락리116-17,101,1,128.817669,35.910017,2020-09-01
3600011102,동서리785-1,101,0,128.824927,35.914173,2020-09-01
3600011200,모모리찌네일,101,1,128.823874,35.907311,2020-09-01
3600011300,하양교남측,104,0,128.823835,35.907459,2020-09-01
3600011400,하양교북측,104,0,128.823626,35.909599,2020-09-01
3600011401,금락교차로,101,0,128.822222,35.912598,2020-09-01
3610557100,군위읍 내량리 1-3,101,0,128.575051,37.148241,2025-01-15
3600011402,금학지하차도(북측),104,0,128.822423,35.912227,2020-09-01
3600011403,금학지하차도(남측),104,0,128.823273,35.91078,2020-09-01
3600011404,금락리416,101,0,128.823595,35.909975,2020-09-01
3600011500,풀잎문화센터하양지부,101,0,128.81929,35.913932,2020-09-01
3600011600,하양고가차도,104,0,128.825101,35.914273,2020-09-01
3600011700,하주교,104,0,128.825442,35.914484,2020-09-01
3600011701,동서리785-10,101,0,128.825618,35.914578,2020-09-01
3600011702,동서리1210,101,0,128.828335,35.916126,2020-09-01
3600011800,KB국민은행하양지점,101,0,128.820511,35.914676,2020-09-01
3600011900,금락교,101,0,128.817287,35.916266,2020-09-01
3600011901,동서리871-1,101,0,128.823856,35.923742,2020-09-01
3600011902,동서리882,101,0,128.818079,35.917194,2020-09-01
3600012000,동서교차로,101,1,128.834944,35.919851,2020-09-01
3600012001,시천리376-4,101,0,128.847302,35.925817,2020-09-01
3600012100,하양농협,101,0,128.824993,35.925847,2020-09-01
3600012200,하교,104,0,128.847567,35.92591,2020-09-01
3600012300,하교,104,0,128.84914,35.926526,2020-09-01
1510014400,신무동445,102,0,128.66401,35.99661,2020-09-01
1510014600,팔공수태골휴게소,101,0,128.683601,35.87486,2020-09-01
1510014700,동대구IC,106,0,128.685902,35.868872,2020-09-01
1570004302,삼리1교차로,101,1,128.404908,35.765007,2020-09-01
1570004303,위천리151-1,101,1,128.401202,35.762188,2020-09-01
1570004304,승호교차로,101,0,128.411249,35.769095,2020-09-01
1570004305,논공교차로,101,1,128.419737,35.773561,2020-09-01
1570004306,금포1교차로,101,1,128.421827,35.774661,2020-09-01
1570004400,달성IC,106,1,128.476265,35.766292,2020-09-01
1570004500,달성IC,106,0,128.473901,35.769697,2020-09-01
1570005200,옥포JC,106,0,128.464852,35.789343,2020-09-01
1570005300,간경교,104,0,128.469342,35.789641,2020-09-01
1570005400,간경교,101,1,128.470402,35.790052,2020-09-01
1570005600,옥포JC,106,1,128.46159,35.790654,2020-09-01
1570005700,화원옥포IC네거리,106,1,128.4761,35.792007,2020-09-01
1570005800,화원IC삼거리,101,1,128.483033,35.795043,2020-09-01
1570005801,설화리553-221,101,1,128.487636,35.797571,2020-09-01
1570005900,옥포JC,106,0,128.464778,35.795682,2020-09-01
1570006000,속성변화점,103,0,128.479821,35.797233,2020-09-01
1570006100,기세곡천교,104,0,128.467771,35.798236,2020-09-01
1570006200,기세곡천교,104,0,128.468387,35.798523,2020-09-01
1570006300,화원IC남측,106,1,128.479438,35.799016,2020-09-01
1570006400,화원IC서측,106,0,128.475957,35.799929,2020-09-01
1570006500,설화명곡역,101,1,128.489404,35.798689,2020-09-01
1570006501,설화명곡역(대구1호선),101,1,128.488745,35.799225,2020-09-01
1570006502,달성중교차로,101,0,128.492668,35.800742,2020-09-01
1570006503,설화명곡역(대구1호선),101,1,128.490007,35.799066,2020-09-01
1570006600,용계교,101,1,128.622638,35.801116,2020-09-01
1570006601,가창댐입구,101,1,128.623824,35.798901,2020-09-01
1570006602,속성변화점,103,0,128.622872,35.804211,2020-09-01
1570006700,화원옥포IC,106,0,128.481804,35.80083,2020-09-01
1570006800,화원교,101,1,128.494559,35.801839,2020-09-01
1570006900,화원교,101,1,128.495328,35.802446,2020-09-01
1570007500,가창교,104,0,128.623205,35.805914,2020-09-01
1570007501,가창교,101,0,128.623523,35.805483,2020-09-01
1570007502,가창교,101,0,128.623362,35.804737,2020-09-01
1570008200,강창교서측,104,1,128.469677,35.854283,2020-09-01
1570008700,문양리1067-20,101,1,128.435038,35.858191,2020-09-01
1570008701,문산리322-14,101,0,128.435621,35.856548,2020-09-01
1570008702,문산리86-4,101,1,128.435959,35.855833,2020-09-01
1570008703,부곡리700-4,101,0,128.440837,35.852015,2020-09-01
1570008704,문양리산101,101,0,128.426253,35.865321,2020-09-01
1570008705,매곡리922-9,101,0,128.455125,35.861266,2020-09-01
1570008706,매곡사거리,101,1,128.459055,35.862521,2020-09-01
1570008707,매곡리1106-2,101,0,128.450262,35.85435,2020-09-01
1570008708,매곡리898-3,101,0,128.455657,35.861474,2020-09-01
1570008800,죽곡리29-3,101,1,128.463069,35.859713,2020-09-01
1570008801,다사중고등학교교차로,101,1,128.462532,35.860319,2020-09-01
1570008900,매곡네거리,101,0,128.461636,35.861302,2020-09-01
1570008901,죽곡리1-8,101,0,128.46042,35.862991,2020-09-01
1570009100,동곡리산85,101,0,128.422182,35.871949,2020-09-01
1570009101,동곡사거리,101,0,128.416953,35.878002,2020-09-01
1570009200,하빈농협동곡지점,101,0,128.420894,35.876763,2020-09-01
1570009201,하빈교삼거리,101,0,128.423992,35.890835,2020-09-01
1570009300,동곡사거리,101,0,128.416336,35.878293,2020-09-01
1570009500,속성변화점,103,0,128.396402,35.879522,2020-09-01
1570009800,달성군-칠곡군,105,0,128.41084,35.906206,2020-09-01
1570010100,가태리산41,102,0,128.49585,35.663952,2020-09-01
1570010101,유곡리469-2,101,0,128.463919,35.669945,2020-09-01
1570010200,유곡2리마을회관,101,0,128.454308,35.669747,2020-09-01
1570010300,구지육교,101,0,128.44732,35.672378,2020-09-01
1570010400,반송리산93,102,0,128.526668,35.733001,2020-09-01
1570010500,샤니삼거리,101,1,128.461771,35.733709,2020-09-01
1570010501,샤니삼거리,101,0,128.462243,35.73406,2020-09-01
1570010600,김흥리909-1,102,0,128.49026,35.736832,2020-09-01
1570010700,동아제약네거리,101,1,128.468629,35.739288,2020-09-01
1570010800,반송리산54-1,102,0,128.523593,35.740652,2020-09-01
1570010801,반송리341-2,101,0,128.50296,35.754556,2020-09-01
1570010802,반송리916-20,101,0,128.504384,35.754307,2020-09-01
1570010900,본리리1240,108,0,128.479831,35.744101,2020-09-01
1570011000,정대리산111,102,0,128.583825,35.744676,2020-09-01
1570011100,김흥리1518-1,101,0,128.492891,35.748496,2020-09-01
1570011200,반송3교,101,0,128.493776,35.754627,2020-09-01
1570011300,반송2교,101,0,128.493829,35.755741,2020-09-01
1570011400,천사이사화물,101,0,128.486757,35.794757,2020-09-01
1570011500,미래로교회,101,1,128.490434,35.797625,2020-09-01
1570011600,대구명곡우체국앞사거리,101,1,128.496644,35.797809,2020-09-01
1570011601,명곡리144,101,0,128.496292,35.798621,2020-09-01
1570011602,명곡리145,101,1,128.497857,35.798149,2020-09-01
1570011700,고은유치원,101,0,128.495812,35.799703,2020-09-01
1570011800,서재초등교차로,101,0,128.497057,35.871909,2020-09-01
1570011801,서재리924-7,101,0,128.486997,35.873892,2020-09-01
1570011802,서재리115-1,101,0,128.497221,35.872851,2020-09-01
1570011900,화진금봉아파트교차로,101,1,128.497372,35.873715,2020-09-01
1570011901,서재리97-2,101,0,128.497165,35.874736,2020-09-01
1570011902,서재리146-4,101,0,128.500653,35.873921,2020-09-01
1570011903,서재중학교,101,0,128.500029,35.873881,2020-09-01
1570011904,서재리146-7,101,0,128.501252,35.873958,2020-09-01
1570012000,서재보성아파트교차로,101,0,128.496946,35.875819,2020-09-01
1570012001,서재리573-1,101,0,128.496683,35.876895,2020-09-01
1570012002,서재리67,101,0,128.496784,35.878462,2020-09-01
1570012100,속성변화점,103,0,128.501434,35.875921,2020-09-01
1570012200,행복한어린이집,101,0,128.498917,35.876008,2020-09-01
1570012300,이천리648-2,101,0,128.459821,35.880318,2020-09-01
1570012301,하빈면사무소삼거리,101,0,128.44486,35.901396,2020-09-01
1570012302,현내리238,101,0,128.444565,35.906974,2020-09-01
1570012303,현내리17-3,101,0,128.449107,35.913466,2020-09-01
1570012304,현내리135,101,0,128.44723,35.911116,2020-09-01
1570012305,대평리319-1,101,0,128.465689,35.93355,2020-09-01
1570012306,대평리319-1,101,0,128.465845,35.933734,2020-09-01
1570012307,무등리1122-1,101,0,128.451266,35.914373,2020-09-01
1570012400,해랑교동측,101,0,128.503027,35.885083,2020-09-01
1570012500,달성군-칠곡군,101,0,128.468031,35.937301,2020-09-01
3610558200,군위읍 수서리 산25-1,101,0,128.564185,37.083512,2025-01-15
1570012600,현풍JC,106,0,128.435652,35.668065,2020-09-01
1570012700,현풍TG,104,0,128.439728,35.671069,2020-09-01
1570012800,현풍IC,106,1,128.438307,35.673561,2020-09-01
1570012900,현풍JC,106,1,128.432262,35.679783,2020-09-01
1570013000,현풍IC,106,1,128.438194,35.667529,2020-09-01
1570013100,현풍IC,106,1,128.43981,35.667985,2020-09-01
1570013200,현풍IC,106,0,128.442422,35.669008,2020-09-01
1570013201,신기리67-2,101,1,128.443818,35.670067,2020-09-01
1570013300,현풍IC교차로,106,1,128.440304,35.669343,2020-09-01
1570013400,청정사,101,0,128.447985,35.675045,2020-09-01
1570013500,성하리154-23,101,1,128.436729,35.708222,2020-09-01
1570013501,남리717-3,101,1,128.45331,35.722293,2020-09-01
1570013600,유가사종점,102,0,128.501166,35.713775,2020-09-01
1570013700,대동공업,101,1,128.456403,35.725832,2020-09-01
1570013701,북리1-20,101,0,128.461202,35.729495,2020-09-01
1570013702,북리1-12,101,1,128.45466,35.728256,2020-09-01
1570013800,달성산업단지관리공단,101,1,128.453541,35.729803,2020-09-01
1570013801,북리1-154,101,1,128.459144,35.732446,2020-09-01
1570013900,달성산업단지건너,101,1,128.464121,35.730414,2020-09-01
3600006100,중방네거리,101,1,128.735694,35.830167,2020-09-01
3600006101,중방동226-1,101,1,128.735166,35.832117,2020-09-01
3600006102,중방동871,101,0,128.73761,35.830116,2020-09-01
1510014800,속성변화점,103,0,128.681035,35.871291,2020-09-01
1510014900,동대구IC,106,0,128.683678,35.866331,2020-09-01
1510015000,동대구IC,106,0,128.686594,35.862643,2020-09-01
1510015100,금강사,102,0,128.736329,35.859188,2020-09-01
1510015101,금강동575-1,101,1,128.734623,35.864303,2020-09-01
1510015200,영조아름다운나날입구,101,1,128.727141,35.864795,2020-09-01
1510015201,동호동379-3,101,0,128.722018,35.864739,2020-09-01
1510015202,동호동379-6,101,0,128.722159,35.864496,2020-09-01
1510015203,동호동701-13,101,0,128.725623,35.864444,2020-09-01
1510015204,동호동705,101,0,128.723948,35.864457,2020-09-01
1510015205,동호동702-2,101,0,128.724398,35.864452,2020-09-01
1510015300,신생원앞,101,0,128.733447,35.864837,2020-09-01
1510015400,동호지구D,101,0,128.721905,35.86495,2020-09-01
1510015401,동호동384-4,101,0,128.723821,35.865654,2020-09-01
1510015500,동호주유소,101,1,128.722691,35.867485,2020-09-01
1510015600,각산역앞,101,1,128.725037,35.86834,2020-09-01
1510015601,신서동626-54,101,0,128.725037,35.869452,2020-09-01
1510015700,제일방사선의원,102,0,128.625922,35.868909,2020-09-01
1510015800,E마트반야월점입구,101,1,128.726849,35.868931,2020-09-01
1510015801,신서동713-3,101,0,128.726846,35.869443,2020-09-01
1510015900,신천3동파출소,101,1,128.620012,35.869415,2020-09-01
1510015901,신천동741,101,0,128.621037,35.869653,2020-09-01
1510015902,신천동741,101,0,128.621232,35.870591,2020-09-01
1510016000,종합건설본부교차로,101,1,128.623347,35.869416,2020-09-01
1510016100,SK주유소대신,101,1,128.729013,35.869649,2020-09-01
1510016101,신서동546,101,1,128.730845,35.870266,2020-09-01
1510016200,태인인티,102,0,128.722787,35.869968,2020-09-01
1510016300,신서네거리,101,0,128.729089,35.871807,2020-09-01
1510016400,E마트반야월점앞,101,0,128.726854,35.871851,2020-09-01
1510016500,롯데캐슬레전드,101,0,128.72504,35.871878,2020-09-01
1510016600,저탄장입구,101,0,128.70055,35.873222,2020-09-01
1510016601,율하동841-41,101,1,128.697675,35.873478,2020-09-01
1510016700,현대은하맨션,101,1,128.673792,35.875686,2020-09-01
1510016701,방촌동1084-272,101,0,128.66579,35.877213,2020-09-01
1510016702,방촌동1084-272,101,0,128.671664,35.876111,2020-09-01
1510016703,방촌동1084-272,101,1,128.668608,35.876721,2020-09-01
1510016800,동촌유원지입구,101,0,128.657287,35.875964,2020-09-01
1510016801,효목동1065,101,0,128.65143,35.880686,2020-09-01
1510016900,망우공원앞,101,0,128.654473,35.876291,2020-09-01
1510017000,용계삼거리,101,1,128.681428,35.8763,2020-09-01
1510017001,용계동1026-1,101,1,128.679933,35.87674,2020-09-01
1510017100,동신초등,101,0,128.616507,35.876598,2020-09-01
1510017200,용호네거리,101,1,128.67475,35.878323,2020-09-01
1510017201,방촌동907-11,101,1,128.662774,35.882729,2020-09-01
1510017202,방촌시장교차로,101,1,128.665096,35.881661,2020-09-01
1510017203,방촌동1139-1,101,1,128.666597,35.880992,2020-09-01
1510017204,방촌역(대구1호선),101,1,128.669167,35.879981,2020-09-01
1510017205,방촌동1139-1,101,1,128.668828,35.880079,2020-09-01
1510017300,유성청자아파트,101,0,128.649007,35.879121,2020-09-01
1510017301,효목1동행정복지센터,101,0,128.644978,35.882287,2020-09-01
1510017400,뉴대구아파트앞,101,1,128.625295,35.879904,2020-09-01
1510017500,동대구JC,106,0,128.687163,35.890414,2020-09-01
1510017600,팔공산IC앞,106,0,128.640239,35.906621,2020-09-01
1510017700,도동청구맨션아파트,101,0,128.64929,35.909378,2020-09-01
1510017800,팔공산TG,104,0,128.653276,35.909477,2020-09-01
1510017900,불로교네거리,101,1,128.640975,35.909928,2020-09-01
1510017901,불로동384-1,101,1,128.641023,35.912941,2020-09-01
1510018100,도동JC,106,0,128.667879,35.910378,2020-09-01
1510018200,불로시민체육공원앞,102,0,128.637381,35.9104,2020-09-01
1510018300,도동JC,106,0,128.656488,35.911307,2020-09-01
1510018400,도동JC,106,1,128.660414,35.911891,2020-09-01
1510018500,도동2육교,106,0,128.663876,35.912357,2020-09-01
1510018600,도동JC,106,1,128.663375,35.91305,2020-09-01
1510018700,도동JC,106,1,128.656257,35.914459,2020-09-01
1510018900,영신초등교입구,101,0,128.641256,35.921508,2020-09-01
1510019000,동구지묘동산58-3,101,1,128.640969,35.937211,2020-09-01
1510019001,지묘동360,101,1,128.638446,35.93933,2020-09-01
1510019002,지묘동337-1,101,0,128.640515,35.938703,2020-09-01
1510019003,지묘동365-1,101,1,128.639095,35.938223,2020-09-01
1510019100,속성변화점,103,0,128.640428,35.938948,2020-09-01
1510019101,지묘동333,101,0,128.639781,35.940372,2020-09-01
1510019200,파계교,101,1,128.637831,35.941524,2020-09-01
1510019300,대구공상우체국,101,0,128.68659,35.954777,2020-09-01
1510019400,공산초등교,101,0,128.69179,35.955868,2020-09-01
1510019401,백안동362-4,101,0,128.696824,35.962205,2020-09-01
1510019402,도학동648-14,101,0,128.697639,35.963912,2020-09-01
1510019500,속성변화점,103,0,128.633673,35.978896,2020-09-01
1510019600,중리마을입구,101,0,128.632441,35.97918,2020-09-01
1510019700,공산파출소,101,0,128.634278,35.980115,2020-09-01
1510019800,천주교기도원입구,101,0,128.635869,35.982062,2020-09-01
1510019900,속성변화점,103,0,128.63755,35.985502,2020-09-01
1510020000,한걸고정마을입구,101,0,128.635965,35.988396,2020-09-01
1510047900,가좌삼거리,101,0,128.621234,35.986806,2020-09-01
1510048000,가좌삼거리,101,0,128.630648,35.977087,2020-09-01
1510101800,대구축산농협축산물프라자,101,1,128.678364,35.875118,2020-09-01
1510101900,율하고가교남측,104,0,128.689441,35.865216,2020-09-01
1510101901,율하동267-5,101,1,128.691697,35.868639,2020-09-01
1510102000,율하역교차로,101,1,128.6926,35.869911,2020-09-01
1510102001,용계동878-1,101,1,128.690946,35.871429,2020-09-01
1510102002,율하동840-26,101,0,128.691792,35.870634,2020-09-01
1510102003,율하동41,101,0,128.693811,35.871088,2020-09-01
1510102100,율하고가교북측,104,0,128.6956,35.872651,2020-09-01
1510102200,안심고가교,104,0,128.699141,35.875175,2020-09-01
1510102300,율하빗물펌프장,101,1,128.700431,35.859568,2020-09-01
1510102400,속성변화점,103,0,128.702601,35.880269,2020-09-01
1510102500,안심고가교,104,0,128.702969,35.883214,2020-09-01
1510102600,유바이오메드,101,0,128.704898,35.887668,2020-09-01
1510102601,상매동530,101,0,128.702772,35.891902,2020-09-01
3610342100,부계면 창평리 639-5,101,0,128.694658,36.995184,2025-01-15
1510102602,상매동506,101,0,128.705994,35.889225,2020-09-01
1510102603,상매동505-11,101,0,128.705174,35.888072,2020-09-01
1510102604,상매동522-1,101,0,128.703631,35.888241,2020-09-01
1510102700,라파바이오,101,0,128.706902,35.891417,2020-09-01
1510102701,상매동531,101,0,128.70419,35.891902,2020-09-01
1510102800,대구그린파워,101,1,128.706725,35.88107,2020-09-01
1510102801,율암동1136,101,0,128.70103,35.883675,2020-09-01
1510102802,율암동1147-4,101,0,128.704107,35.887038,2020-09-01
1510102900,율하천5교,101,0,128.707168,35.886633,2020-09-01
1510103000,율하천6교,101,0,128.708266,35.891104,2020-09-01
1510103100,덴티스,101,0,128.708752,35.881345,2020-09-01
1510103200,한신메디타워,101,1,128.714021,35.877473,2020-09-01
1510103201,각산동1176,101,1,128.714066,35.878071,2020-09-01
1510103202,각산동1107,101,1,128.709501,35.878202,2020-09-01
1510103300,라온프라자,101,1,128.714185,35.878858,2020-09-01
1510103301,각산동1157,101,0,128.712675,35.878982,2020-09-01
1510103302,각산동1157,101,1,128.711376,35.878829,2020-09-01
1510103400,동호동209-19,101,0,128.714254,35.864163,2020-09-01
1510103600,안심빌딩,101,0,128.716177,35.878652,2020-09-01
1540129100,산격동14-116,101,0,128.608158,35.910663,2020-09-01
1540129200,산격동14-148,102,0,128.607471,35.910813,2020-09-01
1540129300,검단동887-81,101,0,128.615408,35.913954,2020-09-01
1550002200,SK브로드밴드대구수성,101,0,128.701768,35.841645,2020-09-01
1550002400,고산중앙교회,101,1,128.699183,35.842243,2020-09-01
1550002401,매호동1340-2,101,0,128.699576,35.843335,2020-09-01
1550002402,시지동462-1,101,0,128.696591,35.842803,2020-09-01
1550002403,매호동1333,101,0,128.699702,35.843684,2020-09-01
1550002500,고산역4번출구,101,0,128.694109,35.842946,2020-09-01
1550002501,고산네거리,101,1,128.692246,35.84294,2020-09-01
1550002502,시지동147-3,101,0,128.694106,35.844874,2020-09-01
1550002600,연호네거리,101,1,128.672685,35.846093,2020-09-01
1550002601,연호고가차도,104,0,128.670716,35.842627,2020-09-01
1550002602,방공포병학교교차로,101,1,128.669688,35.84772,2020-09-01
1550002900,담티교,104,0,128.666541,35.850114,2020-09-01
1550003000,담티교,104,1,128.665283,35.850854,2020-09-01
1550003100,삼성캐슬,101,1,128.659397,35.853068,2020-09-01
1550003200,운동기구할인마트,101,0,128.658511,35.853208,2020-09-01
1550003201,거송철물건재천막,101,1,128.657716,35.853354,2020-09-01
1550003300,담티역4번출구,101,1,128.654528,35.854561,2020-09-01
1550003400,담티역1번출구,101,1,128.653396,35.855085,2020-09-01
1550003500,연호고가차도,104,0,128.676597,35.849846,2020-09-01
1550003600,수성대학교앞교차로,101,1,128.650632,35.85659,2020-09-01
1550003601,만촌동889,101,0,128.649353,35.857292,2020-09-01
1550003700,수성구청역교차로,101,1,128.635763,35.858842,2020-09-01
1550003701,다빈치커피범어로데오점,101,0,128.638211,35.858857,2020-09-01
1550003702,범어동835,101,0,128.627829,35.858999,2020-09-01
1550003703,수성구청,101,0,128.630007,35.858823,2020-09-01
1550003704,범어동835,101,0,128.634065,35.858836,2020-09-01
1550003800,남부빌딩,101,1,128.640415,35.858885,2020-09-01
1550003900,만촌네거리,101,1,128.646023,35.858922,2020-09-01
1550003901,만촌2동행정복지센터,101,0,128.646854,35.859929,2020-09-01
1550004000,범어역1번출구,101,0,128.623972,35.859288,2020-09-01
1550004001,범어네거리,101,1,128.626257,35.859123,2020-09-01
1550004002,범어동834,101,0,128.626907,35.863815,2020-09-01
1550004003,범어동834,101,0,128.626647,35.861069,2020-09-01
1550004004,범어동834,101,0,128.62671,35.861397,2020-09-01
1550004005,범어동834,101,0,128.626572,35.860685,2020-09-01
1550004006,범어동832,101,0,128.623981,35.861444,2020-09-01
1550004100,KEB하나은행범어동지점,101,1,128.622453,35.859396,2020-09-01
1550004101,수성동4가1030,101,0,128.619951,35.863387,2020-09-01
1550004102,수성동4가1030,101,0,128.619471,35.863614,2020-09-01
1550004103,수성동4가1030,101,0,128.620891,35.863006,2020-09-01
1550004104,범어동877,101,1,128.622568,35.861454,2020-09-01
1550004200,수성세무서,101,0,128.620874,35.859507,2020-09-01
1550004201,수성동4가1085-32,101,0,128.61919,35.859596,2020-09-01
1550004300,수성네거리,101,1,128.617613,35.85966,2020-09-01
1550004301,수성동4가1031,101,1,128.617749,35.861018,2020-09-01
1550004302,수성네거리,101,1,128.61766,35.860135,2020-09-01
1550004303,수성동4가1085-32,101,0,128.616354,35.859711,2020-09-01
1550004304,수성동4가1085-32,101,0,128.615267,35.859754,2020-09-01
1550004400,대구은행네거리,101,1,128.614113,35.859797,2020-09-01
1550004401,수성동4가1090-6,101,0,128.615083,35.863776,2020-09-01
1550004402,수성동4가1067-4,101,0,128.614483,35.863752,2020-09-01
1550004403,수성동4가1090-12,101,1,128.614275,35.861415,2020-09-01
1550004404,대구은행네거리,101,1,128.61416,35.860268,2020-09-01
1550004500,수성교교차로,101,1,128.609482,35.861101,2020-09-01
1550004600,수성교,104,0,128.609054,35.861362,2020-09-01
1550004700,덕곡차도터널,101,0,128.647768,35.861369,2020-09-01
1550004800,무열대삼거리,101,1,128.648828,35.870042,2020-09-01
1550004900,꿈친베이커리카페,101,0,128.647983,35.871986,2020-09-01
1550004901,만촌동1310-2,101,1,128.647441,35.872945,2020-09-01
1550005000,덮밥집,102,0,128.707218,35.808552,2020-09-01
1550005100,연산통상,101,1,128.649295,35.815008,2020-09-01
1550005101,용지네거리,101,1,128.644917,35.817531,2020-09-01
1550005102,범물동790-5,101,0,128.645247,35.816677,2020-09-01
1550005103,범물동838,101,0,128.647696,35.815544,2020-09-01
1550005200,용지네거리,101,1,128.644746,35.818027,2020-09-01
1550005300,하라커피,101,0,128.634699,35.820482,2020-09-01
1550005400,범물네거리,101,1,128.639553,35.821189,2020-09-01
1550005401,지산동1297-2,101,0,128.6429,35.82373,2020-09-01
1550005402,지산동1297-2,101,0,128.641771,35.82283,2020-09-01
1550005403,동아백화점,101,1,128.64058,35.821915,2020-09-01
1550005404,범물네거리,101,1,128.640133,35.821599,2020-09-01
1550005500,수성로교회,101,1,128.631643,35.821438,2020-09-01
1550005501,두산동746-3,101,0,128.625048,35.823486,2020-09-01
1550005502,지산동1183-4,101,0,128.626164,35.823146,2020-09-01
1550005600,범물네거리서편교차로,101,1,128.636093,35.823488,2020-09-01
1550005601,지산1동행정복지센터,101,0,128.636679,35.824797,2020-09-01
1550005700,두산동747,101,0,128.624009,35.823888,2020-09-01
1550005701,두산동834,101,0,128.622188,35.824932,2020-09-01
1550005800,지산네거리,101,0,128.633077,35.824627,2020-09-01
1550005801,지산동1260-12,101,0,128.633613,35.825803,2020-09-01
1550005900,지산네거리,101,0,128.63265,35.824782,2020-09-01
1550006000,용두교,101,0,128.608398,35.825033,2020-09-01
1550006100,용두교,104,0,128.608557,35.825052,2020-09-01
1550006200,용두교,104,0,128.609627,35.825181,2020-09-01
1550006300,용두교사거리,101,0,128.609184,35.825191,2020-09-01
1550006400,범물119안전센터,101,1,128.64345,35.825237,2020-09-01
1550006401,대구지봉초등학교,101,0,128.641548,35.825586,2020-09-01
1550006500,스타벅스수성레이크점,101,0,128.621264,35.825464,2020-09-01
1550006501,두산동650,101,0,128.621916,35.827523,2020-09-01
1550006600,성덕교회,101,0,128.636676,35.826301,2020-09-01
1550006700,S-Oil한결셀프,101,0,128.625789,35.826712,2020-09-01
1550006701,두산동618,101,0,128.624729,35.827862,2020-09-01
1550006800,무학네거리,101,1,128.644048,35.827399,2020-09-01
1550006801,황금동254-1,101,1,128.64011,35.838524,2020-09-01
1550006900,전복마을,101,0,128.626272,35.827478,2020-09-01
1550007000,동아메디병원장례식장,101,0,128.633964,35.827766,2020-09-01
3610634200,의흥면 이지리 237-11,101,0,128.728978,37.070958,2025-01-15
1550007001,지산동산86-3,101,0,128.633917,35.828201,2020-09-01
1550007100,노빈교,101,0,128.709099,35.828525,2020-09-01
1550007101,신매동167-1,101,0,128.712567,35.836123,2020-09-01
1550007102,신매동88-2,101,0,128.711476,35.8343,2020-09-01
1550007103,욱수동694,101,0,128.710863,35.832229,2020-09-01
1550007104,욱수동24-1,101,0,128.710729,35.831683,2020-09-01
1550007105,욱수동128-8,101,0,128.707637,35.829125,2020-09-01
1550007200,상동네거리,101,1,128.610661,35.829308,2020-09-01
1550007201,상동659,101,1,128.611298,35.833015,2020-09-01
1550007300,들안길삼거리,101,1,128.616795,35.82977,2020-09-01
1550007400,두산오거리,101,0,128.623788,35.830175,2020-09-01
1550007401,수성아트피아교차로,101,1,128.627181,35.830442,2020-09-01
1550007500,두산오거리,101,1,128.623063,35.83021,2020-09-01
1550007600,녹원카페엘모,101,1,128.629302,35.830217,2020-09-01
1550007700,글로벌서적문구,101,0,128.706874,35.830695,2020-09-01
1550007701,신매동607-11,101,1,128.704682,35.831241,2020-09-01
1550007702,신매동606-19,101,0,128.705168,35.83112,2020-09-01
1550007703,신매동603-2,101,1,128.706386,35.830817,2020-09-01
1550007704,대구욱수초등학교,101,0,128.707174,35.831664,2020-09-01
1570143200,호반베르디움,101,0,128.466757,35.693606,2020-09-01
1570143300,과학관사거리,101,0,128.466795,35.68928,2020-09-01
1570143301,유가초등학교,101,0,128.466758,35.691761,2020-09-01
1570143400,쌍계오거리,101,1,128.467796,35.700808,2020-09-01
1540129400,검단동838-74,101,0,128.615958,35.913163,2020-09-01
1540129500,검단동887-163,102,0,128.616739,35.912115,2020-09-01
1540129600,검단동838-74,101,0,128.616808,35.914612,2020-09-01
1540129700,검단동838-74,101,0,128.61737,35.913813,2020-09-01
1540129800,검단동838-74,101,0,128.617108,35.914179,2020-09-01
1540129900,검단동838-74,101,0,128.61772,35.913313,2020-09-01
1540130000,검단동838-74,101,0,128.618307,35.912496,2020-09-01
1540130100,검단동838-74,101,0,128.618582,35.912179,2020-09-01
1540130200,검단동838-74,101,0,128.618945,35.911754,2020-09-01
1540130300,검단동838-50,101,0,128.619382,35.911105,2020-09-01
1540130400,검단동777-57,101,0,128.624707,35.911513,2020-09-01
1540130500,검단동777-35,101,0,128.624257,35.912138,2020-09-01
1540130600,검단동777-94,101,0,128.624057,35.912446,2020-09-01
1540130700,산격동1641,101,0,128.608633,35.90423,2020-09-01
1540130800,검단동376-5,102,0,128.61537,35.916129,2020-09-01
1540130900,산격동500-1,102,0,128.610821,35.900064,2020-09-01
1540131000,서변동1758,101,0,128.594909,35.918654,2020-09-01
1540131100,서변동1760,101,0,128.595172,35.918304,2020-09-01
1540131200,서변동1762,101,0,128.595459,35.917945,2020-09-01
1540131300,서변동1760-6,101,0,128.596047,35.918295,2020-09-01
1540131400,서변동산31,102,0,128.597855,35.914108,2020-09-01
1540131500,서변동1255,101,0,128.598033,35.914593,2020-09-01
1540131600,서변동1253,101,0,128.597943,35.915306,2020-09-01
1540131700,대구서변초등학교,101,0,128.595072,35.920012,2020-09-01
1540131800,대구서변초등학교,101,0,128.595572,35.92002,2020-09-01
1540131900,서변동1750-10,101,0,128.596022,35.920028,2020-09-01
1540132000,서변동1771,101,0,128.598447,35.920628,2020-09-01
1540132100,서변동1771,101,0,128.598447,35.91947,2020-09-01
1540132200,서변동1733-11,101,0,128.595122,35.924436,2020-09-01
1540132300,속성변화점,103,0,128.598784,35.919662,2020-09-01
1540132400,동변동684-12,101,0,128.604971,35.920662,2020-09-01
1540132500,대구동변초등학교,101,0,128.605021,35.919962,2020-09-01
1540132600,대구동변초등학교,101,0,128.604571,35.919953,2020-09-01
1540132700,대구동변초등학교,102,0,128.604121,35.919937,2020-09-01
1540132800,동변동684-15,101,0,128.604521,35.920812,2020-09-01
1540132900,동변동669-1,101,0,128.602609,35.920762,2020-09-01
1540133000,동변동677,101,0,128.602159,35.920745,2020-09-01
1540133100,동변동672-8,101,0,128.602646,35.919895,2020-09-01
1540133200,동변동673-8,102,0,128.603109,35.919895,2020-09-01
1540133300,동변동666-8,101,0,128.602184,35.91987,2020-09-01
1540133400,동변동662-5,101,0,128.601696,35.92072,2020-09-01
1540133500,동변동665-8,101,0,128.601734,35.919862,2020-09-01
1540133600,서변동1735,101,0,128.595684,35.924411,2020-09-01
1540133700,속성변화점,103,0,128.605584,35.919978,2020-09-01
1540133800,속성변화점,103,0,128.600596,35.922053,2020-09-01
1540133900,서변동974-1,101,0,128.595872,35.92257,2020-09-01
1540134000,서변동954,101,0,128.596034,35.922995,2020-09-01
1540134100,서변동1721,101,0,128.596172,35.923345,2020-09-01
1540134200,서변동1736-8,101,0,128.596197,35.924411,2020-09-01
1540134300,서변동1734-5,101,0,128.596234,35.925253,2020-09-01
1540134400,서변중학교,101,0,128.596272,35.925628,2020-09-01
1540134500,서변중학교,101,0,128.596309,35.926653,2020-09-01
1540134600,서변동1725,101,0,128.596359,35.927469,2020-09-01
1540134700,서변동1731,101,0,128.596347,35.927053,2020-09-01
1540134800,서변중학교,101,0,128.595459,35.927078,2020-09-01
1540134900,서변중학교,101,0,128.595122,35.926703,2020-09-01
1540135000,서변동1705,101,0,128.594897,35.925661,2020-09-01
1540135100,서변동1734-2,101,0,128.595772,35.925269,2020-09-01
1540135200,서변동1733-19,101,0,128.595322,35.925286,2020-09-01
1540135300,서변중학교,101,0,128.595397,35.925644,2020-09-01
1540135400,서변동1771,101,0,128.598447,35.923953,2020-09-01
1540135500,서변동1771,101,0,128.598447,35.923003,2020-09-01
1540135600,서변동1771,101,0,128.598434,35.922561,2020-09-01
1540135700,서변동1771,101,0,128.598447,35.921545,2020-09-01
1540135800,속성변화점,103,0,128.598834,35.921545,2020-09-01
1540135900,속성변화점,103,0,128.598809,35.923011,2020-09-01
1540136000,연경동988,102,0,128.615671,35.940677,2020-09-01
1540136100,연경동1005,102,0,128.619795,35.944651,2020-09-01
1540136200,연경동1005-3,101,0,128.620307,35.944667,2020-09-01
1540136300,연경동1011,101,0,128.620769,35.944701,2020-09-01
1540136400,연경동1011-2,101,0,128.621182,35.944759,2020-09-01
1540136500,연경동1016,102,0,128.621519,35.944809,2020-09-01
1540136600,연경동1001-4,101,0,128.620757,35.944917,2020-09-01
1540136700,북구-동구,105,0,128.6238,35.946182,2020-09-01
1540136800,연경동1010,101,0,128.620732,35.944193,2020-09-01
1540136900,연경동997,101,0,128.620557,35.943851,2020-09-01
1540137000,연경동1034-10,101,0,128.619907,35.943434,2020-09-01
1540137100,연경동1026,101,0,128.618725,35.94343,2020-09-01
1540137200,연경동1026,101,0,128.618807,35.944059,2020-09-01
1540137300,연경동997,101,0,128.619795,35.944201,2020-09-01
1540137400,연경동997,101,0,128.620132,35.944043,2020-09-01
1540137500,연경동1026,101,0,128.61877,35.943718,2020-09-01
1540137600,연경동1026,101,0,128.618845,35.944334,2020-09-01
1540137700,연경동997,101,0,128.619407,35.944426,2020-09-01
1540137800,연경동1038,101,0,128.618682,35.943026,2020-09-01
1540137900,연경동1040-5,101,0,128.619682,35.943034,2020-09-01
1540138000,속성변화점,103,0,128.618995,35.944659,2020-09-01
1540138100,속성변화점,103,0,128.618645,35.942668,2020-09-01
1540138200,연경동252,102,0,128.61412,35.956974,2020-09-01
1540138300,침산동1663-237,101,0,128.587948,35.894056,2020-09-01
1540138400,검단동8-1,102,0,128.624557,35.908697,2020-09-01
1540138500,북구-칠곡군,105,0,128.505266,35.894625,2020-09-01
1550000100,관계삼거리,101,1,128.649464,35.818932,2020-09-01
1550000101,관계삼거리,101,1,128.648645,35.819382,2020-09-01
1550000200,수성못오거리,101,1,128.609834,35.825206,2020-09-01
1550000201,대구은행파동지점,101,1,128.609101,35.826141,2020-09-01
3610374600,군위읍 동부리 942-3,101,0,128.58664,37.140877,2025-01-15
1560020100,리틀하늘별어린이집,101,1,128.530613,35.852157,2020-09-01
1560020101,용산동230-5,101,1,128.530613,35.852561,2020-09-01
1560020200,가야유치원,101,1,128.515586,35.852442,2020-09-01
1560020201,이곡동1255,101,1,128.510585,35.852731,2020-09-01
1560020300,최강달인족발보쌈,101,0,128.548881,35.852472,2020-09-01
1560020400,서촌교회,101,0,128.521495,35.853333,2020-09-01
1560020401,용산동628-1,101,0,128.522671,35.855646,2020-09-01
1560020402,용산동587,101,0,128.523015,35.856576,2020-09-01
1560020403,용산동602-1,101,0,128.52319,35.857034,2020-09-01
1560020404,용산2동행정복지센터,101,0,128.52366,35.858262,2020-09-01
1560020500,난나유치원,101,0,128.499784,35.853585,2020-09-01
1560020600,남부교회,101,0,128.492071,35.853684,2020-09-01
1560020700,용산미르젠아파트,101,0,128.524513,35.853992,2020-09-01
1560020800,대구장산초등학교병설유치원,101,1,128.525859,35.854024,2020-09-01
1560020801,성서중학교,101,0,128.525739,35.855824,2020-09-01
1560020900,단비어린이집,101,1,128.52845,35.854057,2020-09-01
1560021000,성서우체국네거리,101,0,128.507227,35.854095,2020-09-01
1560021001,성서우체국네거리,101,0,128.506356,35.85411,2020-09-01
1560021002,성서우체국네거리,101,1,128.508179,35.854094,2020-09-01
1560021100,거상물산,101,1,128.530613,35.854107,2020-09-01
1560021101,용산동972,101,1,128.530524,35.855626,2020-09-01
1560021200,파스쿠찌성서이곡점,101,0,128.504945,35.854134,2020-09-01
1560021201,이곡동1195,101,0,128.502243,35.854183,2020-09-01
1560021202,이곡동1202-14,101,0,128.503944,35.854152,2020-09-01
1560021203,농협이곡동지점앞삼거리,101,0,128.504956,35.854752,2020-09-01
1560021204,이곡동1195,101,0,128.502222,35.854803,2020-09-01
1560021300,행복한교회,101,1,128.521075,35.855157,2020-09-01
1560021400,누리코FA,101,1,128.515412,35.855259,2020-09-01
1560021500,국민연금네거리,101,1,128.507265,35.855402,2020-09-01
1560021501,이곡동1226,101,0,128.507304,35.856382,2020-09-01
1560021600,농협이곡동지점앞교차로,101,0,128.504967,35.855427,2020-09-01
1560021700,둥지교회,101,1,128.502247,35.855463,2020-09-01
1560021800,오만커피,101,1,128.499849,35.855494,2020-09-01
1560021900,엔제리너스대구계명대,101,1,128.492153,35.855638,2020-09-01
1560022000,성서농협용산지점,101,1,128.521088,35.857098,2020-09-01
1560022001,용산동420,101,1,128.521106,35.858018,2020-09-01
1560022002,용산동420,101,1,128.521112,35.858318,2020-09-01
1560022100,성서도서관,101,0,128.515453,35.857179,2020-09-01
1560027101,본리동1152,101,1,128.539489,35.840677,2020-09-01
1560027200,일신교회,101,1,128.530749,35.841987,2020-09-01
1560027300,용호섬유,101,1,128.481243,35.844473,2020-09-01
1560027400,남부초등교앞,102,0,128.549495,35.845185,2020-09-01
1560027500,성당천구교회,101,1,128.552003,35.845388,2020-09-01
1560027600,장기파랑새마을건너,101,0,128.527796,35.846669,2020-09-01
1560027700,장기초록나라105동앞,101,0,128.530602,35.84669,2020-09-01
1560027800,한성LPG,101,1,128.537319,35.84713,2020-09-01
1560027900,대구전자공업고등학교,101,1,128.530596,35.848249,2020-09-01
1560028000,달서구호산동357-79,101,0,128.48121,35.848452,2020-09-01
1560028001,호산동392,101,0,128.485769,35.849795,2020-09-01
1560028002,호산동357-108,101,0,128.485773,35.848306,2020-09-01
1560028003,호산동357-80,101,1,128.485019,35.84834,2020-09-01
1560028100,감삼초등학교네거리,101,1,128.546882,35.849636,2020-09-01
1560028200,두류정수장남편,101,0,128.553066,35.850545,2020-09-01
1560028201,두류동597-4,101,1,128.556536,35.853147,2020-09-01
1560028300,성서경찰서교차로,101,0,128.509692,35.851427,2020-09-01
1560028400,신당초등학교앞교차로,101,0,128.495553,35.851572,2020-09-01
1560028500,성서E마트삼거리,101,0,128.509719,35.852732,2020-09-01
1560028600,신당중교앞,101,0,128.49554,35.853669,2020-09-01
1560028700,성서주동아파트610동앞,101,0,128.520948,35.853775,2020-09-01
1560028800,영남우방타운1차상가입구,101,1,128.515374,35.853842,2020-09-01
1560028900,서한화성타운1차101동앞,101,1,128.52879,35.854047,2020-09-01
1560029000,성서경찰서,101,0,128.509735,35.854082,2020-09-01
1560029001,성서경찰서교차로,101,0,128.509752,35.854684,2020-09-01
1560029002,이곡동1301-1,101,0,128.512706,35.854624,2020-09-01
1560029003,성서경찰서교차로,101,1,128.510631,35.85408,2020-09-01
1560029100,아리랑호텔,101,1,128.559553,35.855088,2020-09-01
1560029200,대구지방조달청,101,1,128.51271,35.855296,2020-09-01
1560029201,이곡동1304-1,101,1,128.510092,35.855371,2020-09-01
1560029300,성서우방동편,101,0,128.509761,35.855375,2020-09-01
1560029400,성서주공네거리,101,0,128.49557,35.855608,2020-09-01
1560029500,성서중교앞,101,0,128.525726,35.85601,2020-09-01
1560029501,용산동970,101,0,128.528891,35.85763,2020-09-01
1560029502,용산동970,101,1,128.530161,35.857623,2020-09-01
1560029503,용산동970,101,0,128.52572,35.857638,2020-09-01
1560029600,용산공원,101,0,128.528788,35.856016,2020-09-01
1560029700,용산초등교입구,101,0,128.530513,35.856037,2020-09-01
1560029701,용산1동행정복지센터,101,1,128.530534,35.856404,2020-09-01
1560029800,두류공원앞,101,0,128.565722,35.857028,2020-09-01
1560029900,한전달서변전소,101,1,128.495837,35.859288,2020-09-01
1560030000,앞산터널시점,104,0,128.56257,35.80729,2020-09-01
1560083100,본리터널북측,104,0,128.518376,35.802149,2020-09-01
1560083200,수목원지하차도남측,104,0,128.519073,35.802582,2020-09-01
1560083300,수목원지하차도북측,104,0,128.520632,35.806007,2020-09-01
1560083301,대곡동1021,101,0,128.520618,35.806301,2020-09-01
1560097800,대천동758-17,101,1,128.505016,35.816964,2020-09-01
1560097900,대천동758-17,106,0,128.50636,35.816042,2020-09-01
1560098000,유천동286-2,101,1,128.507145,35.815479,2020-09-01
1560098001,유천동537-13,101,1,128.511585,35.816216,2020-09-01
1560098100,유천IC북측,106,0,128.51,35.819107,2020-09-01
1560098200,월암교,101,0,128.511997,35.825905,2020-09-01
1560098300,중소기업청네거리,101,1,128.513339,35.825007,2020-09-01
1560098301,중소기업청네거리,101,1,128.513816,35.825458,2020-09-01
1560113200,서재지하차도남측,104,0,128.491269,35.864659,2020-09-01
1560113600,신정동아이파크아파트,101,0,128.50235,35.824847,2020-09-01
1560113700,대천동599-5,101,0,128.502354,35.822699,2020-09-01
1560113900,제일규산소다앞,101,0,128.504398,35.820054,2020-09-01
1560114000,대천동597-5,101,0,128.504747,35.824831,2020-09-01
1560114100,대천동723,101,0,128.504757,35.82267,2020-09-01
1560114300,우주엔비텍앞,101,0,128.505754,35.817676,2020-09-01
1560114400,대천동737,101,1,128.506135,35.821729,2020-09-01
1560115000,대천동1007,101,1,128.508601,35.820424,2020-09-01
1560115001,중소기업청네거리,101,1,128.512758,35.824446,2020-09-01
1560115300,대천동1027,101,0,128.50986,35.819621,2020-09-01
1560115301,대천동1034-1,101,0,128.513993,35.823622,2020-09-01
1560115900,대천동1016,101,1,128.514557,35.824176,2020-09-01
1560115901,월암동1125-1,101,0,128.515031,35.824638,2020-09-01
1560116500,월암동1097-1,101,1,128.516453,35.827944,2020-09-01
1560116600,월암동1108,101,0,128.517553,35.827117,2020-09-01
1560116800,남대구TG,104,0,128.522349,35.831109,2020-09-01
1560116900,원더몰스파랜드앞,101,1,128.525121,35.82442,2020-09-01
1560117100,DGB대구은행대천로지점앞,101,0,128.528662,35.821658,2020-09-01
1560117101,월성동535-3,101,0,128.530622,35.822218,2020-09-01
1560117102,월성동1142-6,101,1,128.525829,35.823855,2020-09-01
1560117103,월성동1142-6,101,1,128.526418,35.823396,2020-09-01
1560117104,월성동1190-1,101,0,128.527529,35.822556,2020-09-01
1560117105,월성동802-1,101,0,128.525363,35.824216,2020-09-01
3610130601,달산리188-1,101,0,128.678008,37.050428,2025-01-15
1560117200,상원로128앞사거리,101,0,128.530269,35.820005,2020-09-01
1560117201,상인동134-10,101,0,128.532029,35.820514,2020-09-01
1560117202,대구월서초등학교,101,0,128.531045,35.821706,2020-09-01
1560117203,상인동119-29,101,0,128.531794,35.820799,2020-09-01
1560117300,진천동32-14,101,0,128.531914,35.818316,2020-09-01
1560117301,상인동150-16,101,0,128.533729,35.818915,2020-09-01
1560117400,상인동112-3,101,0,128.533171,35.820884,2020-09-01
1560117500,DGB대구은행은하점앞,101,0,128.534805,35.821428,2020-09-01
1560117600,대곡동1034,102,0,128.515643,35.809574,2020-09-01
1560117700,진천동775,102,0,128.51868,35.810499,2020-09-01
1560117800,호림동22,101,0,128.488107,35.836104,2020-09-01
1560117900,호림동22,101,0,128.488107,35.835604,2020-09-01
1560118000,구라2교(북측),101,0,128.492556,35.819181,2020-09-01
1560118100,구라리1356-2,102,0,128.495744,35.818622,2020-09-01
1560118200,대천동892,101,0,128.49047,35.832329,2020-09-01
1560118300,호림동22,101,0,128.490407,35.835604,2020-09-01
1560118400,모다아울렛,101,0,128.490407,35.836104,2020-09-01
1560118500,호림동22,101,0,128.488107,35.838454,2020-09-01
1560118600,호림동22,101,0,128.488107,35.839012,2020-09-01
1560118700,갈산동358-54,101,0,128.496706,35.839687,2020-09-01
1560118800,갈산동400-79,102,0,128.497956,35.840987,2020-09-01
1560118900,갈산동358,101,0,128.494394,35.840628,2020-09-01
1560119000,갈산동358-5,102,0,128.494382,35.842062,2020-09-01
1560119100,호산동386-8,101,1,128.486282,35.849794,2020-09-01
1560119200,호산동392,101,0,128.486557,35.849794,2020-09-01
1560119300,호산동392,101,0,128.487707,35.849794,2020-09-01
1560119400,호산동357-109,101,1,128.486282,35.848252,2020-09-01
1560119500,호산동392,101,0,128.48862,35.848194,2020-09-01
1560119600,호산동392,101,0,128.485782,35.850727,2020-09-01
1560119700,대구파호초등학교,101,0,128.482195,35.85071,2020-09-01
1560119800,대구파호초등학교,101,0,128.482645,35.85071,2020-09-01
1560119900,호산동391-1,101,0,128.483032,35.85071,2020-09-01
1560120000,호산동368-5,101,0,128.48342,35.850719,2020-09-01
1560120100,호산동367-6,101,0,128.483795,35.850727,2020-09-01
1560120200,호산동391-1,101,0,128.484182,35.850727,2020-09-01
1560120300,호산동365-7,101,0,128.48457,35.850719,2020-09-01
1560120400,호산동391-1,101,0,128.484957,35.850719,2020-09-01
1560120500,호산동361-7,101,0,128.485445,35.850727,2020-09-01
1560120600,호산동392,101,0,128.48302,35.850052,2020-09-01
1560120700,호산동375-2,101,0,128.48342,35.850052,2020-09-01
1570256300,세천리1686-1,101,0,128.470933,35.872391,2020-09-01
1570256400,세천리1685-6,102,0,128.471708,35.872775,2020-09-01
1570256500,세천리1739,101,0,128.477097,35.872017,2020-09-01
1570256600,세천리1739,102,0,128.477051,35.872301,2020-09-01
1570256700,세천리1739,101,0,128.477313,35.870448,2020-09-01
1570256800,세천리1739,102,0,128.477345,35.870108,2020-09-01
1570256900,세천리1695-5,101,0,128.476683,35.870375,2020-09-01
1570257000,세천리1695-2,101,0,128.476495,35.871983,2020-09-01
1570257100,세천리1636,101,0,128.47632,35.873666,2020-09-01
1570257200,세천리1634,101,0,128.47457,35.873375,2020-09-01
1570257300,세천리1695-2,101,0,128.476433,35.87245,2020-09-01
1570257400,세천리946,101,0,128.476095,35.876999,2020-09-01
1570257500,세천리127,101,0,128.47712,35.876616,2020-09-01
1570257600,세천리1575-1,101,0,128.477195,35.875866,2020-09-01
1570257700,세천리1575-9,101,0,128.47712,35.875224,2020-09-01
1570257800,세천리1581-7,101,0,128.477095,35.874808,2020-09-01
1570257900,세천리1631,101,0,128.476358,35.874658,2020-09-01
1570258000,세천리1631,102,0,128.47577,35.874541,2020-09-01
1570258100,세천리977,101,0,128.476583,35.875966,2020-09-01
1570258200,세천리974-2,102,0,128.475958,35.876074,2020-09-01
1570258300,세천리1628,101,0,128.477733,35.875916,2020-09-01
1570258400,세천리1628,101,0,128.47827,35.875958,2020-09-01
1570258500,세천리1566-7,102,0,128.47992,35.876208,2020-09-01
1570258600,세천리1579-5,101,0,128.47832,35.875383,2020-09-01
1570258700,세천리1579-1,101,0,128.477795,35.875316,2020-09-01
1570258800,세천리1569-10,101,0,128.477295,35.876966,2020-09-01
1570258900,세천리1568,101,0,128.477495,35.877299,2020-09-01
1570259000,세천리1560-7,101,0,128.478033,35.878124,2020-09-01
1570259100,세천리1559-7,101,0,128.47827,35.878457,2020-09-01
1570259200,세천리1557-6,101,0,128.478495,35.878774,2020-09-01
1570259300,세천리1555-6,102,0,128.478745,35.879066,2020-09-01
1570259400,세천리1567-1,101,0,128.476433,35.877299,2020-09-01
1570259500,세천리178,101,0,128.47657,35.878999,2020-09-01
1570259600,세천리209-2,101,0,128.476658,35.879474,2020-09-01
1570259700,세천리185,102,0,128.476933,35.879915,2020-09-01
1570259800,세천리1610,101,0,128.477095,35.878907,2020-09-01
1570259900,세천리1565-9,101,0,128.479358,35.877624,2020-09-01
1570260000,세천리1618,101,0,128.47972,35.877857,2020-09-01
1570260100,세천리1562-13,102,0,128.480032,35.878066,2020-09-01
1570260200,세천리289,102,0,128.472571,35.880715,2020-09-01
1570260300,세천리1719,101,0,128.471508,35.879574,2020-09-01
1570260400,세천리1665,101,0,128.471758,35.878932,2020-09-01
1570260500,세천리1720,101,0,128.472533,35.877849,2020-09-01
1570260600,속성변화점,103,0,128.472275,35.875651,2020-09-01
1570260700,속성변화점,103,0,128.471633,35.877999,2020-09-01
1570260800,서재리961-2,101,1,128.489557,35.871566,2020-09-01
1570260900,속성변화점,103,0,128.497268,35.877999,2020-09-01
1570261000,서재리693-18,102,0,128.495156,35.875583,2020-09-01
1570261100,서재보성아파트교차로,101,0,128.496369,35.875724,2020-09-01
1570261200,서재보성아파트교차로,102,0,128.496506,35.875183,2020-09-01
1570261300,서재리90-2,101,0,128.496944,35.873683,2020-09-01
1570261400,서재리90-2,102,0,128.496769,35.874241,2020-09-01
1570261500,서재리693-5,102,0,128.495331,35.87385,2020-09-01
1570261600,서재리157-2,101,0,128.499156,35.874883,2020-09-01
1570261700,대구서재초등학교,101,0,128.498731,35.872858,2020-09-01
1570261800,서재리산5-20,102,0,128.499606,35.876066,2020-09-01
1570261900,방천리산107-6,102,0,128.508671,35.880318,2020-09-01
1570262000,방천리산112,101,0,128.507243,35.883624,2020-09-01
1570262100,방천리111,102,0,128.509705,35.885507,2020-09-01
1570262200,속성변화점,103,0,128.382156,35.668855,2020-09-01
1570262300,속성변화점,103,0,128.42634,35.633376,2020-09-01
1570262400,내리759-1,101,0,128.42419,35.640775,2020-09-01
1570262500,내리844-23,101,0,128.420228,35.641109,2020-09-01
1570262600,내리844-28,101,0,128.421665,35.6411,2020-09-01
1570262700,내리771-7,101,0,128.423165,35.641092,2020-09-01
1570262800,응암리771-7,101,0,128.42419,35.641092,2020-09-01
1570262900,응암리758-1,101,0,128.423177,35.641509,2020-09-01
1570263000,내리842-11,101,0,128.421677,35.641534,2020-09-01
1570263100,응암리837-9,101,0,128.413291,35.64255,2020-09-01
1570263200,응암리837-9,102,0,128.413866,35.642558,2020-09-01
1570263300,속성변화점,103,0,128.416778,35.648258,2020-09-01
1570263400,응암리1210,101,0,128.41904,35.65544,2020-09-01
1570263500,응암리1210,101,0,128.419052,35.65499,2020-09-01
1570263600,응암리1267,101,0,128.419315,35.653957,2020-09-01
1570263700,응암리1268-6,101,0,128.420877,35.654191,2020-09-01
1570263800,응암리1210,101,0,128.420215,35.65519,2020-09-01
1570263900,응암리1210,101,0,128.420052,35.655615,2020-09-01
1570264000,응암리1178,101,0,128.412641,35.654524,2020-09-01
1570264100,응암리1259,102,0,128.416065,35.652966,2020-09-01
3610006519,사라온이야기마을,101,0,128.586488,37.136731,2025-01-15
3610006408,서부리364-10,101,0,128.58126,37.137098,2025-01-15
1570264200,유선방송사거리,101,0,128.432639,35.653691,2020-09-01
1570264300,속성변화점,103,0,128.396142,35.660215,2020-09-01
1570264400,속성변화점,103,0,128.394055,35.660931,2020-09-01
1570264500,속성변화점,103,0,128.393405,35.658831,2020-09-01
1570264600,고봉리599,101,0,128.432989,35.655099,2020-09-01
1570264700,고봉리597,101,0,128.433067,35.655531,2020-09-01
1570264900,대리터널(남측),104,0,128.430926,35.660765,2020-09-01
1570265000,대리터널(북측),104,0,128.429689,35.66349,2020-09-01
1570265100,원오교(서측),104,0,128.414965,35.692061,2020-09-01
1570265200,원오교(동측),104,0,128.41869,35.691953,2020-09-01
1570265300,오산리645,102,0,128.403966,35.691869,2020-09-01
1570265400,박석진교(동측),104,0,128.43635,35.708193,2020-09-01
1570265500,고령군-달성군,105,0,128.434217,35.708153,2020-09-01
1570265600,달성군-창녕군,105,0,128.413411,35.617012,2020-09-01
1570265700,원교리38-8,102,0,128.441475,35.693728,2020-09-01
1570265800,중리287,102,0,128.448025,35.694828,2020-09-01
1570265900,하리121-2,102,0,128.4438,35.694661,2020-09-01
1570266000,도의리1107,102,0,128.462186,35.664106,2020-09-01
1570266100,도의리산56,102,0,128.461949,35.660398,2020-09-01
1570266200,유곡리453-2,102,0,128.465648,35.668989,2020-09-01
1570266300,유곡리산21,101,0,128.463836,35.67208,2020-09-01
1570266400,유곡리1161-2,101,1,128.461649,35.67328,2020-09-01
1570266500,유곡리1162,102,0,128.465086,35.67433,2020-09-01
1570266600,금리1155,101,0,128.455974,35.675113,2020-09-01
1570266700,유곡리1155,101,1,128.455649,35.674947,2020-09-01
1570266800,유곡리1178,101,0,128.454199,35.67423,2020-09-01
1570266900,유곡리1155,101,0,128.455837,35.674697,2020-09-01
1570267000,유곡리1155,101,0,128.455987,35.673997,2020-09-01
1570267100,유곡리1155,101,0,128.455987,35.673597,2020-09-01
1570267200,유곡리1152-15,101,0,128.454399,35.673989,2020-09-01
1570267300,유곡리1151-4,101,0,128.454849,35.674222,2020-09-01
1570267400,금리1166,101,0,128.4491,35.677788,2020-09-01
1570267500,금리1170,101,0,128.452512,35.676347,2020-09-01
1570267600,금리1136-1,101,0,128.454274,35.67728,2020-09-01
1570267700,속성변화점,103,0,128.454637,35.676588,2020-09-01
1570267800,용리741,102,0,128.469785,35.681521,2020-09-01
1570267900,상리927,101,0,128.462061,35.681188,2020-09-01
1570268000,상리926,101,0,128.461161,35.682363,2020-09-01
1570268100,유가읍행정복지센터,101,1,128.460836,35.694045,2020-09-01
1570268200,상리926,101,0,128.461848,35.682788,2020-09-01
1570268300,상리971,101,1,128.462736,35.683363,2020-09-01
1570268400,과학기술교(북측),104,0,128.457774,35.700127,2020-09-01
1570280800,금포리1157,101,0,128.428638,35.777552,2020-09-01
1570280900,금포리1161,101,0,128.4291,35.777793,2020-09-01
1570281000,기세리969-25,102,0,128.477493,35.783095,2020-09-01
1570281100,노이리212,102,0,128.454436,35.755088,2020-09-01
1570281200,노이3교,104,0,128.428788,35.766111,2020-09-01
1570281300,노이3교,104,0,128.429076,35.765928,2020-09-01
1570281400,신당리1038-4,101,0,128.441749,35.7945,2020-09-01
1570281500,신당리1021,102,0,128.440199,35.794933,2020-09-01
1570281600,교항리3030,102,0,128.441499,35.783734,2020-09-01
1570281700,교항리1951,101,0,128.438762,35.790475,2020-09-01
1570281800,강림리1218,102,0,128.432763,35.784043,2020-09-01
1570281900,강림리472,101,0,128.431038,35.784518,2020-09-01
1570282000,강림리474-1,101,0,128.432225,35.783093,2020-09-01
1570282100,강림리1074-2,101,0,128.430563,35.780401,2020-09-01
1570282200,강림리530-6,102,0,128.430038,35.78201,2020-09-01
1570282300,금포리952-1,101,0,128.427713,35.778852,2020-09-01
1570282400,금포리953,102,0,128.427388,35.779226,2020-09-01
1570282500,강림리1133,101,0,128.438437,35.778835,2020-09-01
1570282600,강림리1105,102,0,128.437762,35.78086,2020-09-01
1570282700,강림리1217,102,0,128.435975,35.779268,2020-09-01
1570282800,교항리2963,102,0,128.447174,35.779785,2020-09-01
1570282900,교항리2984,101,0,128.446711,35.780968,2020-09-01
1570283000,경서중학교,102,0,128.445799,35.783101,2020-09-01
1570283100,교항리2984,101,0,128.448374,35.782393,2020-09-01
1570283200,교항리3043,102,0,128.446986,35.782576,2020-09-01
1570283300,교항리2994,102,0,128.450411,35.78171,2020-09-01
1570283400,간경리966-182,101,0,128.468325,35.799691,2020-09-01
1570283500,간경리495,102,0,128.470984,35.799758,2020-09-01
1570283600,간경리966-16,101,0,128.467659,35.799624,2020-09-01
1570283700,본리리371-1,101,0,128.464397,35.798158,2020-09-01
1570283800,본리리375-2,102,0,128.466047,35.797883,2020-09-01
1570283900,본리리1853,101,0,128.453311,35.79515,2020-09-01
1570284000,본리리1853,101,0,128.453648,35.794867,2020-09-01
1570284100,본리리2527-225,101,0,128.458523,35.791067,2020-09-01
1570284200,본리리2146,102,0,128.45606,35.790917,2020-09-01
1570284300,본리리742,102,0,128.466847,35.792592,2020-09-01
1570284400,본리리2630,102,0,128.46581,35.792609,2020-09-01
1570284500,본리리2596,102,0,128.46491,35.794783,2020-09-01
1570284600,본리리2675,101,0,128.465435,35.794608,2020-09-01
1570284700,본리리2682,101,0,128.466035,35.794425,2020-09-01
1570284800,본리리2688,102,0,128.467734,35.797275,2020-09-01
1570284900,본리리2682,101,0,128.466172,35.793483,2020-09-01
1570285000,본리리2634,101,0,128.466285,35.7926,2020-09-01
1570285100,본리리2682,101,0,128.465872,35.791525,2020-09-01
1570285200,본리리2682,101,0,128.466172,35.79045,2020-09-01
1570285300,본리교차로,101,0,128.46636,35.789784,2020-09-01
1570285400,본리교차로,102,0,128.467209,35.789776,2020-09-01
1570285500,본리리2690,102,0,128.465335,35.789651,2020-09-01
1570285600,본리리2689,102,0,128.467134,35.790592,2020-09-01
1570285700,본리리2678,102,0,128.464935,35.790275,2020-09-01
1570285800,본리리2689,102,0,128.466547,35.791592,2020-09-01
1570285900,본리리2649,102,0,128.464485,35.791334,2020-09-01
1570286000,본리리산48,102,0,128.466697,35.793533,2020-09-01
1570286100,설화리553-110,101,0,128.487058,35.798183,2020-09-01
1570286200,성산리744-201,101,0,128.477758,35.809415,2020-09-01
1570286300,성산리322-5,101,0,128.478221,35.810223,2020-09-01
1570286400,성산리313-1,102,0,128.478583,35.811215,2020-09-01
1570286500,성산리744-188,102,0,128.48442,35.807865,2020-09-01
1570286600,성산리744-233,102,0,128.489395,35.806382,2020-09-01
1570286700,천내리901-1,101,0,128.500569,35.800033,2020-09-01
1570286800,구라리1312-2,101,0,128.492807,35.815431,2020-09-01
1570286900,구라리1003-3,102,0,128.492232,35.816098,2020-09-01
1570287000,구라리1104,101,0,128.494507,35.812182,2020-09-01
1570287100,구라리973-15,101,0,128.491382,35.813156,2020-09-01
1570287200,구라리911-1,102,0,128.486508,35.814965,2020-09-01
1570287300,구라리979-6,101,0,128.491445,35.814081,2020-09-01
1570287400,구라리986,102,0,128.49127,35.81449,2020-09-01
1570287500,구라리산47-9,102,0,128.492757,35.814515,2020-09-01
1570287600,구라2교(남측),104,0,128.493257,35.816473,2020-09-01
1570287700,달서구-달성군,105,0,128.492587,35.818777,2020-09-01
1570287800,구라리1718-1,101,0,128.509768,35.809557,2020-09-01
1570287900,구라리1567-1,101,0,128.506293,35.809974,2020-09-01
1570288000,천내중학교,101,0,128.503869,35.810315,2020-09-01
1570288100,구라리1595-4,101,0,128.504768,35.811123,2020-09-01
1570288200,유천동542-38,101,0,128.509156,35.812448,2020-09-01
1570288300,본리리113-1,102,0,128.510759,35.802215,2020-09-01
1570288400,본리리156,102,0,128.508293,35.801108,2020-09-01
1570288500,천내리897,102,0,128.504156,35.804574,2020-09-01
3610003501,이지교,101,0,128.729647,37.073288,2025-01-15
3610006614,대구지방법원의성지원군위군법원,101,0,128.586721,37.141896,2025-01-15
1570288600,설화리1102,101,0,128.489082,35.800958,2020-09-01
1570288700,성산리198-1,101,0,128.49127,35.800733,2020-09-01
1570288800,성산리501-20,102,0,128.491282,35.802024,2020-09-01
1570288900,성산리465-2,101,0,128.491682,35.804257,2020-09-01
1570289000,성산리744-91,101,0,128.492332,35.803849,2020-09-01
1570289100,천내리351,101,0,128.493445,35.803158,2020-09-01
1570289200,천내리909,102,0,128.493932,35.803674,2020-09-01
1570289300,성산리744-14,102,0,128.492582,35.802766,2020-09-01
1570289400,명곡리107,102,0,128.495094,35.79825,2020-09-01
1570289500,명곡리139,102,0,128.498332,35.797692,2020-09-01
1570289600,천내리901-1,101,0,128.504206,35.799216,2020-09-01
1570289700,명곡리934-1,102,0,128.504956,35.795475,2020-09-01
1570289800,본리리산101-2,102,0,128.536116,35.773703,2020-09-01
1570289900,본리리1496,101,0,128.530004,35.782352,2020-09-01
1570290000,본리리1491,102,0,128.531079,35.782477,2020-09-01
1570290100,본리리407-3,101,0,128.51918,35.791101,2020-09-01
1570290200,본리리1500-6,102,0,128.520192,35.790293,2020-09-01
1570290300,우록리563,102,0,128.64337,35.722576,2020-09-01
1570290400,삼산리984-4,101,0,128.657481,35.72865,2020-09-01
1570290500,삼산리1110,101,0,128.659931,35.733283,2020-09-01
1570290600,속성변화점,103,0,128.657593,35.731883,2020-09-01
1570290700,단산리932,102,0,128.662043,35.760338,2020-09-01
1570290800,삼산교,104,0,128.661718,35.735908,2020-09-01
1570290900,삼산교,104,0,128.661093,35.736533,2020-09-01
1570291000,대일교차로,101,0,128.649244,35.768996,2020-09-01
1570291100,대일리399-2,102,0,128.647406,35.769271,2020-09-01
1570291200,대일리1029-21,102,0,128.650356,35.767613,2020-09-01
1570291300,속성변화점,103,0,128.649556,35.763155,2020-09-01
1570291400,옥분리56-1,102,0,128.651506,35.750356,2020-09-01
1570291500,냉천리622,102,0,128.646881,35.77497,2020-09-01
1570291600,냉천리424,101,0,128.645519,35.774445,2020-09-01
1570291700,가창중학교,102,0,128.644719,35.774445,2020-09-01
1570291800,냉천리424,102,0,128.645781,35.774045,2020-09-01
1570291900,냉천리829-2,102,0,128.645519,35.782744,2020-09-01
1570292000,행정리774,102,0,128.654668,35.780395,2020-09-01
1570292100,행정리476,101,0,128.646306,35.786469,2020-09-01
1570292200,행정리산136-1,102,0,128.645794,35.787052,2020-09-01
1570292300,용계리565-1,101,0,128.631533,35.78941,2020-09-01
1570292400,냉천리산27-42,102,0,128.633245,35.788452,2020-09-01
1570292500,용계리304,102,0,128.629633,35.793735,2020-09-01
1570292600,가창중석타운교차로,102,0,128.626458,35.795359,2020-09-01
1570292700,냉천CC,102,0,128.623696,35.796434,2020-09-01
1570292800,지하차도,104,0,128.620233,35.804758,2020-09-01
1570292900,자모리964,101,0,128.3858,35.697468,2020-09-01
3570006002,국도분기점,104,0,128.908827,35.981363,2020-09-01
3570006102,조교동472-7,101,0,128.959768,35.982541,2020-09-01
3570006600,우천삼거리,101,0,128.864846,35.987856,2020-09-01
3570006601,월평교,104,0,128.864761,35.986467,2020-09-01
3570006602,월평교,104,0,128.864753,35.986306,2020-09-01
3570006603,사일온천입구교차로,101,0,128.86334,35.972953,2020-09-01
3570007000,녹전동1273,101,1,128.92089,35.993916,2020-09-01
3570007001,녹전교,104,0,128.918536,35.992975,2020-09-01
3570007002,녹전교,104,0,128.916837,35.992151,2020-09-01
3570007003,오미동936,101,1,128.927744,35.996634,2020-09-01
3570007100,청통교차로,101,1,128.819972,35.995741,2020-09-01
3570007101,속성변화점,103,0,128.82327,35.995624,2020-09-01
3570007102,치일1교차로,101,0,128.823107,35.990897,2020-09-01
3570007103,계포교회앞교차로,101,0,128.81753,36.00108,2020-09-01
3570007104,신학1리마을회관,101,0,128.826043,35.995017,2020-09-01
3570007105,원촌교,104,0,128.823341,35.990503,2020-09-01
3570007106,원촌교,104,0,128.823251,35.990207,2020-09-01
3570007107,신학교,104,0,128.831756,35.9942,2020-09-01
3570007108,신학교,104,0,128.8322,35.994434,2020-09-01
3570007109,송천교차로,101,0,128.822395,35.966838,2020-09-01
3570007900,S-Oil삼부,101,0,128.884941,36.001814,2020-09-01
3570010301,계지교,104,0,128.808973,36.009299,2020-09-01
3570010302,계지교,104,0,128.808869,36.008962,2020-09-01
3570710100,영천시-경산시,105,0,128.887972,35.843815,2020-09-01
3570710200,속성변화점,103,0,128.890227,35.857562,2020-09-01
3570710300,신광리733-2,102,0,128.919644,35.861909,2020-09-01
3570710400,속성변화점,103,0,128.890323,35.863332,2020-09-01
3570710500,신광1교,104,0,128.919465,35.864282,2020-09-01
3570710600,조곡교,102,0,128.909978,35.864609,2020-09-01
3570710700,신광1교,104,0,128.919686,35.864753,2020-09-01
3570710800,조곡교,104,0,128.909852,35.864877,2020-09-01
3570710900,조곡교,104,0,128.909671,35.865265,2020-09-01
3570711000,영천시-경산시,105,0,128.86021,35.874385,2020-09-01
3570711001,사리리659-3,101,0,128.864635,35.875048,2020-09-01
3570711100,S-OIL영천저유소,102,0,128.871564,35.874442,2020-09-01
3570711600,용덕골,102,0,128.868024,35.88312,2020-09-01
3570711700,화성가구,102,0,128.89576,35.887207,2020-09-01
3570711900,병암리816-1,101,0,128.897348,35.891181,2020-09-01
3570712000,마음교,104,0,128.888077,35.895257,2020-09-01
3570712100,마음교,104,0,128.88872,35.895566,2020-09-01
3570712200,오계리868,102,0,128.88722,35.896207,2020-09-01
3570712300,호남교,102,0,128.912484,35.902628,2020-09-01
3570712500,아포공구앵글종합상사,102,0,128.950284,35.903394,2020-09-01
3570712800,유진산업앞교차로,101,0,128.951881,35.905629,2020-09-01
3570712801,채신동807,101,0,128.954056,35.90493,2020-09-01
3570712802,채신동656-11,101,0,128.951674,35.905701,2020-09-01
3570712803,채신동1350,101,1,128.950125,35.90627,2020-09-01
3570712901,채신동215-5,101,0,128.959278,35.907341,2020-09-01
3570712902,채신동263-2,101,0,128.959206,35.908871,2020-09-01
3570712903,채신동467,101,0,128.958027,35.913298,2020-09-01
3570713000,성호테크,102,0,128.950714,35.907108,2020-09-01
3570713200,영천시-경산시,105,0,128.853988,35.907396,2020-09-01
3570713300,속성변화점,103,0,128.906249,35.908828,2020-09-01
3570713400,대구대교,104,0,128.856442,35.909237,2020-09-01
3570713500,대구대교,101,0,128.856569,35.909908,2020-09-01
3570713600,신대리59,101,0,128.865666,35.910298,2020-09-01
3570713700,진양특수강2공장,101,0,128.951378,35.911507,2020-09-01
3570713701,채신동782,101,0,128.953284,35.91522,2020-09-01
3570713702,채신동626-1,101,0,128.951495,35.912046,2020-09-01
3570713703,채신동611,101,0,128.95176,35.913262,2020-09-01
3570713704,채신동산73-9,101,0,128.952164,35.914937,2020-09-01
3570713800,신대리737-123,102,0,128.856839,35.911657,2020-09-01
3570713900,속성변화점,103,0,128.90051,35.916245,2020-09-01
3570714100,채신공단입구교차로,101,1,128.956009,35.916524,2020-09-01
3570714200,본촌동450,102,0,128.952177,35.91786,2020-09-01
3570714300,칼리스코프레이션,102,0,128.949766,35.918897,2020-09-01
3570714400,동양TEX앞교차로,101,0,128.95213,35.918933,2020-09-01
3570714500,속성변화점,103,0,128.89738,35.919547,2020-09-01
3570714600,대구경북능금농협골판지공장,102,0,128.950279,35.920003,2020-09-01
3570714700,화산앞교차로,101,0,128.952117,35.920012,2020-09-01
3570714800,속성변화점,103,0,128.885337,35.920756,2020-09-01
3570714900,동아테크,102,0,128.952095,35.920804,2020-09-01
3570715000,본촌농공단지입구교차로,101,1,128.954918,35.920825,2020-09-01
3570715001,본촌동290-2,102,0,128.9542,35.923291,2020-09-01
3570715002,본촌동725-1,101,0,128.951595,35.927074,2020-09-01
3570715100,평산금속공업,102,0,128.938401,35.925556,2020-09-01
3570715200,삼호교,104,0,128.871055,35.925812,2020-09-01
3610128302,용아교(남측),104,0,128.821604,37.03803,2025-01-15
3570715300,삼호교,104,0,128.871148,35.925912,2020-09-01
3570715400,성도테크앞교차로,101,0,128.935832,35.926568,2020-09-01
3570715500,속성변화점,103,0,128.913327,35.926866,2020-09-01
3570715600,영천IC,101,0,128.949881,35.926874,2020-09-01
3570715800,일성금속앞교차로,101,0,128.939644,35.927067,2020-09-01
3570715900,영천IC,101,1,128.950497,35.927101,2020-09-01
3570716000,본촌교,104,0,128.951042,35.927157,2020-09-01
3570716100,본촌교,104,0,128.95117,35.927167,2020-09-01
3570716200,코람스틸앞교차로,101,0,128.937821,35.927575,2020-09-01
3570716300,대광축산물판매장,102,0,128.930195,35.927582,2020-09-01
3570716400,네비엔앞교차로,101,0,128.936756,35.927834,2020-09-01
3570716600,수창케미칼앞교차로,101,0,128.934973,35.928311,2020-09-01
3570716700,영천IC,101,1,128.94936,35.928374,2020-09-01
3570716701,봉동606-1,101,1,128.947638,35.930343,2020-09-01
3570716900,영천시-경산시,105,0,128.862161,35.928895,2020-09-01
3570717000,성일산업앞교차로,101,0,128.942232,35.929478,2020-09-01
3570717300,진풍산업앞교차로,101,0,128.93946,35.929913,2020-09-01
3570717600,삼영합섬,102,0,128.945744,35.930215,2020-09-01
3570717700,신영금속앞교차로,101,0,128.938361,35.930223,2020-09-01
3570717900,거여철교,104,0,128.923694,35.930379,2020-09-01
3570718000,신영금속앞교차로,101,0,128.944364,35.930603,2020-09-01
3570718100,화진앞교차로,101,0,128.93647,35.930749,2020-09-01
3570718700,금호읍청년회,102,0,128.872739,35.931655,2020-09-01
3570718800,도남공단삼거리,101,1,128.946365,35.93177,2020-09-01
3570718900,거여초등학교병설유치원,102,0,128.908863,35.931952,2020-09-01
3570719000,태경자원,102,0,128.868297,35.932042,2020-09-01
3570719100,금호읍사무소앞교차로,101,0,128.87738,35.932355,2020-09-01
3570719200,신월리706,101,1,128.90032,35.932609,2020-09-01
3570719300,봉죽교앞교차로,101,0,128.909539,35.932621,2020-09-01
3570719400,신월리1016-1,101,0,128.89906,35.932703,2020-09-01
3570719500,속성변화점,103,0,128.901471,35.932753,2020-09-01
3570719600,속성변화점,103,0,128.895675,35.93316,2020-09-01
3570719700,속성변화점,103,0,128.879493,35.933296,2020-09-01
3570719800,봉죽교앞교차로,101,0,128.909873,35.93335,2020-09-01
3570719900,봉죽리349-3,102,0,128.91003,35.933555,2020-09-01
3570720000,거여철교,104,0,128.926614,35.933779,2020-09-01
3570720100,속성변화점,103,0,128.881806,35.934134,2020-09-01
3570720300,속성변화점,103,0,128.927078,35.935128,2020-09-01
3570720500,봉작교,104,0,128.944746,35.936604,2020-09-01
3570720600,냉천교차로,101,1,128.888453,35.936751,2020-09-01
3570720800,금호IC육교,104,0,128.879909,35.937163,2020-09-01
3570720900,냉천교차로,101,1,128.889794,35.937303,2020-09-01
3570721000,봉작교,104,0,128.94468,35.937488,2020-09-01
3570721100,금호교차로,104,0,128.881286,35.938254,2020-09-01
3600275400,옥곡동27-13,101,0,128.728236,35.816958,2020-09-01
3600275500,옥곡동835,101,0,128.733898,35.8117,2020-09-01
3600275600,옥곡동837,101,0,128.731774,35.811042,2020-09-01
3600275700,옥곡동840,101,1,128.732499,35.812791,2020-09-01
3600275800,옥곡동837,101,0,128.731161,35.812375,2020-09-01
3600275900,옥곡동835,101,0,128.731486,35.815116,2020-09-01
3600276000,옥곡동837,101,0,128.731186,35.815016,2020-09-01
3600276100,옥곡동838,101,0,128.731799,35.813666,2020-09-01
3600276200,옥곡동837,101,0,128.730686,35.813325,2020-09-01
3600276300,옥곡동835,101,1,128.731036,35.816049,2020-09-01
3600276400,경산여자고등학교,102,0,128.729724,35.815683,2020-09-01
3600276500,백천동555-37,101,0,128.741285,35.803659,2020-09-01
3600276600,백천동551-117,101,0,128.746422,35.801659,2020-09-01
3600276700,백천동146-7,102,0,128.74736,35.801276,2020-09-01
3600276800,백천동194-2,102,0,128.743598,35.801826,2020-09-01
3600276900,백천동551-1,101,0,128.742023,35.805276,2020-09-01
3600277000,백천동600,101,0,128.736086,35.803667,2020-09-01
3600277100,백천동602,101,0,128.736936,35.801284,2020-09-01
3600277200,백천동608,101,0,128.736098,35.801493,2020-09-01
3600277300,백천동608,101,0,128.736486,35.801401,2020-09-01
3600277400,백천동603,101,0,128.736948,35.803417,2020-09-01
3600277500,백천동603,101,0,128.737361,35.803301,2020-09-01
3600277600,백천동602,101,0,128.737761,35.803184,2020-09-01
3600277700,백천동609,101,0,128.738198,35.803043,2020-09-01
3600277800,백천동602,101,0,128.738148,35.804034,2020-09-01
3600277900,백천동600,101,0,128.736823,35.801068,2020-09-01
3600278000,삼성현초등학교,101,0,128.738873,35.800568,2020-09-01
3600278100,삼성현초등학교,101,0,128.740385,35.800201,2020-09-01
3600278200,백천동551-73,102,0,128.741285,35.80006,2020-09-01
3600278300,백천동611,101,0,128.740773,35.802084,2020-09-01
3600278400,신석리463-2,102,0,128.743535,35.770563,2020-09-01
3600278600,북사리1050-1,102,0,128.814916,35.821474,2020-09-01
3600278700,인흥리210-2,101,0,128.799828,35.807239,2020-09-01
3600278800,백천동600,101,0,128.735286,35.801733,2020-09-01
3600278900,속성변화점,103,0,128.824332,35.872839,2020-09-01
3600279000,수성구-경산시,105,0,128.708819,35.825824,2020-09-01
3600279100,남천대교,104,0,128.732284,35.800176,2020-09-01
3600279200,남천대교,104,0,128.735012,35.791124,2020-09-01
3600279300,남천교,104,0,128.736858,35.732564,2020-09-01
3600279400,남천교,104,0,128.739818,35.723917,2020-09-01
3600279500,청도2터널,104,0,128.743011,35.711158,2020-09-01
3600279600,금곡리108-1,101,0,128.753486,35.757833,2020-09-01
3600279700,상대리594-2,101,0,128.793515,35.781872,2020-09-01
3600279800,상대리271-1,101,0,128.796699,35.784701,2020-09-01
3600279900,하대리391-1,101,1,128.802014,35.795602,2020-09-01
3600280000,하대리666-17,101,0,128.804396,35.799476,2020-09-01
3600280100,하대리785,101,0,128.805519,35.801059,2020-09-01
3600280200,영천시-경산시,105,0,128.823108,35.965211,2020-09-01
3600280300,자원순환센터교차로,101,1,128.847865,35.757961,2020-09-01
3660000200,영신정미소,101,0,128.772905,35.569612,2020-09-01
3660000300,유천교,104,0,128.771358,35.5697,2020-09-01
3660000400,내호리126-3,101,0,128.777146,35.570521,2020-09-01
3660000500,한재치안센터,101,0,128.761781,35.571472,2020-09-01
3660000600,초현교,104,0,128.76137,35.572237,2020-09-01
3660000700,초현교,104,0,128.76135,35.572765,2020-09-01
3660000701,월곡리509-1,101,0,128.753093,35.633824,2020-09-01
3660000800,도시문화진흥원,101,0,128.798997,35.586336,2020-09-01
3660001000,시골통닭방림점,101,0,128.812047,35.607939,2020-09-01
3660001100,해운대달맞이유림노르웨이숲아파트,101,0,128.823451,35.612915,2020-09-01
3660001101,-,101,0,128.837071,35.641284,2020-09-01
3660001200,옥산리45-1,102,0,128.636649,35.615356,2020-09-01
3660001201,함박리382-7,101,0,128.637582,35.619749,2020-09-01
3660001300,흑석리212-2,101,0,128.582846,35.626326,2020-09-01
3660001500,초동교,101,0,128.638753,35.631852,2020-09-01
3660001600,봉기리947-2,101,0,128.606119,35.634213,2020-09-01
3660001700,월곡삼거리,101,0,128.751217,35.634711,2020-09-01
3660001701,청도공용버스터미널,101,0,128.745982,35.641422,2020-09-01
3660001800,속성변화점,103,0,128.751659,35.635391,2020-09-01
3660001900,봉기리866-5,101,0,128.608078,35.636913,2020-09-01
3660001901,봉기리794-2,101,0,128.610568,35.63982,2020-09-01
3660002000,속성변화점,103,0,128.75254,35.636826,2020-09-01
3660002100,신당교차로,101,0,128.641069,35.639832,2020-09-01
3660002200,풍각교,104,0,128.633581,35.640142,2020-09-01
3660002300,풍각교,104,0,128.632907,35.640242,2020-09-01
3660002400,이서삼거리,101,0,128.631842,35.640466,2020-09-01
3660002401,덕곡교차로포항방면,101,0,128.6278,35.640929,2020-09-01
3610131401,내량리648-2,102,0,128.558611,37.147476,2025-01-15
3660002402,경북드론고등학교,101,0,128.619624,35.6416,2020-09-01
3660002403,풍각면사무소,101,0,128.619345,35.639348,2020-09-01
3660002404,봉기리1334-80,101,0,128.616149,35.639527,2020-09-01
3660002500,풍각삼거리,101,0,128.615914,35.641089,2020-09-01
3660002501,봉기리1467-16,101,0,128.615609,35.64241,2020-09-01
3660002600,청도감고을,101,0,128.744627,35.642336,2020-09-01
3660002601,고수리1039-1,101,0,128.74785,35.644303,2020-09-01
3660002700,청도감고을,101,0,128.744318,35.642708,2020-09-01
3660002800,청도과선교,104,0,128.743813,35.643685,2020-09-01
3660002900,청도과선교,104,0,128.74312,35.643811,2020-09-01
3660002901,고수리478-22,101,0,128.742839,35.643823,2020-09-01
3660003000,청도교,104,0,128.748031,35.644334,2020-09-01
3660003100,청도교,104,0,128.748767,35.644444,2020-09-01
3660003200,쌔쌔어린이집,101,0,128.741435,35.644809,2020-09-01
3660003300,원정교차로,101,1,128.750859,35.645218,2020-09-01
3660003301,원정리475-6,101,0,128.753151,35.646624,2020-09-01
3660003400,청도군선거관리위원회,101,0,128.737704,35.647443,2020-09-01
3660003401,고수리1039-1,101,0,128.737886,35.648235,2020-09-01
3660003500,청도어린이도서관,101,0,128.73649,35.647718,2020-09-01
3660003600,다빈치커피싱그린청도점,101,0,128.734917,35.648065,2020-09-01
3660003700,각북교남측,104,0,128.609637,35.649219,2020-09-01
3660003800,속성변화점,103,0,128.751124,35.648623,2020-09-01
3660003900,속성변화점,103,0,128.730443,35.648996,2020-09-01
3660003901,대구지방법원청도군법원,101,0,128.730216,35.649045,2020-09-01
3660004000,각북교북측,104,0,128.609315,35.64995,2020-09-01
3660004001,우산리781-1,101,0,128.609227,35.650067,2020-09-01
3660004100,속성변화점,103,0,128.750975,35.649164,2020-09-01
3660004200,칠성삼거리,101,0,128.681439,35.651527,2020-09-01
3660004300,운동장앞사거리,101,1,128.720386,35.651301,2020-09-01
3660004400,눌미사거리,101,0,128.714912,35.65149,2020-09-01
3660004500,덕곡교차로울진방면,101,0,128.712056,35.65159,2020-09-01
3660004501,동천리180-1,101,0,128.711108,35.651273,2020-09-01
3660004600,이서교남측,104,0,128.680775,35.652466,2020-09-01
3660004700,이서교북측,104,0,128.679894,35.653656,2020-09-01
3660004701,서원리222-3,101,1,128.67342,35.659453,2020-09-01
3660004800,속성변화점,103,0,128.848528,35.654793,2020-09-01
3660004900,속성변화점,103,0,128.849112,35.655153,2020-09-01
3660005000,서상교차로,101,0,128.696785,35.656821,2020-09-01
3660005001,연지교차로,101,1,128.6936,35.676666,2020-09-01
3660005002,유동교차로,101,1,128.697039,35.669174,2020-09-01
3660005003,서상리653-15,101,0,128.69726,35.658339,2020-09-01
3660005100,서원삼거리,101,0,128.671628,35.661118,2020-09-01
3660005200,학암교차로,101,0,128.672154,35.661888,2020-09-01
3660005201,학산리108,101,0,128.672239,35.662834,2020-09-01
3660005300,송읍교차로,101,1,128.747724,35.662511,2020-09-01
3660073901,덕산리260-1,101,0,128.805458,35.702022,2020-09-01
3670254300,노곡리103-15,101,0,128.411951,35.844152,2020-09-01
3670254400,노곡리731,102,0,128.411101,35.842469,2020-09-01
3670256000,포리1046,101,0,128.382831,35.62336,2020-09-01
3670256100,포리1016,102,0,128.379919,35.624419,2020-09-01
3670256200,답곡리265,101,0,128.379094,35.643775,2020-09-01
3670256300,예곡리산127,102,0,128.372694,35.657223,2020-09-01
3670256500,부리교,104,0,128.413126,35.708138,2020-09-01
3670256600,부리교,104,0,128.416523,35.7032,2020-09-01
3670256700,중부내륙낙동대교,104,0,128.418541,35.700214,2020-09-01
3670256800,고령군-성주군,105,0,128.389716,35.838634,2020-09-01
3680003200,GS25성주용신,101,1,128.373123,35.881828,2020-09-01
3680003300,속성변화점,103,0,128.385951,35.882184,2020-09-01
3680003400,CU성주선남점,101,0,128.379794,35.882624,2020-09-01
3680178100,도원초등학교선남동부분교장,101,0,128.392465,35.932959,2020-09-01
3680178600,도성리794-2,101,0,128.373367,35.883756,2020-09-01
3680178700,도성리산15-11,102,0,128.370892,35.883073,2020-09-01
3680178800,소학리1062-2,101,0,128.376604,35.888947,2020-09-01
3680178900,소학리1002-6,102,0,128.378566,35.887406,2020-09-01
3680179000,용신리743-1,101,0,128.392627,35.92191,2020-09-01
3680179200,용신리산70-6,101,1,128.392465,35.92396,2020-09-01
3680179300,속성변화점,103,0,128.391877,35.923243,2020-09-01
3680181300,용신리산1-3,101,0,128.393477,35.940891,2020-09-01
3680186300,동락리232-37,101,0,128.377529,35.8604,2020-09-01
3680187500,달성군-성주군,105,0,128.390723,35.880967,2020-09-01
3690000100,낙산삼거리,101,0,128.521973,35.928156,2020-09-01
3690000201,낙산교차로,101,1,128.402873,35.937872,2020-09-01
3690000202,금남리636-5,101,0,128.408307,35.916955,2020-09-01
3690000203,낙산리713-2,101,1,128.401616,35.946794,2020-09-01
3690000300,덕산리294,101,0,128.493086,35.937407,2020-09-01
3690000400,덕산리374-15,101,0,128.493147,35.94022,2020-09-01
3690000401,신동교차로,101,0,128.478294,35.953366,2020-09-01
3690000500,덕산삼거리,101,0,128.495668,35.944902,2020-09-01
3690000600,신동교차로,101,0,128.4774,35.954321,2020-09-01
3690000601,송정리산7-14,101,0,128.475694,35.958922,2020-09-01
3690000700,덕산리751-23,101,0,128.496564,35.954422,2020-09-01
3690000800,지천파출소,101,0,128.490116,35.956039,2020-09-01
3690000900,금산교차로,101,1,128.397877,35.95977,2020-09-01
3690001300,쉼터휴게소,104,0,128.473434,35.963067,2020-09-01
3690001301,송정리산4-7,101,0,128.469574,35.965203,2020-09-01
3690001400,연화교차로동측,101,1,128.452811,35.964277,2020-09-01
3690001600,대진필터,101,0,128.460543,35.965592,2020-09-01
3690001700,현대오일뱅크,101,1,128.435858,35.972241,2020-09-01
3690002000,이우석정미소,101,0,128.428428,35.976268,2020-09-01
3690002100,월오교남측,104,0,128.396828,35.976287,2020-09-01
3690002200,월오교북측,104,0,128.396501,35.976745,2020-09-01
3690002300,영리교차로,101,0,128.379358,35.977061,2020-09-01
3690002400,공단삼거리,101,1,128.427315,35.977856,2020-09-01
3690002500,속성변화점,103,0,128.381379,35.978353,2020-09-01
3690002600,동명교,101,1,128.554979,35.979226,2020-09-01
3690002700,왜관IC앞,106,0,128.42532,35.981331,2020-09-01
3690002800,동명네거리,101,1,128.555738,35.981412,2020-09-01
3690002801,구덕네거리,101,1,128.569565,35.980309,2020-09-01
3690003100,동명삼거리,101,1,128.556079,35.98251,2020-09-01
3690003101,금암리842-2,101,1,128.55339,35.99484,2020-09-01
3690003102,금암리1314-5,101,1,128.551239,36.008098,2020-09-01
3690003200,왜관IC앞,106,1,128.424657,35.982489,2020-09-01
3690003300,죽전교차로,106,0,128.386123,35.984103,2020-09-01
3690003400,매원사거리,101,1,128.419713,35.986181,2020-09-01
3690003401,반월교차로,101,0,128.426781,35.991303,2020-09-01
3690003402,농기계단지교차로,101,0,128.426149,36.007695,2020-09-01
3690003403,매원리742-83,101,1,128.423505,35.987407,2020-09-01
3690003500,로얄사거리,101,1,128.399274,35.987355,2020-09-01
3690003501,로얄사거리,101,1,128.399291,35.988077,2020-09-01
3690003502,왜관리293-2,101,0,128.399413,35.988743,2020-09-01
3690003600,왜관청년회의소,101,1,128.401433,35.987562,2020-09-01
3690003601,왜관리359-2,101,0,128.405784,35.988595,2020-09-01
3690003700,왜관IC,101,1,128.3965,35.987991,2020-09-01
3690003701,왜관읍사무소,101,0,128.397024,35.988646,2020-09-01
3690003702,왜관읍사무소,101,0,128.39751,35.989236,2020-09-01
3690003703,왜관리1406-1,101,0,128.397606,35.992076,2020-09-01
3690003704,왜관리1406-1,101,0,128.397371,35.996685,2020-09-01
3690003800,성주종합세차장,101,0,128.41588,35.988353,2020-09-01
3690003801,왜관리385-2,101,0,128.408094,35.988635,2020-09-01
3610007521,외량리905-10,101,0,128.563047,37.162016,2025-01-15
3610000703,백학삼거리,101,0,128.721379,36.982343,2025-01-15
1510129500,봉무동553-15,102,0,128.64382,35.917001,2020-09-01
1510150900,율하지하차도서측,102,0,128.688377,35.864052,2020-09-01
1510151000,율하지하차도동측,104,0,128.689864,35.863402,2020-09-01
1510151100,반계공원,101,1,128.692601,35.862802,2020-09-01
1510151101,율하동1300,101,0,128.690152,35.863294,2020-09-01
1510151200,박주영축구장,101,0,128.692673,35.860993,2020-09-01
1510151201,용계동901-2,101,0,128.680524,35.870683,2020-09-01
1510151202,율하동1626,101,0,128.689007,35.860398,2020-09-01
1510151300,앵초어린이공원,101,1,128.693151,35.863935,2020-09-01
1510151301,율하동1217,101,0,128.694255,35.867072,2020-09-01
1510151302,율하동1217,101,0,128.693851,35.866417,2020-09-01
1510151303,율하동1300,101,0,128.693314,35.864903,2020-09-01
1510151400,GS25율하6단지점,101,1,128.694303,35.863769,2020-09-01
1510151500,율하동303-5,101,0,128.695015,35.867824,2020-09-01
1510151600,반야월농협,101,1,128.696048,35.863594,2020-09-01
1510151700,속성변화점,103,0,128.696164,35.863052,2020-09-01
1510151800,DGB대구은행율하지점,101,1,128.698088,35.863385,2020-09-01
1510151900,커피명가,101,0,128.701118,35.863034,2020-09-01
1510151901,대구율원초등학교,101,0,128.701344,35.864617,2020-09-01
1510152000,율원중학교,101,1,128.701366,35.861976,2020-09-01
1510152100,율하휴먼시아10단지아파트,101,0,128.704361,35.861603,2020-09-01
1510152101,율원중학교,101,0,128.702151,35.861852,2020-09-01
1510152200,동구율하동1300,101,0,128.704334,35.859364,2020-09-01
1510166900,지묘동1213-1,101,0,128.625171,35.947558,2020-09-01
1510167200,동구지묘동956,101,0,128.628279,35.943825,2020-09-01
1510167300,동구지묘동959-6,101,0,128.62837,35.944319,2020-09-01
1550001901,노변동26-4,101,0,128.702952,35.841379,2020-09-01
1550001902,신매네거리,101,0,128.70528,35.841629,2020-09-01
1550001903,노변동25-7,101,0,128.70365,35.841216,2020-09-01
1550002000,월드컵삼거리,101,1,128.685358,35.841447,2020-09-01
1550008100,한국교통안전공단대구경북지역본부,101,0,128.699946,35.833593,2020-09-01
1550008101,노변동444,101,0,128.698215,35.833963,2020-09-01
1550008102,노변동253-1,101,0,128.700117,35.837594,2020-09-01
1550008103,노변동264-4,101,0,128.700148,35.838186,2020-09-01
1550008104,노변동355-3,101,0,128.699996,35.834821,2020-09-01
1550008105,노변동750,101,0,128.69811,35.834876,2020-09-01
1550008106,노변동750,101,0,128.698029,35.835134,2020-09-01
1550008107,노변동743,101,0,128.69789,35.835573,2020-09-01
1550008200,부성교회,101,0,128.707834,35.833917,2020-09-01
1550008201,신매동583-3,101,0,128.708089,35.83482,2020-09-01
1550008300,상동교,104,0,128.60674,35.834485,2020-09-01
1550008400,목우촌초이스,101,1,128.611611,35.834766,2020-09-01
1550008500,상동지구대,101,1,128.61676,35.835085,2020-09-01
1550008600,IBK기업은행수성트럼프월드지점,101,0,128.623457,35.835169,2020-09-01
1550008601,두산동968,101,0,128.623662,35.837585,2020-09-01
1550008700,월드플라워,101,1,128.704125,35.836115,2020-09-01
1550008800,대구한빛교회,101,0,128.698012,35.836767,2020-09-01
1550008801,시지동492-16,101,0,128.69629,35.837134,2020-09-01
1550008802,노변초등학교,101,1,128.697191,35.836939,2020-09-01
1550008900,신매초등학교교차로,101,1,128.70867,35.836914,2020-09-01
1550008901,신매동583-3,101,0,128.709117,35.838446,2020-09-01
1550009000,고산농협신매지점,101,1,128.704464,35.839252,2020-09-01
1550009100,NH-OIL다시농협,101,0,128.607584,35.839304,2020-09-01
1550009200,노인종합복지회관입구,101,0,128.63011,35.839362,2020-09-01
1550009201,노인종합복지관입구교차로,101,1,128.628229,35.839042,2020-09-01
1550009300,은주참기름,101,0,128.698615,35.839436,2020-09-01
1550009400,황금네거리,101,1,128.623874,35.839818,2020-09-01
1550009401,두산동955,101,0,128.622588,35.839991,2020-09-01
1550009500,고산2동치안센터,101,0,128.694481,35.839844,2020-09-01
1550009501,시지동592,101,0,128.692677,35.840107,2020-09-01
1550009502,시지동486-1,101,1,128.692549,35.840949,2020-09-01
1550009503,시지동486-1,101,0,128.692471,35.841462,2020-09-01
1550009504,시지동489-10,101,1,128.69411,35.839894,2020-09-01
1550009600,마가터널,101,0,128.607741,35.840227,2020-09-01
1550009700,들안길네거리,101,1,128.61676,35.840426,2020-09-01
1550009800,황금고가차도,104,0,128.63509,35.840755,2020-09-01
1550009801,황금동360,101,0,128.635678,35.84077,2020-09-01
1550009802,황금동196,101,0,128.636237,35.840742,2020-09-01
1550009900,중동네거리,101,1,128.612247,35.840806,2020-09-01
1550010000,황금아파트네거리,101,1,128.639011,35.840896,2020-09-01
1550010001,황금1동행정복지센터,101,1,128.638913,35.843697,2020-09-01
1550010002,범어동333-8,101,1,128.63865,35.850949,2020-09-01
1550010003,동도중교차로,101,1,128.638917,35.848539,2020-09-01
1550010004,황금동63,101,1,128.63926,35.847174,2020-09-01
1550010100,중동교,101,1,128.608107,35.841167,2020-09-01
1550010200,중동교,104,0,128.607719,35.841241,2020-09-01
1550010300,황금고가차도,104,0,128.642328,35.841805,2020-09-01
1550010400,새롬하이츠빌라,101,0,128.608008,35.842409,2020-09-01
1550010500,새롬하이츠빌라,101,1,128.608029,35.843491,2020-09-01
1550010700,고산지구대,101,1,128.706136,35.843788,2020-09-01
1550010701,대구시지초등학교,101,0,128.704009,35.844107,2020-09-01
1550010702,매호중학교,101,0,128.702057,35.8444,2020-09-01
1550010703,매호중학교,101,0,128.701568,35.844473,2020-09-01
1550010800,대구과학고등학교앞,101,0,128.624239,35.844056,2020-09-01
1550010900,대구소망교회,101,0,128.616752,35.844543,2020-09-01
1550011000,시지아이숲유치원,101,0,128.700075,35.844718,2020-09-01
1550011100,한마음선원대구지원,101,0,128.607644,35.845982,2020-09-01
1550011200,연화몽,101,0,128.607527,35.846491,2020-09-01
1550011300,황금초등학교교차로,101,1,128.62029,35.846521,2020-09-01
1550011400,산장맨션노인정,101,1,128.649515,35.846757,2020-09-01
1550011500,희망로네거리,101,1,128.616741,35.84676,2020-09-01
1550011600,북중동네거리,101,1,128.61286,35.847028,2020-09-01
1550011700,어린이회관삼거리,101,0,128.62451,35.847039,2020-09-01
1550011701,범어동690,101,0,128.624933,35.851565,2020-09-01
1550011702,수성구민운동장역(대구3호선),101,0,128.625001,35.852292,2020-09-01
1550011800,희망교북단교차로,101,1,128.60776,35.847352,2020-09-01
1550011900,희망교북단교차로,104,0,128.607541,35.847367,2020-09-01
1550012000,두리마을,101,0,128.651756,35.848015,2020-09-01
1550012001,만촌동883-38,101,0,128.651863,35.84928,2020-09-01
1550012100,만촌3동성당,101,0,128.649498,35.848036,2020-09-01
1550012101,만촌동906,101,0,128.649,35.849437,2020-09-01
1550012200,수성구선거관리위원회,101,0,128.60778,35.848199,2020-09-01
1550012300,삼익맨션새마을문고,101,0,128.608048,35.84906,2020-09-01
1550012400,만촌동산227-5,101,1,128.657321,35.849295,2020-09-01
1550012500,뉴대구어린이집,101,0,128.653334,35.850678,2020-09-01
1550012600,담티고가차도,104,0,128.65857,35.850877,2020-09-01
1550012700,할리스커피대구범어점,101,0,128.623539,35.851156,2020-09-01
1550012800,남양우유수성대리점,101,0,128.620725,35.851335,2020-09-01
1550012900,경풍빌딩,101,1,128.616855,35.851581,2020-09-01
1550013000,동성초등학교교차로,101,1,128.61332,35.851821,2020-09-01
1550013100,신은교회,101,0,128.608847,35.852806,2020-09-01
1550013200,대정동48-3,101,1,128.725313,35.853464,2020-09-01
1550013201,성동81-3,101,0,128.721495,35.856352,2020-09-01
1550013300,엠베테코리아대구수성점,101,1,128.625138,35.853757,2020-09-01
1550013301,범어동836,101,0,128.625855,35.857541,2020-09-01
1550013400,범어4동치안센터,101,0,128.638746,35.853792,2020-09-01
3610453900,우보면 문덕리 1098-7,101,0,128.706525,37.048924,2025-01-15
1550013401,범어동84-1,101,1,128.639763,35.854857,2020-09-01
1550013402,범어동76-28,101,1,128.640578,35.855619,2020-09-01
1550013403,만촌동1025-3,101,1,128.644777,35.857985,2020-09-01
1550013500,제2범어교,101,1,128.623407,35.85387,2020-09-01
1550013501,범어동882-10,101,1,128.622535,35.856953,2020-09-01
1550013502,범어1동행정복지센터,101,1,128.622675,35.855199,2020-09-01
1550013503,제2범어교교차로,101,1,128.623094,35.854716,2020-09-01
1550013600,대구축산농협명동로지점,101,1,128.620984,35.85404,2020-09-01
1550013601,수성2가3가동주민센터,101,1,128.618682,35.854197,2020-09-01
1550013602,범어1동행정복지센터,101,1,128.621086,35.855333,2020-09-01
1550013700,대구구치소앞삼거리,101,1,128.657139,35.85406,2020-09-01
1550013701,대구구치소앞삼거리,101,0,128.656821,35.854404,2020-09-01
1550013800,EV충전소우방한가람타운,101,0,128.608842,35.854064,2020-09-01
1550013900,하늘담,101,0,128.658592,35.854243,2020-09-01
1550014000,수성시장네거리,101,1,128.617132,35.854303,2020-09-01
1550014001,수성시장네거리,101,1,128.617198,35.854937,2020-09-01
1550014100,동성학교네거리,101,1,128.613593,35.854544,2020-09-01
1550014101,수성1가동주민센터,101,1,128.611122,35.854713,2020-09-01
1550014102,수성1가동주민센터,101,1,128.610382,35.854763,2020-09-01
1550014200,대봉교북단교차로,101,1,128.608975,35.854859,2020-09-01
1550014300,대봉교,104,0,128.608658,35.854881,2020-09-01
1550014400,대광빌딩,101,0,128.608711,35.855776,2020-09-01
1550014401,남산고등교차로,101,0,128.608588,35.856669,2020-09-01
1550014500,수성119안전센터,101,0,128.621214,35.856945,2020-09-01
1550014501,수성동3가395,101,0,128.618974,35.857098,2020-09-01
1550014600,남산고등,101,0,128.608515,35.857132,2020-09-01
1550014700,성화중학교,101,1,128.617413,35.857204,2020-09-01
1570196200,응암리459,101,0,128.419508,35.651702,2020-09-01
1570196201,응암리1266-8,101,0,128.419519,35.65297,2020-09-01
1570196300,구지면응암리산50,101,0,128.419583,35.649747,2020-09-01
3600263100,삼풍동526,101,0,128.755046,35.82274,2020-09-01
3600263200,계양동493,102,0,128.745197,35.821832,2020-09-01
3600263300,상방동140-1,102,0,128.743323,35.81295,2020-09-01
3600263400,중방동818-174,101,0,128.732386,35.831956,2020-09-01
3600263500,정평동246,101,0,128.731098,35.82909,2020-09-01
3600263600,옥산동762,101,0,128.729736,35.826498,2020-09-01
3600263700,옥산동762,101,0,128.729524,35.825098,2020-09-01
3600263800,옥곡동843-1,101,0,128.732811,35.816566,2020-09-01
3600263900,옥곡초등학교,101,0,128.732948,35.815558,2020-09-01
3600264000,옥곡동843-1,101,0,128.734411,35.8137,2020-09-01
3600264100,옥곡동843-1,101,0,128.735936,35.812325,2020-09-01
3600264200,상방동291-24,102,0,128.736198,35.8076,2020-09-01
3600264300,상방동291-15,102,0,128.737511,35.809142,2020-09-01
3600264400,백천동600,101,0,128.736686,35.804892,2020-09-01
3600264500,백천동601,101,0,128.738348,35.804434,2020-09-01
3600264600,서상동143-224,102,0,128.733861,35.818166,2020-09-01
3600264700,삼북동283,102,0,128.737486,35.818491,2020-09-01
3600264800,중방동339-30,102,0,128.732186,35.820524,2020-09-01
3600264900,경산중앙초등학교,101,0,128.730886,35.823723,2020-09-01
3600265000,중방동818-175,102,0,128.730886,35.82459,2020-09-01
3600265100,중방동871,101,0,128.733236,35.823649,2020-09-01
3600265200,정평동106-32,101,0,128.727736,35.83848,2020-09-01
3600265300,중방동871,101,0,128.735398,35.82469,2020-09-01
3600265400,중방동290,102,0,128.732686,35.829215,2020-09-01
3600265500,대평동441,101,0,128.732873,35.834714,2020-09-01
3600265600,대평동441,101,0,128.732286,35.83558,2020-09-01
3600265700,대평동441,101,0,128.731236,35.837047,2020-09-01
3600265800,대평동441,101,0,128.729411,35.83943,2020-09-01
3600265900,대평동370-31,102,0,128.726849,35.843613,2020-09-01
3600266000,대평동444,101,0,128.732173,35.841405,2020-09-01
3600266100,대평동443,101,0,128.731636,35.839938,2020-09-01
3600266200,대정동69-7,102,0,128.727723,35.853903,2020-09-01
3600266300,임당동910-2,101,0,128.745547,35.847579,2020-09-01
3600266400,임당동910-2,102,0,128.744385,35.845379,2020-09-01
3600266500,조영동554,102,0,128.747497,35.851312,2020-09-01
3600266600,부적리479,101,0,128.76567,35.843363,2020-09-01
3600266700,신대리705,101,0,128.77042,35.841588,2020-09-01
3600266800,신대리364,102,0,128.773407,35.841872,2020-09-01
3600266900,대동250-11,101,0,128.750822,35.837339,2020-09-01
3600267000,조영동594,101,0,128.752984,35.838547,2020-09-01
3600267100,조영동594,101,0,128.753846,35.837797,2020-09-01
3600267200,조영동590,101,0,128.751697,35.839713,2020-09-01
3600267300,조영동594,101,0,128.753959,35.839289,2020-09-01
3600267400,조영동590,101,0,128.752659,35.840463,2020-09-01
3600267500,임당동661,102,0,128.750172,35.842213,2020-09-01
3600267600,속성변화점,103,0,128.757184,35.838072,2020-09-01
3600267700,조영동534-16,101,0,128.755034,35.840097,2020-09-01
3600267800,임당동658,101,0,128.747272,35.843371,2020-09-01
3600267900,임당동658,101,0,128.747734,35.843246,2020-09-01
3600268000,임당동658,101,0,128.749672,35.842738,2020-09-01
3600268100,임당동657,102,0,128.749522,35.845255,2020-09-01
3600268200,조영동590,101,0,128.755521,35.842672,2020-09-01
3600268300,속성변화점,103,0,128.749197,35.841472,2020-09-01
3600268400,임당동910-2,102,0,128.747247,35.845996,2020-09-01
3600268500,조영동584,101,0,128.752909,35.841888,2020-09-01
3600268600,조영동585,102,0,128.753996,35.842663,2020-09-01
3600268700,조영동590,101,0,128.753696,35.841272,2020-09-01
3600268800,조영동585,102,0,128.754684,35.843405,2020-09-01
3600268900,부적리483-16,101,0,128.756684,35.841372,2020-09-01
3600269000,부적리396,101,0,128.757496,35.842022,2020-09-01
3600269100,부적리396,101,0,128.758758,35.84098,2020-09-01
3600269200,부적리701-48,102,0,128.760183,35.83848,2020-09-01
3600269300,조영동590,101,0,128.756146,35.843146,2020-09-01
3600269400,부적리392,101,0,128.757733,35.844371,2020-09-01
3600269500,압량면사무소,101,0,128.759071,35.84323,2020-09-01
3600269600,압량면사무소,101,0,128.759946,35.842488,2020-09-01
3600269700,임당동909-1,102,0,128.742572,35.840813,2020-09-01
3600269800,신대리705,101,0,128.76957,35.83993,2020-09-01
3600269900,신대리706,101,1,128.768795,35.837131,2020-09-01
3600270000,신대리706,101,1,128.76647,35.837481,2020-09-01
3600270100,신대리487,101,0,128.767558,35.84063,2020-09-01
3600270200,신대리698,101,0,128.76692,35.839489,2020-09-01
3600270300,신대리698,101,0,128.76652,35.838514,2020-09-01
3600270400,신대리478,101,0,128.763958,35.840538,2020-09-01
3600270500,신대리478,101,0,128.764633,35.841663,2020-09-01
3600270600,신대리478,101,1,128.764995,35.842238,2020-09-01
3600270700,경산압량초등학교,101,0,128.766158,35.84113,2020-09-01
3600270800,신대리425,101,0,128.763695,35.841997,2020-09-01
3600270900,신대리432,101,0,128.762833,35.842297,2020-09-01
3600271000,신대리383,101,0,128.762671,35.842022,2020-09-01
3600271100,신대리457,101,0,128.763583,35.840663,2020-09-01
3600271200,신대리383,101,0,128.763008,35.842597,2020-09-01
3600271300,신대리414,101,0,128.763883,35.84228,2020-09-01
3600271400,신대리446,101,0,128.76352,35.841705,2020-09-01
3600271500,신대리457,101,0,128.762533,35.841005,2020-09-01
3600271600,신대리457,101,0,128.762933,35.84068,2020-09-01
3600271700,신대리446,101,0,128.763095,35.841855,2020-09-01
3600271800,신대리382,101,0,128.76447,35.843222,2020-09-01
3600271900,신대리382,101,0,128.764558,35.84238,2020-09-01
3600272000,신대리537,101,0,128.76432,35.840414,2020-09-01
3610662700,최소노드배치점,107,0,128.818531,37.040076,2025-01-15
3600272100,경산압량초등학교,101,0,128.766033,35.840913,2020-09-01
3600272200,경산압량초등학교,101,0,128.765508,35.839989,2020-09-01
3600272300,신대리633,101,0,128.764095,35.839122,2020-09-01
3600272400,신대리670,101,0,128.764408,35.838514,2020-09-01
3600272500,신대리670,101,0,128.76457,35.838147,2020-09-01
3600272600,신대리673,101,0,128.766058,35.838147,2020-09-01
3600272700,신대리637,101,0,128.766045,35.838514,2020-09-01
3600272800,신대리637,101,0,128.76562,35.838514,2020-09-01
3600272900,신대리631,101,0,128.76487,35.83893,2020-09-01
3600273000,경산압량초등학교,101,0,128.76647,35.839647,2020-09-01
3600273100,계양동825,101,0,128.74311,35.832598,2020-09-01
3600273200,중방동892,101,0,128.737603,35.832138,2020-09-01
3600273300,중방동807,101,0,128.73966,35.832156,2020-09-01
3600273400,중방동820-58,101,0,128.733186,35.820216,2020-09-01
3600273500,중방동818-94,102,0,128.733261,35.819341,2020-09-01
3600273600,대평동461,101,0,128.733523,35.835914,2020-09-01
3600273700,정평동166-10,101,0,128.726624,35.838097,2020-09-01
3600273800,정평동125-3,101,0,128.727636,35.836689,2020-09-01
3600273900,정평동106-23,101,0,128.728786,35.837097,2020-09-01
3600274000,정평동255-50,101,0,128.729361,35.836289,2020-09-01
3600274100,정평동246,101,0,128.730636,35.831948,2020-09-01
3600274200,정평동246,101,0,128.729286,35.831931,2020-09-01
3600274300,옥산동767,101,0,128.725924,35.829464,2020-09-01
3600274400,옥산동767,101,0,128.726124,35.829031,2020-09-01
3600274500,중산동38,101,0,128.725099,35.832114,2020-09-01
3600274600,옥산동761,101,0,128.728749,35.826265,2020-09-01
3600274700,옥산동760,101,0,128.727649,35.825965,2020-09-01
3600274800,옥산동760,101,0,128.726536,35.825657,2020-09-01
3600274900,옥산동760,101,0,128.728136,35.824965,2020-09-01
3600275000,옥산동762,101,0,128.728299,35.824682,2020-09-01
3600275100,역전네거리,102,0,128.728261,35.819716,2020-09-01
3600275200,옥곡동85-13,101,0,128.729474,35.814458,2020-09-01
3600275300,옥곡동835,101,0,128.732924,35.812919,2020-09-01
3660005301,무등리380-3,101,0,128.747567,35.667705,2020-09-01
3660005400,매전삼거리,101,0,128.857327,35.667776,2020-09-01
3660005500,속성변화점,103,0,128.781478,35.670534,2020-09-01
3660005600,모산교차로,101,0,128.669132,35.671369,2020-09-01
3660005601,학산삼거리,101,0,128.667893,35.666693,2020-09-01
3660005602,양원리220-4,101,1,128.683229,35.68279,2020-09-01
3660005603,양원삼거리,101,1,128.685191,35.686063,2020-09-01
3660005604,금촌리885-3,101,0,128.667662,35.66828,2020-09-01
3660005700,매전교동측,104,0,128.866626,35.673442,2020-09-01
3660005800,매전교서측,104,0,128.86493,35.674017,2020-09-01
3660005900,매전교삼거리,101,0,128.864726,35.674086,2020-09-01
3660006000,신지리270-11,101,0,128.896402,35.679268,2020-09-01
3660006100,선호수퍼,101,0,128.896494,35.679721,2020-09-01
3660006200,금천교남측,104,0,128.895649,35.680718,2020-09-01
3660006300,금천교북측,104,0,128.894755,35.681587,2020-09-01
3660006400,속성변화점,103,0,128.790349,35.682474,2020-09-01
3660006401,덕산리962-4,101,0,128.795972,35.687893,2020-09-01
3660006500,송죽가든,101,0,128.866165,35.682889,2020-09-01
3660006600,남산교남측,104,0,128.591855,35.684619,2020-09-01
3660006700,남산교북측,104,0,128.591322,35.685098,2020-09-01
3660006900,양원삼거리,101,0,128.686127,35.687705,2020-09-01
3660007200,신촌교차로,101,0,128.686491,35.690622,2020-09-01
3660007201,양원리129-7,101,1,128.687452,35.694,2020-09-01
3660007202,신촌교차로,101,0,128.686528,35.69152,2020-09-01
3660007300,남산리1460-127,101,0,128.589934,35.692386,2020-09-01
3660007400,금천삼거리,101,0,128.892587,35.691559,2020-09-01
3660007500,속성변화점,103,0,128.873137,35.691773,2020-09-01
3660007701,순지리648-2,101,0,128.92799,35.720883,2020-09-01
3660007800,동곡네거리,101,1,128.888171,35.694549,2020-09-01
3660007900,속성변화점,103,0,128.884441,35.695268,2020-09-01
3660008000,팔조리472-7,101,1,128.687544,35.696999,2020-09-01
3660008100,속성변화점,103,0,128.8971,35.697246,2020-09-01
3660008200,목림교차로,101,0,128.687557,35.699177,2020-09-01
3660008300,GS주유소남성현,101,0,128.716046,35.700289,2020-09-01
3660008301,다로리324-3,101,0,128.721627,35.706896,2020-09-01
3660008400,속성변화점,103,0,128.898672,35.700455,2020-09-01
3660008500,속성변화점,103,0,128.899314,35.702832,2020-09-01
3660008600,속성변화점,103,0,128.901543,35.703848,2020-09-01
3660008601,운문면사무소,101,1,128.913621,35.71497,2020-09-01
3660008700,상평교회,101,0,128.815253,35.705188,2020-09-01
3660008800,오산교,101,0,128.576945,35.708838,2020-09-01
3660008900,속성변화점,103,0,128.684612,35.711763,2020-09-01
3660009000,남전교,101,0,128.886163,35.712622,2020-09-01
3660009001,김전2교차로,101,1,128.866318,35.737375,2020-09-01
3660009002,김전1교차로,101,0,128.868276,35.735521,2020-09-01
3660009003,사전1교차로,101,1,128.885882,35.713904,2020-09-01
3660009100,속성변화점,103,0,128.682069,35.716603,2020-09-01
3660009200,산동농협운문지점,101,1,128.914495,35.715821,2020-09-01
3660009300,대천삼거리,101,0,128.915583,35.717147,2020-09-01
3660009301,대천리1414-2,101,0,128.917739,35.718084,2020-09-01
3660009400,대천삼거리,101,0,128.915598,35.717496,2020-09-01
3660009500,경산시-청도군,105,0,128.724587,35.719233,2020-09-01
3660009600,운문교서측,104,0,128.917895,35.718136,2020-09-01
3660009700,운문교동측,104,0,128.91951,35.718685,2020-09-01
3660009800,방지리129-1,101,0,128.920056,35.718866,2020-09-01
3660009801,방지리129-1,101,1,128.92061,35.719054,2020-09-01
3660009900,달성군-청도군,105,0,128.677202,35.721051,2020-09-01
3660010100,달성군-청도군,105,0,128.560917,35.729731,2020-09-01
3660010200,운문댐삼거리,101,0,128.918261,35.734954,2020-09-01
3660010201,소천리산35-1,101,0,128.905321,35.737601,2020-09-01
3660010300,소천리산35-1,101,0,128.9051,35.737866,2020-09-01
3660010400,경산시-청도군,105,0,128.857846,35.747433,2020-09-01
3660010500,서지교,104,0,128.938092,35.751958,2020-09-01
3660010600,서지교,104,0,128.937024,35.752014,2020-09-01
3660010700,경산시-청도군,105,0,128.8891,35.752993,2020-09-01
3660010800,속성변화점,103,0,128.939247,35.75383,2020-09-01
3660010900,속성변화점,103,0,128.9443,35.754811,2020-09-01
3660011000,속성변화점,103,0,128.955586,35.756188,2020-09-01
3660011200,속성변화점,103,0,128.948275,35.760681,2020-09-01
3660011300,속성변화점,103,0,128.950745,35.760859,2020-09-01
3660012300,청도IC,106,1,128.746629,35.65457,2020-09-01
3660012400,청도IC교차로,106,0,128.74789,35.660919,2020-09-01
3660012500,청도IC교차로,106,0,128.748179,35.656785,2020-09-01
3660012600,속성변화점,103,0,128.744734,35.655357,2020-09-01
3660012700,청도1교,106,1,128.748829,35.651013,2020-09-01
3660012800,관하교남측,104,0,128.813726,35.709038,2020-09-01
3660012900,관하교북측,104,0,128.813841,35.709276,2020-09-01
3660054900,풍각육교,101,0,128.605047,35.632289,2020-09-01
3660055700,송서1교서측,104,0,128.621687,35.633682,2020-09-01
3660055800,송서1교동측,104,0,128.622693,35.634128,2020-09-01
3660056300,송서2교서측,104,0,128.63262,35.637824,2020-09-01
3660056400,송서2교동측,104,0,128.633586,35.637993,2020-09-01
3660056500,녹명2교서측,104,0,128.634583,35.638161,2020-09-01
3660056700,녹명2교동측,104,0,128.635811,35.638375,2020-09-01
3660056800,녹갈교서측,104,0,128.63825,35.638789,2020-09-01
3660057200,녹갈교동측,104,0,128.638866,35.638899,2020-09-01
3660057400,신당교차로,101,0,128.641028,35.639266,2020-09-01
3660059200,하나로마트,101,0,128.661974,35.64317,2020-09-01
3610471500,최소노드배치점,107,0,128.58955,37.088903,2025-01-15
3660059400,예리교차로,101,1,128.663659,35.641342,2020-09-01
3660062700,각남교차로,101,0,128.682332,35.650924,2020-09-01
3660064000,칠성리34-5,106,1,128.691721,35.65688,2020-09-01
3660064200,삼거리석물장의사,106,0,128.694848,35.657206,2020-09-01
3660065100,합천삼거리,101,0,128.704909,35.653154,2020-09-01
3660066100,화양삼거리,101,0,128.712657,35.651946,2020-09-01
3660066400,남성현터널남측,104,0,128.714727,35.710785,2020-09-01
3660066800,남성현교차로,101,0,128.717397,35.697998,2020-09-01
3660067200,용암교차로,101,0,128.721314,35.689198,2020-09-01
3660067400,용암교차로,101,0,128.723123,35.685542,2020-09-01
3660067500,용암교차로,101,0,128.723429,35.685629,2020-09-01
3660067800,범곡사거리,101,1,128.727515,35.649592,2020-09-01
3660067900,화양농협농산물공판장,101,0,128.732118,35.65018,2020-09-01
3660068000,청도군민회관,101,0,128.732231,35.648627,2020-09-01
3660068400,대남교차로,101,0,128.738418,35.64999,2020-09-01
3660068600,청도대교서측,104,0,128.741007,35.649922,2020-09-01
3660068900,진라리957-1,101,0,128.744094,35.668685,2020-09-01
3660069000,진라리911-2,101,0,128.744466,35.66906,2020-09-01
3660069100,청도IC,106,1,128.745727,35.652633,2020-09-01
3660069200,진라교서측,104,0,128.746108,35.668404,2020-09-01
3660069400,청도IC교차로,106,0,128.746286,35.65851,2020-09-01
3660069500,진라교동측,104,0,128.746682,35.668146,2020-09-01
3660069800,청도대교동측,104,0,128.748314,35.650166,2020-09-01
3660070100,모강교차로,101,0,128.750637,35.650377,2020-09-01
3660070500,원정교서측,104,0,128.756608,35.650952,2020-09-01
3660070600,원정교동측,104,0,128.757246,35.651012,2020-09-01
3660071000,원당교차로,101,0,128.762337,35.651335,2020-09-01
3660072000,선아건설,101,0,128.777057,35.664861,2020-09-01
3660072100,부야교차로,101,0,128.77868,35.668991,2020-09-01
3660072200,부야1리노인회관,101,0,128.77993,35.666721,2020-09-01
3660072400,곰티재터널남측,104,0,128.785133,35.685178,2020-09-01
3660073500,곰티재터널북측,104,0,128.795202,35.689668,2020-09-01
3660073900,곰태교차로,101,0,128.798599,35.69291,2020-09-01
3660079300,금천네거리,101,0,128.893416,35.685868,2020-09-01
3660079301,동곡리737,101,0,128.889131,35.6911,2020-09-01
3660079400,동곡삼거리,101,0,128.895191,35.692224,2020-09-01
3660079500,청도군-달성군,105,0,128.677698,35.721065,2020-09-01
3660079600,김전리1334-1,102,0,128.850127,35.725794,2020-09-01
3660079700,갈지리1355,102,0,128.870537,35.736176,2020-09-01
3660079800,순지리산78-19,102,0,128.927495,35.723578,2020-09-01
3660079900,방지리1842-24,102,0,128.922583,35.712871,2020-09-01
3660080000,방지리199-5,102,0,128.918296,35.717312,2020-09-01
3660080100,운문면사무소,101,0,128.913359,35.715145,2020-09-01
3660080200,대천공용여객자동차터미널,101,0,128.914196,35.716004,2020-09-01
3660080300,대천리1462-2,101,0,128.913146,35.716687,2020-09-01
3660080400,대천리1462-2,101,0,128.911921,35.716695,2020-09-01
3660080500,대천리1462-2,102,0,128.911921,35.71752,2020-09-01
3660080600,대천리1462-2,102,0,128.913134,35.71752,2020-09-01
3660080700,임당리784,102,0,128.916421,35.699789,2020-09-01
3660080800,박곡리1142,101,0,128.911834,35.668351,2020-09-01
3660080900,박곡리1105,102,0,128.925321,35.667584,2020-09-01
3660081000,오봉리1010,102,0,128.915172,35.656052,2020-09-01
3660081200,장연리918,102,0,128.847978,35.630713,2020-09-01
3660081300,송원리753-1,101,0,128.801469,35.618455,2020-09-01
3660081400,송원리1213,102,0,128.797032,35.618422,2020-09-01
3660081500,두곡리1655,102,0,128.793307,35.714994,2020-09-01
3660081600,용산리산201,102,0,128.808681,35.680323,2020-09-01
3660081700,부야리1427,102,0,128.787908,35.665333,2020-09-01
3660081800,운산리1289,101,0,128.774684,35.677324,2020-09-01
3660081900,운산리1281,102,0,128.777496,35.687822,2020-09-01
3660082000,안인리949,102,0,128.753198,35.675032,2020-09-01
3660082100,송금리397-2,102,0,128.723013,35.710769,2020-09-01
3660082200,칠곡리176-3,102,0,128.701115,35.70207,2020-09-01
3660082300,대곡리333-1,102,0,128.699152,35.723093,2020-09-01
3660082400,팔조리520,102,0,128.686316,35.698771,2020-09-01
3660082500,신촌교차로,101,1,128.68626,35.690844,2020-09-01
3660082600,양원리49,102,0,128.681317,35.695929,2020-09-01
3660082700,샛별교차로,101,1,128.684579,35.686375,2020-09-01
3660082800,삼신리757-3,102,0,128.717164,35.690172,2020-09-01
3660082900,삼신리1321,101,0,128.716864,35.688489,2020-09-01
3660083000,유등리2159,102,0,128.70674,35.677365,2020-09-01
3660083100,학암교차로,101,0,128.672585,35.661802,2020-09-01
3660083200,송북리561-14,101,0,128.729438,35.658275,2020-09-01
3660083300,고평교,101,0,128.717151,35.661133,2020-09-01
3660083400,고평리494-3,102,0,128.717851,35.665258,2020-09-01
3660083500,송북리561-14,101,0,128.731138,35.65765,2020-09-01
3660083600,고수리1039-1,101,0,128.739475,35.64881,2020-09-01
3660083700,범곡리1079,102,0,128.739312,35.64916,2020-09-01
3660083800,고수리1039-99,101,0,128.741049,35.649543,2020-09-01
3660083900,고수리3-1,101,0,128.742874,35.651793,2020-09-01
3660084000,고수리13-2,101,0,128.745062,35.65076,2020-09-01
3660084100,송읍리692-1,102,0,128.746224,35.652235,2020-09-01
3660084200,고수리435-3,101,0,128.741562,35.64751,2020-09-01
3660084300,고수리512-4,102,0,128.740662,35.644044,2020-09-01
3660084400,고수리726-8,101,0,128.744549,35.647577,2020-09-01
3660084500,고수리778,102,0,128.744937,35.644244,2020-09-01
3660084600,고수리633-14,101,0,128.741212,35.641761,2020-09-01
3660084700,고수리228-1,101,0,128.737112,35.645535,2020-09-01
3660084800,범곡사거리,101,0,128.727201,35.649185,2020-09-01
3660084900,범곡리1088,102,0,128.724338,35.648102,2020-09-01
3660085000,범곡리산101-1,101,0,128.729475,35.646843,2020-09-01
3660085100,범곡리562-4,101,0,128.731538,35.646368,2020-09-01
3660085200,범곡리1079,101,0,128.733063,35.646068,2020-09-01
3660085300,범곡리산178,102,0,128.729363,35.639694,2020-09-01
3660085400,동천리555-1,101,0,128.712239,35.647235,2020-09-01
3660085500,교촌리48-1,102,0,128.709165,35.64671,2020-09-01
3660085600,월곡리532-3,102,0,128.754023,35.632945,2020-09-01
3660085700,월곡리산185-4,101,0,128.752799,35.633387,2020-09-01
3660085800,고수리661-1,101,0,128.743087,35.639978,2020-09-01
3660085900,원정리563-8,102,0,128.752698,35.648293,2020-09-01
3660086000,덕암리766,102,0,128.746661,35.682981,2020-09-01
3660086100,무등리364-2,101,0,128.747186,35.668741,2020-09-01
3660086200,무등리542,102,0,128.748861,35.669416,2020-09-01
3660086300,차산리733-1,101,0,128.606286,35.623154,2020-09-01
3660086400,월봉리757-3,102,0,128.580739,35.600789,2020-09-01
3660086500,안산리1168-2,102,0,128.571527,35.618129,2020-09-01
3660086600,화산리1358,102,0,128.559865,35.643351,2020-09-01
3660086700,성곡리1163-128,101,0,128.581813,35.659383,2020-09-01
3660086800,수월리673,102,0,128.566027,35.662557,2020-09-01
3660086900,남산리1329-10,101,0,128.569052,35.690571,2020-09-01
3660087000,남산리1460-3,102,0,128.566552,35.690996,2020-09-01
3660087100,남산교차로,101,0,128.576513,35.693387,2020-09-01
3660087200,남산리1460-3,101,0,128.568339,35.693529,2020-09-01
3660087300,남산리1460-3,102,0,128.568439,35.69317,2020-09-01
3660087400,이서교,101,0,128.632221,35.641302,2020-09-01
3660087500,명대리513-1,101,0,128.624347,35.64416,2020-09-01
3660087600,송서리548-1,102,0,128.621735,35.64231,2020-09-01
3660087700,냉정지하차도(동측),104,0,128.743837,35.647552,2020-09-01
3660087800,송서리582-1,101,0,128.619748,35.642693,2020-09-01
3610471800,최소노드배치점,107,0,128.590539,37.01077,2025-01-15
3610472200,최소노드배치점,107,0,128.597744,37.071468,2025-01-15
3660087900,송서리581-1,102,0,128.620173,35.64266,2020-09-01
3660088000,봉기리1136,101,0,128.605149,35.635011,2020-09-01
3660088100,봉기리1136,102,0,128.605886,35.63561,2020-09-01
3660088200,봉기리1136,101,0,128.603574,35.63631,2020-09-01
3660088300,봉기리1127,102,0,128.601212,35.636277,2020-09-01
3660088400,봉기리1136,102,0,128.604399,35.63696,2020-09-01
3660088500,봉기리1136,101,0,128.602049,35.637602,2020-09-01
3660088600,봉기리1136,102,0,128.600537,35.63891,2020-09-01
3660088700,봉기리1104,102,0,128.602987,35.638343,2020-09-01
3660088800,봉기리1126,102,0,128.601274,35.636994,2020-09-01
3660088900,가금리516,101,0,128.636321,35.646551,2020-09-01
3660089000,칠엽리산115-5,102,0,128.633509,35.668815,2020-09-01
3660089100,구라리584,101,0,128.654632,35.648801,2020-09-01
3660089200,구라리212-2,101,0,128.659569,35.652059,2020-09-01
3660089300,속성변화점,103,0,128.658325,35.651459,2020-09-01
3660089400,구라리212-2,101,0,128.659906,35.652276,2020-09-01
3660089500,학산리581-1,101,0,128.667061,35.662587,2020-09-01
3660089600,학산리833-1,102,0,128.667481,35.663524,2020-09-01
3660089700,각계리35-3,101,0,128.660806,35.666541,2020-09-01
3660089800,학산리517-4,102,0,128.665606,35.666482,2020-09-01
3660089900,각계리191-3,101,0,128.656307,35.667257,2020-09-01
3660090000,각계리429-7,102,0,128.64712,35.665174,2020-09-01
3660090100,수야리164,101,0,128.653069,35.670215,2020-09-01
3660090200,수야리384-7,101,0,128.652382,35.674298,2020-09-01
3660090300,속성변화점,103,0,128.651057,35.671473,2020-09-01
3660090400,수야리산16-6,102,0,128.649407,35.680856,2020-09-01
3660090500,금촌리646,101,0,128.666756,35.676048,2020-09-01
3660090600,금촌리661-5,102,0,128.662493,35.677556,2020-09-01
3660090700,문수리809,102,0,128.658431,35.693146,2020-09-01
3660090800,소천리139-1,102,0,128.907071,35.750766,2020-09-01
3660091000,냉정지하차도(서측),104,0,128.742187,35.647535,2020-09-01
3660091100,금곡삼거리,101,0,128.556381,35.634486,2020-09-01
3660091200,흑석리1662-11,101,0,128.579061,35.625391,2020-09-01
3660091300,경산시-청도군,105,0,128.720248,35.720458,2020-09-01
3660091400,청도2교,104,0,128.739438,35.695076,2020-09-01
1520007200,매천대교,101,0,128.542192,35.891891,2020-09-01
1520007300,대양빌딩앞,101,0,128.561997,35.859391,2020-09-01
1520007400,삼익신협우편취급국,101,0,128.56888,35.861262,2020-09-01
1520007500,경운초등,101,0,128.553431,35.863067,2020-09-01
1520007600,새길시장입구,101,1,128.571553,35.863587,2020-09-01
1520007700,평강약국,101,0,128.560592,35.864597,2020-09-01
1520007701,평리동1621-20,101,0,128.559743,35.867541,2020-09-01
1520007702,평리동1621-20,101,0,128.559691,35.867716,2020-09-01
1520007800,이현초등남편,101,1,128.552159,35.869967,2020-09-01
1520007900,서부경찰서앞교차로,101,1,128.558669,35.871157,2020-09-01
1520008000,이현초등북편,101,0,128.550707,35.874799,2020-09-01
1520008100,서대구IC입구,101,0,128.534717,35.878889,2020-09-01
1520008200,속성변화점,103,0,128.533826,35.88003,2020-09-01
1520008300,상리동입구,101,0,128.533047,35.881687,2020-09-01
1520008301,이현동258-10,101,0,128.53258,35.881868,2020-09-01
1520008400,북비산초등교입구,102,0,128.563156,35.882829,2020-09-01
1520008500,상리동종점,101,0,128.530107,35.883471,2020-09-01
1520008600,원대네거리2,101,1,128.573164,35.884137,2020-09-01
1520008700,갑을연구소앞,101,0,128.551547,35.887645,2020-09-01
1520010300,매천대교교차로,101,1,128.542398,35.890658,2020-09-01
1520010400,매천대교지하차도동측,104,0,128.545368,35.891944,2020-09-01
1520010500,팔달교지하차도서측,104,0,128.548289,35.893059,2020-09-01
1520029200,방천대교동측,104,0,128.527988,35.88705,2020-09-01
1520029300,중리동26-1,101,0,128.547364,35.865226,2020-09-01
1520029400,중리동730,102,0,128.551901,35.863443,2020-09-01
1520029500,평리동1621-29,102,0,128.554689,35.863801,2020-09-01
1520029600,중리동292-14,102,0,128.541077,35.867792,2020-09-01
1520029700,중리동640-11,101,0,128.539752,35.85931,2020-09-01
1520029800,중리동1164-8,102,0,128.539727,35.859668,2020-09-01
1520029900,평리동1621-16,101,0,128.564213,35.869117,2020-09-01
1520030000,평리2동주민센터,101,0,128.5639,35.871125,2020-09-01
1520030100,평리동1676,101,0,128.565613,35.871209,2020-09-01
1520030200,평리동1621-19,102,0,128.560613,35.867709,2020-09-01
1520030300,평리동1621-22,102,0,128.558138,35.867417,2020-09-01
1520030400,평리동1621-21,102,0,128.557863,35.868417,2020-09-01
1520030500,상리동5-28,102,0,128.526541,35.880191,2020-09-01
1520030600,이현동42-346,102,0,128.536328,35.876175,2020-09-01
1520030700,이현동1-14,101,0,128.544689,35.879774,2020-09-01
1520030800,이현동9-4,102,0,128.544739,35.880233,2020-09-01
1520030900,이현동31-6,102,0,128.543664,35.879824,2020-09-01
1520031000,이현동1-14,102,0,128.545577,35.879708,2020-09-01
1530000100,달성군청삼거리,101,0,128.555903,35.835274,2020-09-01
1530000200,성당네거리,101,1,128.557545,35.837654,2020-09-01
1530000300,두리봉네거리,101,1,128.559329,35.839938,2020-09-01
1530000301,대명동3057,101,1,128.562074,35.843429,2020-09-01
1530000500,두류공원네거리,101,1,128.566946,35.847042,2020-09-01
1530000600,대구남노교회,101,0,128.562276,35.828868,2020-09-01
1530000700,대명고가교차로,101,1,128.564177,35.83033,2020-09-01
1530000800,일광사,101,1,128.572785,35.830498,2020-09-01
1530000900,대한예수회명일교회,101,1,128.571377,35.831437,2020-09-01
1530001000,대명고가교,104,1,128.566259,35.831725,2020-09-01
1530001100,대명고가차도,104,0,128.575063,35.831745,2020-09-01
1530001200,현충삼거리,101,1,128.57953,35.832604,2020-09-01
1530001300,앞산지하도,101,1,128.596243,35.832639,2020-09-01
1530001400,블랑마리에,101,0,128.564989,35.832858,2020-09-01
1530001500,관문교회,101,0,128.558824,35.832877,2020-09-01
1530001600,앞산고가차도,101,0,128.594076,35.833211,2020-09-01
1530001700,효명네거리,101,1,128.600699,35.83363,2020-09-01
1530001800,효명초등학교앞교차로,101,1,128.602949,35.834366,2020-09-01
1530001801,효명초등학교교차로,101,1,128.60367,35.834594,2020-09-01
1530001900,제칠일안식일예수재림교회,101,0,128.596718,35.834744,2020-09-01
1530002000,상동교,104,0,128.60542,35.83485,2020-09-01
1530002100,한국뇌기능개발센터,101,1,128.605271,35.834891,2020-09-01
1530002200,성명네거리,101,1,128.564846,35.834896,2020-09-01
1530002300,와우커피,101,0,128.57137,35.834904,2020-09-01
1530002301,대명동1291,101,0,128.571403,35.837121,2020-09-01
1530002400,은적사포교원,101,0,128.573478,35.835123,2020-09-01
1530002500,동심교회,101,0,128.600291,35.835286,2020-09-01
1530002600,남명삼거리,101,0,128.579683,35.835499,2020-09-01
1530002700,효성타운2차아파트,101,0,128.602139,35.835993,2020-09-01
1530002701,봉덕동1098-18,101,0,128.604006,35.836483,2020-09-01
1530002800,대영가스,101,0,128.605273,35.836339,2020-09-01
1530002900,대명119안전센터,101,1,128.579761,35.836981,2020-09-01
1530003000,대구성약교회,101,0,128.602187,35.838178,2020-09-01
1530003001,봉덕동1046-2,101,0,128.60468,35.838841,2020-09-01
1530003100,중동교지하차도,104,0,128.605547,35.838472,2020-09-01
1530003200,봉덕제일교회,101,0,128.598779,35.83857,2020-09-01
1530003300,안지랑네거리,101,1,128.576962,35.838843,2020-09-01
1530003400,안지랑네거리,101,1,128.576764,35.839063,2020-09-01
1530003500,대명역네거리,101,1,128.564558,35.83927,2020-09-01
1530003501,대구대명초등학교,101,0,128.569616,35.839514,2020-09-01
1530003600,KTG대구본부,101,1,128.571388,35.839414,2020-09-01
1530003700,앞산네거리,101,1,128.579917,35.840194,2020-09-01
3610590200,최소노드배치점,107,0,128.508835,37.139558,2025-01-15
1530003701,캠프워크교차로,101,0,128.582771,35.8416,2020-09-01
1530003800,테라세미콘,101,1,128.601076,35.840791,2020-09-01
1530003801,봉덕동1021-11,101,0,128.602987,35.841013,2020-09-01
1530003900,봉덕네거리,101,1,128.597993,35.840986,2020-09-01
1530004000,채송화어린이집,101,1,128.604402,35.841178,2020-09-01
1530004100,중동교,104,0,128.606458,35.84148,2020-09-01
1530004200,중동교남단교차로,101,1,128.60627,35.841515,2020-09-01
1530004201,봉덕동878-14,101,0,128.606199,35.843138,2020-09-01
1530004300,중동교남단교차로,101,1,128.60608,35.841542,2020-09-01
1530004400,봉덕성당,101,1,128.604315,35.841791,2020-09-01
1530004401,봉덕동946-2,101,0,128.604107,35.843265,2020-09-01
1530004500,실명특별지회,101,0,128.600717,35.842288,2020-09-01
1530004600,효봉네거리,101,0,128.598115,35.842486,2020-09-01
1530004601,봉덕3동행정복지센터,101,0,128.595638,35.842677,2020-09-01
1530004700,경일미르,101,0,128.593373,35.842864,2020-09-01
1530004800,중동지하차도,104,0,128.606187,35.843419,2020-09-01
1530004900,희망교지하차도,101,1,128.605996,35.844407,2020-09-01
1530005000,봉덕시장네거리,101,1,128.603931,35.844511,2020-09-01
1530005001,이천동541-2,101,0,128.604155,35.846846,2020-09-01
1530005002,봉덕동959-2,101,0,128.604069,35.845995,2020-09-01
1530005100,봉천지구대,101,1,128.600956,35.84471,2020-09-01
1530005101,봉덕동750-3,101,0,128.60061,35.847153,2020-09-01
1530005200,남구청네거리,101,1,128.598317,35.844878,2020-09-01
1530005201,봉덕1동행정복지센터,101,1,128.595875,35.845035,2020-09-01
1530005300,영대네거리,101,1,128.594812,35.845102,2020-09-01
1530005400,영대병원네거리,101,1,128.590487,35.845347,2020-09-01
1530005500,희망지하차도,101,0,128.605817,35.845346,2020-09-01
1530005501,이천동586-11,101,0,128.605816,35.845504,2020-09-01
1530005600,호야북카페,101,0,128.590517,35.846049,2020-09-01
1530005700,영대병원앞교차로,101,1,128.590559,35.847056,2020-09-01
1530005800,희망교,104,0,128.606015,35.847466,2020-09-01
1530005900,희망교남단교차로,101,1,128.605804,35.84748,2020-09-01
1530005901,이천동237-85,101,0,128.606412,35.850164,2020-09-01
1530006000,이천동우편물취급국,101,1,128.604117,35.847594,2020-09-01
1530006001,이천동361-45,101,0,128.602699,35.847685,2020-09-01
1540006301,칠곡네거리,101,1,128.547785,35.93297,2020-09-01
1540006302,칠곡네거리,101,0,128.548564,35.933426,2020-09-01
1540006400,칠곡IC,106,0,128.534207,35.932885,2020-09-01
1540006500,북구-칠곡군,105,0,128.53379,35.933593,2020-09-01
1540006600,칠곡IC,106,1,128.537603,35.93425,2020-09-01
1540006700,칠곡지하차도,101,1,128.548777,35.934767,2020-09-01
1540007000,칠곡IC,106,0,128.536984,35.938931,2020-09-01
1540007200,칠곡우체국네거리,101,1,128.551376,35.94698,2020-09-01
1540007201,칠곡치안센터,101,1,128.551195,35.945923,2020-09-01
1540007202,칠곡초등학교교차로,101,1,128.551035,35.944898,2020-09-01
1540007203,읍내동1235-6,101,1,128.554141,35.953327,2020-09-01
1540007204,읍내동1236-57,101,1,128.553183,35.951155,2020-09-01
1540007205,읍내동1240-1,101,1,128.552493,35.949597,2020-09-01
1540007206,읍내동1235-6,101,1,128.553758,35.952471,2020-09-01
1540007207,읍내동1240-1,101,1,128.552767,35.95021,2020-09-01
1540007208,칠곡중학교,101,1,128.551929,35.948352,2020-09-01
1540007500,읍내터널,104,0,128.550869,35.958648,2020-09-01
1540007600,북구읍내동1234-147,101,0,128.553531,35.958761,2020-09-01
1540007601,동호동416-13,101,0,128.555426,35.9593,2020-09-01
1540007700,읍내터널,104,0,128.551022,35.961675,2020-09-01
1540007800,칠곡군-북구,105,0,128.55137,35.961741,2020-09-01
1540008000,동인지하차도,101,1,128.605344,35.874361,2020-09-01
1540008100,칠성교네거리,101,1,128.606284,35.875988,2020-09-01
1540008200,칠성교네거리,104,0,128.606352,35.876156,2020-09-01
1540008300,칠성시장네거리,101,1,128.604154,35.876342,2020-09-01
1540008400,대성시장교차로,101,0,128.601376,35.876534,2020-09-01
1540008401,대성시장교차로,101,0,128.600557,35.876707,2020-09-01
1540008500,속성변화점,103,0,128.599333,35.876965,2020-09-01
1540008501,칠성동2가438-17,101,0,128.597593,35.877267,2020-09-01
1540008502,대구역북편교차로,101,1,128.596016,35.87758,2020-09-01
1540008600,엔제리너스대구칠성시장역점,101,0,128.605646,35.877402,2020-09-01
1540008601,대현동343-7,101,0,128.604801,35.878371,2020-09-01
1540008602,대현동512,101,0,128.603693,35.880036,2020-09-01
1540008700,대구역북편교차로,101,1,128.595155,35.877742,2020-09-01
1540008701,대구역북편교차로,101,1,128.594213,35.877928,2020-09-01
1540008702,칠성동2가715,101,0,128.592682,35.878229,2020-09-01
1540008800,동진수산,101,1,128.603263,35.877974,2020-09-01
1540008900,칠성치안센터,101,0,128.601375,35.878456,2020-09-01
1540009000,라팡시아대구점,101,1,128.588805,35.878993,2020-09-01
1540009100,더큐브커피로스터스,101,1,128.595685,35.879432,2020-09-01
1540009101,칠성동2가348-1,101,1,128.594797,35.879619,2020-09-01
1540009102,칠성동2가71-5,101,0,128.589987,35.880466,2020-09-01
1540009103,칠성동2가369-13,101,0,128.595928,35.880218,2020-09-01
1540009200,라팡시아대구점,101,1,128.589052,35.879801,2020-09-01
1540009300,달성중앙교회,101,0,128.582345,35.879854,2020-09-01
1540009400,고성동주민센터네거리,101,0,128.58032,35.880171,2020-09-01
1540009500,속성변화점,103,0,128.585195,35.88058,2020-09-01
1540009600,족발참잘하는집,101,1,128.589304,35.880583,2020-09-01
1540009700,무지개숲어린이집,101,0,128.609017,35.880716,2020-09-01
1540009701,대현동439-14,101,0,128.603721,35.882632,2020-09-01
1540009702,대현동395-3,101,0,128.607374,35.881543,2020-09-01
1540009800,푸르지오독서실,101,1,128.601595,35.881028,2020-09-01
1540009900,달성중앙교회,101,0,128.582713,35.88107,2020-09-01
1540010000,달성초등네거리,101,1,128.580729,35.881479,2020-09-01
1540010100,대구광역시무형문화재연합회,101,1,128.596496,35.882057,2020-09-01
1540010101,칠성동2가1757,101,1,128.593696,35.882637,2020-09-01
1540010200,신창교회,101,1,128.609752,35.882469,2020-09-01
1540010201,대현동158-1,101,1,128.60833,35.882854,2020-09-01
1540010300,코끼리식육식당,101,0,128.602631,35.882599,2020-09-01
1540010400,경대지하차도,104,0,128.600856,35.883067,2020-09-01
1540010500,남침산네거리,101,1,128.590212,35.88341,2020-09-01
1540010501,칠성동2가90,101,1,128.585926,35.884291,2020-09-01
1540010600,경대교지하차도,104,0,128.6007,35.88438,2020-09-01
1540010700,서주우유중부대리점,101,0,128.602433,35.884426,2020-09-01
1540010800,대구광역시립북부도서관,101,1,128.584557,35.884573,2020-09-01
1540010900,고성네거리,101,1,128.581888,35.885139,2020-09-01
1540010901,노원동1가12-16,101,1,128.582617,35.887381,2020-09-01
1540011000,정관장침산점,101,1,128.590886,35.885614,2020-09-01
1540011100,노원동사무소앞교차로,101,1,128.579375,35.886177,2020-09-01
1540011101,노원동1가229,101,0,128.580095,35.887914,2020-09-01
1540011200,경대교지하차도,101,1,128.600579,35.886328,2020-09-01
1540011300,경대교,104,0,128.600788,35.886328,2020-09-01
1540011400,경대교,104,0,128.601966,35.88633,2020-09-01
1540011500,경대교앞,101,1,128.602416,35.886331,2020-09-01
1540011600,MH엘퍼스트오페라관리실,101,1,128.585721,35.886695,2020-09-01
1540011700,동침산네거리,101,1,128.597992,35.886894,2020-09-01
1540011701,침산2동주민센터,101,1,128.596283,35.887244,2020-09-01
1540011702,침산2동주민센터,101,1,128.595883,35.887325,2020-09-01
1540011800,원대오거리,101,1,128.575916,35.887606,2020-09-01
1540011900,경북대학교서문앞교차로,101,1,128.601956,35.887946,2020-09-01
1540012000,SC제일은행원대동지점,101,0,128.572862,35.888087,2020-09-01
3610591800,최소노드배치점,107,0,128.583623,37.128655,2025-01-15
1540012100,침산네거리,101,1,128.591672,35.888187,2020-09-01
1540012200,대구노원동우체국,101,0,128.570826,35.888404,2020-09-01
1540012201,노원동3가781-1,101,0,128.569465,35.888613,2020-09-01
1540012300,침산제일어린이집,101,1,128.598498,35.888489,2020-09-01
1540012400,도청교,104,0,128.598568,35.888726,2020-09-01
1540012500,팔달네거리,101,1,128.56853,35.888757,2020-09-01
1540012600,북침산치안센터,101,0,128.579705,35.88881,2020-09-01
1540012601,노원동1가3-8,101,1,128.580962,35.889201,2020-09-01
1540012700,도청지하차도,104,0,128.597256,35.889061,2020-09-01
1540012800,주사랑교회,101,0,128.573222,35.889186,2020-09-01
1540012900,대아씨푸드,101,0,128.56548,35.88922,2020-09-01
1540013000,달산초등학교앞교차로,101,1,128.586505,35.88925,2020-09-01
1540013100,삼영교회,101,0,128.571211,35.889643,2020-09-01
1540013200,삼영사랑마을아파트,101,0,128.579217,35.889724,2020-09-01
1540013300,오봉오거리,101,1,128.583431,35.889885,2020-09-01
1540013400,체육관삼거리,101,1,128.600485,35.889965,2020-09-01
1540013500,도청교동편,104,0,128.598943,35.890008,2020-09-01
1540013600,노원동주민센터앞교차로,101,1,128.576706,35.890286,2020-09-01
1540013700,축산물종합유통산격점,101,1,128.605215,35.890439,2020-09-01
1540013800,경북도청사거리,101,1,128.599127,35.890638,2020-09-01
1540013900,성북지하차도,104,0,128.593773,35.890922,2020-09-01
1540014000,노원2가치안센터,101,0,128.5738,35.89093,2020-09-01
1540014100,침산초등학교앞교차로,101,0,128.586859,35.890957,2020-09-01
1540014101,침산동산15-3,101,0,128.587351,35.894233,2020-09-01
1540014102,침산동476-7,101,1,128.588171,35.891364,2020-09-01
1540014200,새현무태권도,101,0,128.571758,35.891389,2020-09-01
1540014201,노원동3가1022,101,0,128.570446,35.891685,2020-09-01
1540014300,북침산네거리,101,0,128.589806,35.89187,2020-09-01
1540014301,침산동335,101,1,128.590861,35.892198,2020-09-01
1540014302,침산동550-3,101,0,128.589765,35.894056,2020-09-01
1540014400,GS25체육관점,101,0,128.602861,35.892568,2020-09-01
1540014500,호두나무아래서커피생각,101,0,128.60521,35.892594,2020-09-01
1540014600,성북교남단교차로,101,1,128.59232,35.892651,2020-09-01
1540014700,성북교,104,0,128.59252,35.89274,2020-09-01
1540014800,성북교사거리,104,0,128.593474,35.893161,2020-09-01
1540022300,검단1교,101,0,128.613289,35.914595,2020-09-01
1540022301,검단동539-8,101,0,128.614762,35.91493,2020-09-01
1540022302,검단동539-8,101,0,128.616413,35.915211,2020-09-01
1540022400,서변고가차도,104,0,128.595463,35.914887,2020-09-01
1540022500,햇살어린이집,101,0,128.603792,35.915036,2020-09-01
1540022600,서변지하차도,104,0,128.599596,35.915097,2020-09-01
1540022700,운아동발달셀터,101,0,128.619597,35.915753,2020-09-01
1540022701,검단동658-1,101,0,128.621687,35.916124,2020-09-01
1540022800,고촌지하차도,101,1,128.597679,35.915733,2020-09-01
1540022801,서변동1726,101,0,128.596617,35.917302,2020-09-01
1540022802,서변동1726,101,0,128.596587,35.917937,2020-09-01
1540022803,서변동1726,101,0,128.596587,35.918295,2020-09-01
1540022900,검단2교,101,0,128.62342,35.916433,2020-09-01
1540023000,속성변화점,103,0,128.630051,35.916467,2020-09-01
1540023100,서변교네거리,101,1,128.599358,35.916532,2020-09-01
1540023200,동화교,101,0,128.601033,35.916592,2020-09-01
1540023300,커피케이지,101,0,128.603743,35.916722,2020-09-01
1540023400,정성축산유통,101,0,128.596587,35.919049,2020-09-01
1540023401,서변동1744,101,0,128.594698,35.919065,2020-09-01
1540023402,대구서변초등학교,101,0,128.594427,35.920003,2020-09-01
1540023403,서변동1726,101,0,128.596596,35.920028,2020-09-01
1540023404,서변동1753-8,101,0,128.595043,35.919027,2020-09-01
1540023405,서변동1754-9,101,0,128.595583,35.919035,2020-09-01
1540023406,서변동1755-9,101,0,128.596019,35.919041,2020-09-01
1540023407,서변동1771,101,0,128.598446,35.919057,2020-09-01
1540023500,서변고가차도,101,0,128.599376,35.919061,2020-09-01
1540023600,바다회축제,101,0,128.600897,35.919476,2020-09-01
1540023601,동변동677,101,0,128.602224,35.919535,2020-09-01
1540023602,동변동680,101,0,128.600779,35.920734,2020-09-01
1540023603,동변동680,101,0,128.600874,35.919851,2020-09-01
1540023700,사랑주는교회,101,0,128.603598,35.919552,2020-09-01
1540023701,동변동681,101,1,128.603572,35.920786,2020-09-01
1540023800,동변교회,101,0,128.606071,35.919629,2020-09-01
1540023801,동변동364-1,101,0,128.605305,35.920938,2020-09-01
1540023900,동변교앞,101,1,128.599416,35.921105,2020-09-01
1540024000,무태파출소,101,0,128.59663,35.921121,2020-09-01
1540024001,대구서변초등학교,101,0,128.595572,35.921138,2020-09-01
1540024002,무태조야동행정복지센터,101,0,128.596046,35.921132,2020-09-01
1540024003,서변동1771,101,0,128.598447,35.921111,2020-09-01
1540024100,동변교,101,0,128.60076,35.921123,2020-09-01
1540024101,동변동492,101,0,128.602133,35.921184,2020-09-01
1540024102,동변동661,101,0,128.601519,35.921164,2020-09-01
1540024200,동변제일교회,101,0,128.603549,35.921227,2020-09-01
1540024300,서변지하차도,104,0,128.599489,35.922656,2020-09-01
1540024400,조야동산21-2,102,0,128.578006,35.923204,2020-09-01
1540024500,칠석대리점,101,0,128.596781,35.924447,2020-09-01
1540024501,서변동1724,101,0,128.596938,35.927447,2020-09-01
1540024502,서변동1726,101,0,128.596862,35.926637,2020-09-01
1540024503,서변동1726,101,0,128.596824,35.925619,2020-09-01
1540024504,서변동1769,101,0,128.598446,35.924461,2020-09-01
1540024600,목자교회,101,0,128.599304,35.924468,2020-09-01
1540024700,구암교동측,101,0,128.550395,35.925308,2020-09-01
1540024800,구암교,101,0,128.549183,35.925433,2020-09-01
1540024900,이마트24대구보건대점,101,0,128.54407,35.925944,2020-09-01
1540024901,태전동937,101,0,128.544515,35.929535,2020-09-01
1540025000,구암중학교앞교차로,101,1,128.557297,35.926377,2020-09-01
1540025001,구암중학교교차로,101,1,128.557664,35.926659,2020-09-01
1540025002,함지고등학교,101,1,128.559301,35.927918,2020-09-01
1540025003,구암동761-1,101,1,128.560514,35.928985,2020-09-01
1540025100,태전고가교,104,0,128.538685,35.927194,2020-09-01
1540025200,도곡네거리,101,1,128.598933,35.927458,2020-09-01
1540025201,연경동975,101,1,128.614102,35.941467,2020-09-01
1540025300,온누리유통,101,0,128.555359,35.928118,2020-09-01
1540025301,농어촌공사네거리,101,0,128.558105,35.930971,2020-09-01
1540025302,구암동713,101,0,128.557846,35.930099,2020-09-01
1540025303,구암동714,101,0,128.554215,35.928208,2020-09-01
1540025400,태암교네거리,101,0,128.552677,35.928328,2020-09-01
1540025401,운암교네거리,101,1,128.55464,35.931294,2020-09-01
1540025500,태암교,101,0,128.551514,35.928435,2020-09-01
1540025501,대구관천초등학교,101,0,128.552272,35.929675,2020-09-01
1540025502,태전동1030,101,0,128.550702,35.928517,2020-09-01
1540025700,구암네거리,101,1,128.561463,35.93137,2020-09-01
1540025701,구암동839,101,1,128.563321,35.931573,2020-09-01
1540025800,농어촌공사네거리,101,1,128.558227,35.931637,2020-09-01
1540025801,구암동887,101,0,128.556677,35.931775,2020-09-01
1540025802,농어촌공사네거리,101,0,128.55831,35.932268,2020-09-01
1540025900,운암교네거리,101,1,128.555015,35.931932,2020-09-01
1540025901,운암교네거리,101,0,128.555266,35.932564,2020-09-01
1540026000,운암교,101,1,128.553847,35.932042,2020-09-01
1540026100,태전고가교,104,0,128.540001,35.932857,2020-09-01
1540026200,대한불교대학대관음사칠곡도량,101,1,128.566064,35.933236,2020-09-01
1540026201,구암동835-1,101,1,128.566318,35.934897,2020-09-01
1540026202,구암동837,101,0,128.563464,35.933392,2020-09-01
3610486900,최소노드배치점,107,0,128.664357,37.08823,2025-01-15
1540026203,운암중학교,101,0,128.564662,35.933319,2020-09-01
1540026300,북구서변동산93-6,101,0,128.596014,35.933326,2020-09-01
1540026400,운암중학교교차로,101,1,128.561932,35.933486,2020-09-01
1540026500,태전공원네거리,101,1,128.544393,35.933757,2020-09-01
1540026600,대구함지초등학교병설유치원,101,0,128.558526,35.93391,2020-09-01
1540026601,동평초등네거리,101,1,128.559557,35.93643,2020-09-01
1540026602,동천동883,101,1,128.557259,35.934096,2020-09-01
1540026603,대구함지초등학교,101,0,128.558732,35.935003,2020-09-01
1540026700,칠곡IC네거리,106,1,128.540625,35.934026,2020-09-01
1540026701,관음동1110,101,0,128.541023,35.935958,2020-09-01
1540026800,참물샘공원삼거리,101,0,128.556023,35.934473,2020-09-01
1540026801,동천동965,101,0,128.556229,35.935711,2020-09-01
1540026900,국우터널,104,0,128.592696,35.935358,2020-09-01
1540027000,국우터널,104,0,128.593156,35.935533,2020-09-01
1540027100,운암초등삼거리,101,1,128.5666,35.935988,2020-09-01
1540027101,구암동835,101,1,128.568856,35.939426,2020-09-01
1540027102,구암동835-1,101,0,128.567443,35.937374,2020-09-01
1540027200,동천네거리,101,1,128.562439,35.936489,2020-09-01
1540027300,칠곡농협동평지점,101,0,128.559643,35.936839,2020-09-01
1540027301,동천동행정복지센터,101,0,128.558411,35.936993,2020-09-01
1540027302,동천동963-2,101,1,128.559907,35.93826,2020-09-01
1540027400,동천교네거리,101,0,128.556703,35.937207,2020-09-01
1540027401,동천동963,101,0,128.557726,35.938557,2020-09-01
1540027500,동천교,104,0,128.555125,35.937435,2020-09-01
1540027600,강북영광교회,101,1,128.569505,35.940161,2020-09-01
1540027601,구암동836,101,0,128.568458,35.940836,2020-09-01
1540027700,작은인문학도서관고인돌,101,1,128.563357,35.941548,2020-09-01
1540027701,동천동959-4,101,1,128.563536,35.942547,2020-09-01
1540027702,동천동960-2,101,1,128.562622,35.941639,2020-09-01
1540027800,클라우드애견카페,101,0,128.560597,35.94189,2020-09-01
1540027801,동천동962,101,0,128.560781,35.942866,2020-09-01
1540027802,동천동962,101,1,128.560977,35.943903,2020-09-01
1540027803,동천동962,101,1,128.56093,35.943651,2020-09-01
1540027804,동천동960-2,101,1,128.558622,35.942133,2020-09-01
1540027900,국우터널,104,0,128.590056,35.94201,2020-09-01
1540028000,국우터널,104,0,128.59035,35.94203,2020-09-01
1540028100,동천성당,101,1,128.557969,35.942213,2020-09-01
1560000301,대천동500-4,101,0,128.522017,35.818368,2020-09-01
1560000302,진천동587-1,101,0,128.523526,35.815202,2020-09-01
1560000303,대천동550-1,101,0,128.522463,35.817434,2020-09-01
1560000400,우리은행상인동지점,101,1,128.532677,35.817255,2020-09-01
1560000401,상인동192-1,101,1,128.534518,35.818041,2020-09-01
1560000600,상인네거리,101,1,128.537875,35.819017,2020-09-01
1560000800,송현119안전센터,101,1,128.541581,35.820131,2020-09-01
1560000801,상인동1-9,101,0,128.54336,35.821526,2020-09-01
1560001000,월촌역앞교차로,101,1,128.545487,35.823726,2020-09-01
1560001100,월배농협송현역지점,101,1,128.550757,35.829879,2020-09-01
1560001200,삼일호텔네거리,101,1,128.554384,35.833595,2020-09-01
1560001300,남대구IC,106,1,128.52712,35.836147,2020-09-01
1560001400,남대구IC입구,106,1,128.526101,35.837039,2020-09-01
1560001500,남대구IC,106,1,128.529588,35.837248,2020-09-01
1560001600,남대구IC,106,1,128.527784,35.837977,2020-09-01
1560001700,성서IC,106,1,128.52485,35.845137,2020-09-01
1560001701,성서IC,106,0,128.521878,35.849397,2020-09-01
1560001800,성서IC,106,1,128.52551,35.848761,2020-09-01
1560001801,성서IC,106,0,128.526329,35.848733,2020-09-01
1560002000,용산네거리,101,1,128.53071,35.849469,2020-09-01
1560002001,죽전동338-2,101,0,128.533414,35.849853,2020-09-01
1560002002,죽전동338,101,0,128.534814,35.84998,2020-09-01
1560002100,죽전네거리,101,1,128.537237,35.850185,2020-09-01
1560002101,죽전동338,101,1,128.537398,35.85676,2020-09-01
1560002200,성서IC,106,1,128.520257,35.85048,2020-09-01
1560002300,이곡역사거리,101,1,128.515767,35.850761,2020-09-01
1560002400,대구용전초등학교병설유치원,101,0,128.530633,35.861431,2020-09-01
1560002700,신당네거리,101,1,128.491983,35.85158,2020-09-01
1560002701,호산동76-4,101,0,128.485734,35.852436,2020-09-01
1560003000,성서네거리,101,1,128.507178,35.851825,2020-09-01
1560003100,카페셀렉트,101,1,128.541184,35.851773,2020-09-01
1560003200,한빛마을어린이집,101,1,128.499716,35.851966,2020-09-01
1560003201,성서순복음교회,101,0,128.501545,35.852047,2020-09-01
1560003300,엘리나웨딩,101,0,128.504813,35.852101,2020-09-01
1560003301,명성빌딩,101,0,128.503586,35.852171,2020-09-01
1560003302,이곡동1219,101,1,128.50492,35.852711,2020-09-01
1560003303,이곡동1219,101,0,128.504945,35.853477,2020-09-01
1560003304,이곡동1219,101,1,128.504902,35.852581,2020-09-01
1560003700,강창역,101,1,128.478103,35.853223,2020-09-01
1560003701,파호동447-27,101,0,128.476432,35.853243,2020-09-01
1560003800,푸른초장교회,101,1,128.473561,35.853326,2020-09-01
1560003900,강창교동측,104,0,128.473376,35.853352,2020-09-01
1560004000,성서IC,106,1,128.522171,35.853324,2020-09-01
1560004201,상원초등학교,101,0,128.549987,35.80683,2020-09-01
1560004202,상원초등학교,101,0,128.550144,35.806432,2020-09-01
1560004300,해오름유치원,101,1,128.535305,35.804223,2020-09-01
1560004301,도원동1463,101,1,128.537836,35.803979,2020-09-01
1560004302,도원동1463,101,0,128.532287,35.80461,2020-09-01
1560004303,도원동1463,101,0,128.539188,35.804957,2020-09-01
1560004400,문화파출소달서,101,1,128.539568,35.806515,2020-09-01
1560004401,도원동1462,101,1,128.542701,35.807259,2020-09-01
1560004500,도원네거리,101,1,128.535702,35.806912,2020-09-01
1560004600,도원동행정복지센터,101,1,128.531801,35.807318,2020-09-01
1560004700,은행아파트앞교차로,101,1,128.5517,35.80821,2020-09-01
1560004701,월곡초등학교,101,1,128.548564,35.812416,2020-09-01
1560004702,월곡초등학교,101,0,128.548595,35.812052,2020-09-01
1560004703,장미아파트앞교차로,101,0,128.554417,35.808295,2020-09-01
1560004704,상인3동행정복지센터,101,0,128.550272,35.810337,2020-09-01
1560004800,월곡네거리,101,1,128.548658,35.808225,2020-09-01
1560004801,상인동1514-1,101,1,128.54637,35.810586,2020-09-01
1560004802,도원동1396-295,101,1,128.545209,35.808284,2020-09-01
1560004900,비둘기아파트,101,0,128.557983,35.808274,2020-09-01
1560005000,한국토지주택공사,101,1,128.543018,35.808347,2020-09-01
1560005100,진천남네거리,101,1,128.527064,35.808943,2020-09-01
1560005200,진천남네거리,101,0,128.526942,35.809163,2020-09-01
1560005201,진천동504-3,101,0,128.52474,35.81298,2020-09-01
1560005300,도원동1396-295,101,0,128.539978,35.809299,2020-09-01
1560005400,이디야커피대구진천점,101,1,128.532011,35.809733,2020-09-01
1560005500,상화네거리,101,1,128.536088,35.809918,2020-09-01
1560005600,대동시장네거리,101,0,128.536366,35.811513,2020-09-01
1560005601,상인동1477,101,0,128.537994,35.811347,2020-09-01
1560005602,한양은하아파트교차로,101,0,128.540344,35.811097,2020-09-01
1560005700,상인남네거리,101,1,128.54467,35.812303,2020-09-01
1560005701,상인동1514-1,101,1,128.54215,35.814351,2020-09-01
1560005800,월촌고가차도,104,0,128.549595,35.813355,2020-09-01
1560005900,대구도시철도공사월배기지사업소,101,0,128.514947,35.813924,2020-09-01
1560005901,유천동537-13,101,1,128.512069,35.815886,2020-09-01
1560005902,유천동537-13,101,1,128.512497,35.815594,2020-09-01
1560005903,대구한샘초등학교,101,0,128.517996,35.81682,2020-09-01
1560005904,유천동610,101,1,128.516461,35.815352,2020-09-01
1560005905,대구한샘초등학교,101,1,128.518757,35.817541,2020-09-01
3610487200,최소노드배치점,107,0,128.633307,37.144805,2025-01-15
1560005906,대천동355-4,101,0,128.520275,35.818528,2020-09-01
1560006000,매일수산회직판장,101,0,128.547897,35.814366,2020-09-01
1560006100,월촌고가교차로,101,1,128.54975,35.815588,2020-09-01
1560006200,상인고가차도,104,0,128.539582,35.816649,2020-09-01
1560006201,롯데백화점,101,0,128.538489,35.818138,2020-09-01
1560006202,상인동1477,101,0,128.539111,35.817255,2020-09-01
1560006300,월촌고가차도,104,0,128.549289,35.81708,2020-09-01
1560006500,대서지하차도,104,0,128.54951,35.818582,2020-09-01
1560006600,대구경북양돈농협대천지점,101,1,128.521548,35.81935,2020-09-01
1560006601,월성동1573-2,101,1,128.519976,35.820487,2020-09-01
1560006700,청소년수련원앞교차로,101,1,128.551321,35.820161,2020-09-01
1560006701,송현동2040,101,0,128.547923,35.82222,2020-09-01
1560006900,상인고가차도,104,0,128.535857,35.820593,2020-09-01
1560007001,대천동791-1,101,1,128.492432,35.820847,2020-09-01
1560007100,조암네거리,101,1,128.5183,35.821638,2020-09-01
1560007200,대서지하차도,104,0,128.553283,35.822753,2020-09-01
1560007300,월성남네거리,101,1,128.532747,35.823097,2020-09-01
1560007400,관음사,101,0,128.554621,35.824569,2020-09-01
1560007500,대천119안전센터,101,1,128.507399,35.824811,2020-09-01
1560007501,월암동922-7,101,0,128.509692,35.824831,2020-09-01
1560007600,평화교재,101,0,128.499954,35.824868,2020-09-01
1560007700,달서구대천동821,101,1,128.492336,35.824926,2020-09-01
1560007701,대천동880,101,0,128.492242,35.827631,2020-09-01
1560007702,대천동689,101,0,128.497194,35.824889,2020-09-01
1560007703,대천동692-1,101,0,128.494952,35.824906,2020-09-01
1560007800,학산남삼거리,101,0,128.543976,35.826019,2020-09-01
1560007900,월성네거리,101,1,128.529808,35.826159,2020-09-01
1560008000,로얄앤컴퍼니,101,1,128.56014,35.827731,2020-09-01
1560008100,백련사,101,1,128.559526,35.828195,2020-09-01
1560008101,송현동2018,101,1,128.555728,35.831946,2020-09-01
1560008102,송현동2018,101,0,128.555967,35.830869,2020-09-01
1560008200,월배농협달서지점,101,1,128.532975,35.828786,2020-09-01
1560008300,송현피노키오어린이집,101,0,128.552015,35.829181,2020-09-01
1560008400,월성북네거리,101,1,128.526226,35.829929,2020-09-01
1560008401,대건고교교차로,101,0,128.526989,35.834558,2020-09-01
1560008402,월성동78,101,1,128.524438,35.831845,2020-09-01
1560008403,월성동1101,101,0,128.525207,35.832817,2020-09-01
1560008404,학산초교앞교차로,101,0,128.527326,35.830625,2020-09-01
1560015101,호산동721,101,1,128.485798,35.843203,2020-09-01
1560015102,호산동721,101,1,128.485803,35.842595,2020-09-01
1560015200,무한기술,101,0,128.481806,35.842014,2020-09-01
1560015300,성서공단회관,101,1,128.478067,35.842015,2020-09-01
1560015400,테이크아웃커피엠,101,0,128.48809,35.842028,2020-09-01
1560015401,호산동721,101,0,128.488099,35.843195,2020-09-01
1560015402,호산동721,101,0,128.488094,35.84372,2020-09-01
1560015403,호산동721,101,0,128.488095,35.842603,2020-09-01
1560015500,CU성서성덕점,101,0,128.490375,35.842028,2020-09-01
1560015501,호산동717,101,0,128.491056,35.842042,2020-09-01
1560015502,호산동721,101,0,128.490373,35.843203,2020-09-01
1560015503,호산동721,101,0,128.490373,35.843711,2020-09-01
1560015600,NH농협은행성서기업금융지점,101,0,128.492031,35.842061,2020-09-01
1560015700,덕영섬유,101,0,128.512559,35.843,2020-09-01
1560015800,수성레미콘,101,0,128.51584,35.843006,2020-09-01
1560015900,옥성섬유,101,0,128.510892,35.843193,2020-09-01
1560016000,금강밸브,101,0,128.473465,35.843202,2020-09-01
1560016100,우신공업,101,1,128.478071,35.843207,2020-09-01
1560016200,일광특수강,101,0,128.47486,35.843208,2020-09-01
1560016300,태화산업,101,0,128.481815,35.843219,2020-09-01
1560016400,금봉네거리,101,1,128.552901,35.843418,2020-09-01
1560016401,성당동750-1,101,1,128.552107,35.845147,2020-09-01
1560016500,두류시장네거리,101,1,128.544851,35.843486,2020-09-01
1560016501,성당동750-1,101,1,128.546815,35.843467,2020-09-01
1560016502,성당동750-1,101,0,128.548864,35.843443,2020-09-01
1560016600,본리초교사거리,101,1,128.537079,35.843542,2020-09-01
1560016601,감삼동360-4,101,1,128.541478,35.843518,2020-09-01
1560016602,감삼동496,101,0,128.539553,35.843537,2020-09-01
1560016700,장기네거리,101,1,128.530613,35.843624,2020-09-01
1560016701,장기동813-6,101,0,128.528376,35.843613,2020-09-01
1560016702,대구장기초등학교,101,0,128.529378,35.843617,2020-09-01
1560016703,감삼동491-1,101,1,128.536078,35.843571,2020-09-01
1560016704,장기동813-5,101,1,128.530605,35.845086,2020-09-01
1560016705,장기동562-3,101,1,128.532466,35.843606,2020-09-01
1560016706,대구장동초등학교,101,0,128.53249,35.845084,2020-09-01
1560016707,감삼동575-1,101,0,128.532544,35.848145,2020-09-01
1560016708,장기동510-6,101,0,128.532516,35.846537,2020-09-01
1560016800,갈산네거리,101,1,128.507253,35.844,2020-09-01
1560016900,달구벌숯불막창,101,1,128.472276,35.844427,2020-09-01
1560017000,승진강업,101,1,128.473438,35.844436,2020-09-01
1560017100,케이이,101,1,128.474866,35.844446,2020-09-01
1560017101,파호동91-1,101,0,128.474888,35.848456,2020-09-01
1560017102,파호동94,101,1,128.47642,35.844458,2020-09-01
1560017103,파호동91-3,101,0,128.476408,35.848454,2020-09-01
1560017200,대유도료,101,1,128.485788,35.844459,2020-09-01
1560017300,신안개발,101,1,128.481796,35.844469,2020-09-01
1560017400,희성네거리,101,1,128.478076,35.844471,2020-09-01
1560017500,대구은행성서3단지지점,101,0,128.488086,35.844478,2020-09-01
1560017600,IBK기업은행성서3차단지지점,101,1,128.490378,35.844497,2020-09-01
1560017700,호림네거리,101,1,128.492053,35.844511,2020-09-01
1560017701,신당동1095,101,1,128.491952,35.848171,2020-09-01
1560017702,신당동1095,101,1,128.491958,35.848743,2020-09-01
1560017703,신당동1095,101,0,128.491961,35.846642,2020-09-01
1560017800,피앤테크,101,0,128.503615,35.844797,2020-09-01
1560017900,갈산공원네거리,101,1,128.499819,35.844798,2020-09-01
1560018000,성창실업,101,0,128.502238,35.844877,2020-09-01
1560018100,대구축산농협달서지점,101,1,128.544505,35.845961,2020-09-01
1560018200,창성교회,101,1,128.537153,35.846224,2020-09-01
1560018300,큐리어스어린이집,101,1,128.551684,35.846461,2020-09-01
1560018400,모닝캄상사,101,0,128.499803,35.847259,2020-09-01
1560018500,고령축산물도매센터,101,1,128.54536,35.847279,2020-09-01
1560018600,팔팔금속,101,0,128.503607,35.847292,2020-09-01
1560018700,디에스창호건설,101,0,128.50724,35.847321,2020-09-01
1560018800,디에스코데코,101,0,128.51109,35.84734,2020-09-01
1560018900,호산초등학교병설유치원,101,1,128.47807,35.84845,2020-09-01
1560019000,우성섬유,101,0,128.503603,35.849396,2020-09-01
1560019100,성서119안전센터,101,0,128.507232,35.849406,2020-09-01
1560019200,주연공인중개사사무소,101,0,128.510334,35.849413,2020-09-01
1560019300,등대교회,101,1,128.525594,35.84966,2020-09-01
1560019400,이곡역3번출구,101,1,128.515821,35.849755,2020-09-01
1560019500,계명대스마일태권도,101,1,128.473059,35.849814,2020-09-01
1560019501,파호동98,101,0,128.47343,35.852409,2020-09-01
1560019600,달서구호산동397,101,1,128.478066,35.849824,2020-09-01
1560019601,호산동392,101,0,128.48497,35.84981,2020-09-01
1560019602,대구파호초등학교,101,0,128.482195,35.849816,2020-09-01
1560019603,호산동347,101,1,128.47809,35.852075,2020-09-01
1560019700,용산역6번출구,101,1,128.528511,35.850139,2020-09-01
1560019800,대한법률구조공단대구서부출장소,101,0,128.530613,35.850519,2020-09-01
1560019900,한국교회,101,1,128.525145,35.85214,2020-09-01
1560020000,신우유통,101,1,128.528471,35.852156,2020-09-01
3610490900,최소노드배치점,107,0,128.68446,37.106829,2025-01-15
3690138200,속성변화점,103,0,128.428864,35.978297,2020-09-01
3690138300,왜관IC,106,1,128.430139,35.977005,2020-09-01
3690138700,연호교차로,101,1,128.495654,35.910225,2020-09-01
3690138701,영오리144-3,101,0,128.490651,35.916584,2020-09-01
3690139100,가좌삼거리,101,0,128.601876,36.001291,2020-09-01
3690140300,금호교차로,101,0,128.445643,35.955169,2020-09-01
3690140400,연화교차로서측,101,1,128.447989,35.965484,2020-09-01
3690140500,연화IC1교,104,0,128.449548,35.96236,2020-09-01
3690140600,연화교차로남측,101,1,128.44998,35.96313,2020-09-01
3690160300,대구식당,101,0,128.595938,36.012334,2020-09-01
3690160500,득명교차로,101,0,128.598991,36.009997,2020-09-01
3690160700,팔공산터널남측,104,0,128.602258,36.01356,2020-09-01
3690163200,이언천교북측,104,0,128.497568,35.896018,2020-09-01
3690163300,이언천교남측,104,0,128.498737,35.895331,2020-09-01
3690172100,연화리945-3,101,0,128.450597,35.951257,2020-09-01
3690172200,연화리771-19,101,0,128.456096,35.957573,2020-09-01
3690172300,연화리산169,102,0,128.457666,35.958132,2020-09-01
3690172400,연화리산104-52,102,0,128.450659,35.948124,2020-09-01
3690172500,물류기지교차로,101,0,128.448932,35.951395,2020-09-01
3690172600,금호리31-10,102,0,128.448147,35.950224,2020-09-01
3690172700,연화리산108-2,101,0,128.445625,35.953212,2020-09-01
3690172800,금호리353-7,101,0,128.442885,35.948841,2020-09-01
3690172900,금호리311-34,102,0,128.438785,35.950241,2020-09-01
3690173000,금호리1183,101,0,128.442473,35.947458,2020-09-01
3690173100,금호리378-3,101,0,128.441973,35.945516,2020-09-01
3690173200,금호리396-22,102,0,128.444922,35.946066,2020-09-01
3690173300,금호리346-6,101,0,128.443747,35.947358,2020-09-01
3690173400,금호리358-14,102,0,128.444397,35.948807,2020-09-01
3690173500,금호리358-5,102,0,128.44496,35.948674,2020-09-01
3690173600,금호리693-3,101,0,128.440735,35.9399,2020-09-01
3690173700,금호리588-5,102,0,128.444847,35.938859,2020-09-01
3690173800,연화리894-5,101,0,128.456009,35.954465,2020-09-01
3690173900,영오리6-1,102,0,128.494506,35.920286,2020-09-01
3690174000,낙산리668,102,0,128.528527,35.954107,2020-09-01
3690174100,낙산리361-1,101,0,128.531752,35.934518,2020-09-01
3690174200,낙산리377-11,102,0,128.530153,35.93296,2020-09-01
3690174300,낙산리650-8,101,0,128.407663,35.937892,2020-09-01
3690174400,낙산리650-8,101,0,128.407451,35.938308,2020-09-01
3690174500,낙산리650-7,101,1,128.406538,35.93765,2020-09-01
3690174600,낙산리650-7,101,0,128.406376,35.938075,2020-09-01
3690174700,낙산리650-7,101,0,128.405076,35.941583,2020-09-01
3690174800,낙산리650-7,102,0,128.406126,35.941775,2020-09-01
3690174900,낙산리650-6,101,1,128.403089,35.947016,2020-09-01
3690175000,낙산리647-6,101,0,128.404551,35.953148,2020-09-01
3690175100,낙산리647-6,102,0,128.406063,35.952165,2020-09-01
3690175200,낙산리307-3,101,0,128.411538,35.9427,2020-09-01
3690175300,낙산리307-2,101,0,128.413613,35.944866,2020-09-01
3690175400,낙산리307-2,101,0,128.412738,35.946266,2020-09-01
3690175500,낙산리307-2,102,0,128.411725,35.947641,2020-09-01
3690175600,금호리산23-2,101,0,128.437198,35.954715,2020-09-01
3690175700,낙산리산28-5,101,0,128.429836,35.952224,2020-09-01
3690175800,낙산리130-2,101,0,128.416062,35.951282,2020-09-01
3690175900,낙산리산54-1,101,0,128.412538,35.95364,2020-09-01
3690176000,낙산리119-12,102,0,128.412025,35.952449,2020-09-01
3690176100,금산리1012,101,0,128.412588,35.957331,2020-09-01
3690176200,금산리1012,101,0,128.4123,35.955607,2020-09-01
3690176300,금산리1010,101,0,128.406388,35.954432,2020-09-01
3690176400,금산리1012,101,0,128.410113,35.960798,2020-09-01
3690176500,금산리516-8,102,0,128.41165,35.960723,2020-09-01
3690176600,금산리1010,101,0,128.408588,35.959706,2020-09-01
3690176700,금산리1012,101,0,128.412025,35.958456,2020-09-01
3690176800,금산리1010,101,0,128.407151,35.956565,2020-09-01
3690176900,금산리1011,101,0,128.408126,35.955656,2020-09-01
3690177000,금산리1012,101,0,128.410025,35.953915,2020-09-01
3690177100,금산리1014,101,0,128.4142,35.968163,2020-09-01
3690177200,금산리1014,101,0,128.411875,35.967072,2020-09-01
3690177300,속성변화점,103,0,128.412525,35.969388,2020-09-01
3690177400,금산리1016,101,0,128.41605,35.965689,2020-09-01
3690177500,금산리1016,101,0,128.413125,35.964281,2020-09-01
3690177600,금산리1019,101,0,128.419499,35.967347,2020-09-01
3690177700,금산리1016,101,0,128.413462,35.963031,2020-09-01
3690177800,금산리463-2,102,0,128.412038,35.962139,2020-09-01
3690177900,금산리1018,101,0,128.414612,35.962122,2020-09-01
3690178000,금산리1017,101,0,128.416812,35.964606,2020-09-01
3690178100,금산리1018,101,0,128.417587,35.963556,2020-09-01
3690178200,금산리1018,101,0,128.4184,35.962447,2020-09-01
3690178300,금산리1018,101,0,128.41615,35.961464,2020-09-01
3690178400,금산리1023,101,0,128.421049,35.96523,2020-09-01
3690178500,금산리산41-2,102,0,128.41485,35.960398,2020-09-01
3690178600,금산리1019,101,0,128.420287,35.966289,2020-09-01
3690178700,금산리1022,101,0,128.423637,35.96788,2020-09-01
3690178800,금산리1023,101,0,128.424599,35.966522,2020-09-01
3690178900,금산리1021,101,0,128.422849,35.968947,2020-09-01
3690179000,금산리1024,101,0,128.425399,35.968705,2020-09-01
3690179100,금산리1024,101,0,128.425436,35.971097,2020-09-01
3690179200,금산리1024,101,0,128.424486,35.971946,2020-09-01
3690179300,삼청리1104,101,0,128.431248,35.971422,2020-09-01
3690179400,속성변화점,103,0,128.421437,35.971721,2020-09-01
3690179500,삼청리1104,101,0,128.426599,35.973946,2020-09-01
3690179600,삼청리1104,101,0,128.425936,35.972713,2020-09-01
3690179700,삼청리1104,101,0,128.429248,35.972338,2020-09-01
3690179800,삼청리1104,101,0,128.429536,35.972905,2020-09-01
3690179900,삼청리1110,102,0,128.433361,35.971646,2020-09-01
3690180000,삼청리1104,101,0,128.431448,35.970405,2020-09-01
3690180100,삼청리926,102,0,128.432136,35.96998,2020-09-01
3690180200,금호교차로,101,0,128.444697,35.955623,2020-09-01
3690180300,금호리9-3,102,0,128.445622,35.957415,2020-09-01
3690180400,금호리1173-1,101,0,128.443585,35.956748,2020-09-01
3690180500,금호리65-20,102,0,128.44411,35.958431,2020-09-01
3690180600,금호리1173-1,101,1,128.44231,35.959356,2020-09-01
3690180700,금호리67-8,102,0,128.445285,35.958931,2020-09-01
3690180800,삼청리산28-9,102,0,128.435111,35.967289,2020-09-01
3690180900,매원리735,101,0,128.444222,35.991544,2020-09-01
3690181000,매원리산3-16,102,0,128.449284,35.988778,2020-09-01
3690181100,삼청리1019-9,101,0,128.429186,35.992177,2020-09-01
3690181200,매원리742-83,101,0,128.428123,35.992086,2020-09-01
3690181300,삼청리1019,101,0,128.430323,35.98707,2020-09-01
3690181400,삼청리141-1,102,0,128.438947,35.988403,2020-09-01
3690181500,삼청리269-6,101,0,128.429348,35.984578,2020-09-01
3690181600,삼청리281-3,101,0,128.428111,35.984437,2020-09-01
3690181700,삼청리503-11,101,0,128.428311,35.983328,2020-09-01
3690181800,삼청리산15-11,102,0,128.428573,35.981362,2020-09-01
3690181900,아곡리산11-2,101,0,128.432835,36.006326,2020-09-01
3690182000,아곡리114-5,102,0,128.434985,36.007326,2020-09-01
3690182100,아곡리774-3,101,0,128.429523,35.999302,2020-09-01
3690182200,아곡리47-3,102,0,128.431985,35.999877,2020-09-01
3690182300,아곡리114-1,101,0,128.433023,36.006568,2020-09-01
3690182400,아곡리831,101,0,128.433048,36.008042,2020-09-01
3690182500,아곡리831,101,0,128.433423,36.009492,2020-09-01
3690182600,아곡리산22-7,102,0,128.43366,36.010884,2020-09-01
3610696700,최소노드배치점,107,0,128.673896,37.006567,2025-01-15
3690182700,아곡리830,101,0,128.430011,36.008551,2020-09-01
3690182800,아곡리830,101,0,128.429661,36.007117,2020-09-01
3690182900,아곡리627-7,101,0,128.428386,36.007326,2020-09-01
3690183000,아곡리725-3,102,0,128.429323,36.00146,2020-09-01
3690183100,아곡리820,102,0,128.429448,36.006151,2020-09-01
3690183200,봉계리406-4,101,0,128.453571,35.999652,2020-09-01
3690183300,봉계리81-1,102,0,128.458108,36.009184,2020-09-01
3690183400,봉계리555,102,0,128.454908,35.998827,2020-09-01
3690183500,매원리688-20,101,0,128.418199,35.989003,2020-09-01
3690183600,왜관리438-7,101,0,128.415949,35.989219,2020-09-01
3690183700,매원리692-7,102,0,128.419424,35.990419,2020-09-01
3690183800,매원리633-1,101,0,128.422861,35.989361,2020-09-01
3690183900,매원리786-8,102,0,128.422736,35.989761,2020-09-01
3690184000,왜관리347-15,101,0,128.405938,35.98682,2020-09-01
3690184100,왜관리701-2,101,0,128.405988,35.985811,2020-09-01
3690184200,왜관중학교,101,0,128.403288,35.985711,2020-09-01
3690184300,왜관리1395-20,101,0,128.401851,35.98582,2020-09-01
3690184400,왜관리1395-67,102,0,128.401426,35.986295,2020-09-01
3690184500,왜관리663-26,101,0,128.4061,35.983962,2020-09-01
3690184600,왜관리609-8,101,0,128.408388,35.984012,2020-09-01
3690184700,왜관리646-4,101,0,128.4081,35.986511,2020-09-01
3690184800,왜관리1367-8,101,0,128.406875,35.986545,2020-09-01
3690184900,왜관리1389,102,0,128.4069,35.986886,2020-09-01
3690185000,왜관리374-1,101,0,128.4081,35.987078,2020-09-01
3690185100,왜관리615-1,102,0,128.41,35.987111,2020-09-01
3690185200,왜관리602-3,101,0,128.4109,35.986461,2020-09-01
3690185300,왜관리606-16,102,0,128.41091,35.986078,2020-09-01
3690185400,왜관리1356-49,102,0,128.402651,35.991619,2020-09-01
3690185500,왜관리850,102,0,128.401226,35.98297,2020-09-01
3690185600,석전리730-43,101,0,128.402651,35.996552,2020-09-01
3690185700,석전리730-1,102,0,128.402838,35.996752,2020-09-01
3690185800,칠곡군청,101,0,128.402001,35.99606,2020-09-01
3690185900,왜관리162-1,101,0,128.402763,35.994844,2020-09-01
3690186000,왜관리160-6,101,0,128.401101,35.993977,2020-09-01
3690186100,왜관리160-1,102,0,128.401063,35.994735,2020-09-01
3690186200,석전리726-13,101,0,128.40465,35.995835,2020-09-01
3690186300,석전리726-30,102,0,128.404125,35.99661,2020-09-01
3690186400,석전리882-73,102,0,128.399501,35.998068,2020-09-01
3690186500,석전리779-1,101,0,128.401051,35.998218,2020-09-01
3690186600,석전리706-32,101,0,128.40635,35.997468,2020-09-01
3690186700,석전리709-29,101,0,128.405313,35.996952,2020-09-01
3690186800,석전리706-4,101,0,128.405713,35.996394,2020-09-01
3690186900,석전리706-8,101,0,128.406675,35.996885,2020-09-01
3690187000,석전리620-1,101,0,128.407625,35.997668,2020-09-01
3690187100,석전리610-1,101,0,128.410125,35.998977,2020-09-01
3690187200,석전리391-4,101,0,128.41135,35.999643,2020-09-01
3690187300,석전리533-3,101,0,128.40865,36.001085,2020-09-01
3690187400,석전리528-2,101,0,128.408425,36.001901,2020-09-01
3690187500,석전리473-6,102,0,128.407638,36.005626,2020-09-01
3690187600,석전리893,101,0,128.407925,36.001685,2020-09-01
3690187700,석전리500-12,102,0,128.407463,36.002285,2020-09-01
3690187800,석전리507-4,101,0,128.41055,36.002968,2020-09-01
3690187900,석전리835,102,0,128.409987,36.003734,2020-09-01
3690188000,석전리434-18,102,0,128.411637,36.003584,2020-09-01
3690188200,관호리848-3,101,0,128.391676,36.004284,2020-09-01
3690188300,관호리458-54,101,0,128.393801,36.01135,2020-09-01
1570196301,응암리1278-1,101,0,128.419531,35.651117,2020-09-01
1570196400,응암리1321,101,0,128.419596,35.647579,2020-09-01
1570196401,응암리1282-14,101,0,128.419593,35.648108,2020-09-01
1570196500,구지119안전센터앞,101,0,128.419744,35.639829,2020-09-01
1570196501,내리844-22,101,1,128.419765,35.641109,2020-09-01
1570196502,응암리758-5,101,1,128.424217,35.642001,2020-09-01
1570196503,응암리758,101,1,128.423205,35.642041,2020-09-01
1570196504,응암리842-11,101,1,128.421705,35.642098,2020-09-01
1570196600,원하이테크앞,101,0,128.419782,35.637383,2020-09-01
1570196700,신정기공앞,101,0,128.419822,35.633731,2020-09-01
1570196701,내리850-10,101,0,128.419797,35.636076,2020-09-01
1570196800,신우탑텍앞삼거리,101,0,128.419825,35.631027,2020-09-01
1570196900,응암리1310,101,0,128.420367,35.658009,2020-09-01
1570197000,응암리1312,101,0,128.42039,35.653424,2020-09-01
1570197100,응암리1220-8,101,0,128.421831,35.656795,2020-09-01
1570197200,대리1180,101,0,128.423343,35.661186,2020-09-01
1570197300,대리1090-10,101,0,128.423821,35.663506,2020-09-01
1570197301,대리547-1,101,1,128.42868,35.665133,2020-09-01
1570197400,응암리1220-20,101,0,128.423852,35.655386,2020-09-01
1570197401,응암리239-2,101,1,128.423293,35.65559,2020-09-01
1570197500,응암리1321,101,0,128.424733,35.647684,2020-09-01
1570197600,응암리1322,101,0,128.424765,35.64503,2020-09-01
1570197700,응암리1080-5,101,0,128.424769,35.642915,2020-09-01
1570197800,이노켐앞,101,0,128.424775,35.641979,2020-09-01
1570197900,에이스이엔지앞,101,0,128.424845,35.637416,2020-09-01
1570198000,현대종합상사앞,101,0,128.424873,35.633738,2020-09-01
1570198001,예현리771-6,101,0,128.427526,35.633764,2020-09-01
1570198002,내리764-13,101,0,128.424855,35.636093,2020-09-01
1570198100,삼원기공사앞,101,0,128.424901,35.631049,2020-09-01
1570198101,내리768-6,101,1,128.424884,35.632718,2020-09-01
1570198200,응암리241,101,0,128.426639,35.654331,2020-09-01
1570198201,응암리18-1,101,0,128.425768,35.65466,2020-09-01
1570198300,응암리1310,101,0,128.428096,35.653749,2020-09-01
1570198400,구지면응암리산73,101,0,128.428111,35.651791,2020-09-01
1570198500,응암리1319,101,0,128.428144,35.649815,2020-09-01
1570198600,응암리1321,101,0,128.428116,35.648257,2020-09-01
1570198700,응암리938-3,101,0,128.428218,35.642846,2020-09-01
1570198800,영원무역대구공장앞,101,1,128.429762,35.639874,2020-09-01
1570198801,예현리507-2,101,1,128.429759,35.64075,2020-09-01
1570198900,서영기공앞,101,0,128.429767,35.637421,2020-09-01
1570199000,영원기전앞,101,0,128.429786,35.633786,2020-09-01
1570199001,예현리524,101,1,128.429774,35.636093,2020-09-01
1570199100,신앙테크앞삼거리,101,0,128.429818,35.631081,2020-09-01
1570199200,구지면예현리320-15,102,0,128.430936,35.642732,2020-09-01
1570199300,한국소방기구제작소,101,1,128.43132,35.639898,2020-09-01
1570199400,케이유엠세현앞,102,0,128.431435,35.637423,2020-09-01
1570199500,세종인더스앞,102,0,128.431464,35.63378,2020-09-01
1570199600,이래CS대구공장앞,102,0,128.431482,35.631076,2020-09-01
1570199701,고봉리628-6,101,0,128.432564,35.653385,2020-09-01
1570199800,구지면고봉리산14-10,102,0,128.433967,35.648852,2020-09-01
1570199900,응암리1320,101,0,128.434285,35.651878,2020-09-01
1570200000,응암리1320,101,0,128.434277,35.650133,2020-09-01
1570200100,대영산업앞,102,0,128.434401,35.644323,2020-09-01
1570200200,고봉리900-7,101,0,128.434788,35.647322,2020-09-01
1570200201,고봉리226-1,101,0,128.434619,35.647572,2020-09-01
1570200300,대구농공단지입구,101,0,128.435238,35.646767,2020-09-01
1570200400,코멕스라텍스앞,101,0,128.436333,35.64537,2020-09-01
1570200500,속성변화점,103,0,128.438047,35.647331,2020-09-01
1570200600,평안교회,101,0,128.459795,35.863644,2020-09-01
1570200601,다사역(대구2호선),101,1,128.459135,35.865517,2020-09-01
1570200602,다사초등학교앞교차로,101,0,128.458362,35.867785,2020-09-01
1570200603,대구다사초등학교,101,0,128.45771,35.869533,2020-09-01
3610697000,최소노드배치점,107,0,128.869491,37.073818,2025-01-15
3610700400,최소노드배치점,107,0,128.457199,37.164245,2025-01-15
1570200604,매곡리693-6,101,0,128.459673,35.864673,2020-09-01
1570200700,죽곡리15,101,1,128.463761,35.860668,2020-09-01
1570200701,죽곡리2-1,101,1,128.464359,35.861792,2020-09-01
1570200800,대구왕선초등학교앞,101,1,128.464253,35.863682,2020-09-01
1570200801,매곡리1519-1,101,1,128.464426,35.865715,2020-09-01
1570200900,세천교남측,104,0,128.465146,35.866692,2020-09-01
1570201000,세천리1670-4,101,0,128.465734,35.875944,2020-09-01
1570201001,세천리1712,101,0,128.468196,35.876449,2020-09-01
1570201002,세천리1711,101,0,128.469432,35.87929,2020-09-01
1570201003,세천리1670-3,101,0,128.466069,35.877755,2020-09-01
1570201100,죽곡리242-2,101,1,128.465573,35.857365,2020-09-01
1570201101,죽곡리832,101,1,128.46427,35.858514,2020-09-01
1570201200,다사농협죽곡지점앞,101,0,128.466677,35.858191,2020-09-01
1570201201,죽곡리1546-2,101,0,128.464409,35.860193,2020-09-01
1570201202,죽곡리1547-10,101,0,128.466222,35.858601,2020-09-01
1570201203,대구매곡초등학교,101,0,128.467521,35.862375,2020-09-01
1570201204,대구왕선중학교,101,0,128.465959,35.863634,2020-09-01
1570201205,죽곡리1539,101,0,128.467459,35.860059,2020-09-01
1570201300,세천교북측,104,0,128.467446,35.869275,2020-09-01
1570201301,세천리1120,101,0,128.467796,35.869675,2020-09-01
1570201400,다사농협,101,0,128.468208,35.850012,2020-09-01
1570201401,죽곡리427,101,0,128.464372,35.853693,2020-09-01
1570201402,죽곡리836,101,1,128.464359,35.854669,2020-09-01
1570201403,죽곡리811-5,101,1,128.464646,35.856501,2020-09-01
1570201404,죽곡리821-3,101,0,128.469284,35.852735,2020-09-01
1570201405,죽곡리870,101,1,128.464459,35.852277,2020-09-01
1570201406,죽곡리854-3,101,1,128.467034,35.850019,2020-09-01
1570201407,죽곡리851-5,101,0,128.466246,35.850027,2020-09-01
1570201500,DGB대구은행앞,101,1,128.469303,35.871396,2020-09-01
1570201501,세천리1673-10,101,0,128.467821,35.872375,2020-09-01
1570201502,세천리1683-2,101,1,128.470471,35.872716,2020-09-01
1570201600,세천늪근린공원앞,102,0,128.469934,35.881115,2020-09-01
1570201700,세천리1664-4,101,0,128.470309,35.879411,2020-09-01
1570201800,세천리1668-4,101,1,128.471071,35.876991,2020-09-01
1570201801,세천리1722,101,1,128.470748,35.878016,2020-09-01
1570201900,다사파출소앞,101,1,128.471988,35.873449,2020-09-01
1570201901,세천리1728,101,1,128.471621,35.874933,2020-09-01
1570201902,세천리1633,101,1,128.474521,35.873874,2020-09-01
1570201903,세천리1708,101,1,128.473283,35.873666,2020-09-01
1570202100,세천리1709,101,0,128.47333,35.868804,2020-09-01
1570202101,세천리1687-1,101,0,128.470657,35.870465,2020-09-01
1570202102,세천리1731,101,1,128.47244,35.871907,2020-09-01
1570202103,세천리1694-1,101,0,128.476748,35.869875,2020-09-01
1570202104,세천리1688-4,101,1,128.472358,35.872183,2020-09-01
1570202105,세천리1709,101,0,128.473937,35.869009,2020-09-01
1570202106,세천리1733,101,1,128.475905,35.869749,2020-09-01
1570202200,세천리1590-5,101,1,128.477072,35.874283,2020-09-01
1570202300,속성변화점,103,0,128.477897,35.869955,2020-09-01
1570202301,세천리1743-2,101,0,128.477881,35.870513,2020-09-01
1570202302,세천리1702-12,101,0,128.477703,35.87205,2020-09-01
1570202303,세천리1636,101,0,128.477214,35.873846,2020-09-01
1570202304,세천리1702-1,101,0,128.477646,35.872537,2020-09-01
1570202400,드로아교회,101,0,128.477043,35.792432,2020-09-01
1570202500,세천리1578-9,101,1,128.479013,35.874598,2020-09-01
3600214400,대학리1205,101,1,128.827563,35.933079,2020-09-01
3600214500,대학리산16-2,101,0,128.828359,35.934979,2020-09-01
3600214600,대학리1196,101,0,128.828659,35.937348,2020-09-01
3690188400,관호리416-1,102,0,128.395776,36.016108,2020-09-01
3690188500,관호리939-5,101,0,128.392139,36.011758,2020-09-01
3690188600,관호리934-3,102,0,128.386164,36.019549,2020-09-01
3690188700,관호리910-12,102,0,128.38429,36.003193,2020-09-01
3690189300,죽전리574-1,101,0,128.379828,35.984903,2020-09-01
3690189500,죽전리254-3,101,0,128.383127,35.985253,2020-09-01
3690189600,죽전리275-1,101,0,128.38029,35.985636,2020-09-01
3690189700,죽전리202-3,101,0,128.38259,35.984061,2020-09-01
3690189800,죽전리204-1,101,0,128.38244,35.982637,2020-09-01
3690189900,기산면행정복지센터,101,0,128.383577,35.986061,2020-09-01
3690190000,죽전리218-2,101,0,128.383752,35.982903,2020-09-01
3690190100,죽전교차로,102,0,128.384227,35.982995,2020-09-01
3690206200,금남리149-2,101,0,128.405389,35.929976,2020-09-01
3690206300,금남리36-8,102,0,128.411713,35.929476,2020-09-01
3690206400,금남리283-1,102,0,128.411925,35.927918,2020-09-01
3690206500,낙산리1384,101,0,128.422996,35.929136,2020-09-01
3690206600,낙산리1383,101,0,128.419212,35.931509,2020-09-01
3690206700,낙산리1313,101,0,128.417262,35.931309,2020-09-01
3690206800,낙산리1313,101,0,128.417975,35.932009,2020-09-01
3690206900,속성변화점,103,0,128.41865,35.931584,2020-09-01
3690207000,속성변화점,103,0,128.421012,35.924443,2020-09-01
3690207100,낙산리695-9,101,0,128.408013,35.93705,2020-09-01
3690207200,낙산리695-7,101,0,128.406901,35.936892,2020-09-01
3690207300,낙산리743-2,101,0,128.404339,35.934516,2020-09-01
3690207400,노석리139-2,101,0,128.389602,35.953649,2020-09-01
3690207500,노석리952-1,102,0,128.384065,35.953223,2020-09-01
3690207900,왜관리1552,101,0,128.398676,35.978887,2020-09-01
3690208000,왜관리1552,101,0,128.398739,35.976187,2020-09-01
3690208100,왜관리1552,101,1,128.398714,35.977404,2020-09-01
3690208200,왜관리1551,101,0,128.400176,35.978987,2020-09-01
3690208300,왜관리1560,101,0,128.400201,35.977412,2020-09-01
3690208400,왜관리1560,101,0,128.401826,35.977421,2020-09-01
3690208500,왜관리1564,101,0,128.400226,35.976196,2020-09-01
3690208600,왜관리1561,101,0,128.400213,35.976837,2020-09-01
3690208700,왜관리1561,101,0,128.403776,35.976879,2020-09-01
3690208800,왜관리1561,101,0,128.401839,35.976871,2020-09-01
3690208900,왜관리1564,102,0,128.400239,35.974896,2020-09-01
3690209000,송정삼거리,101,0,128.481094,35.956682,2020-09-01
3690209100,송정리1315-2,101,0,128.474495,35.950791,2020-09-01
3690209200,송정리962-3,101,0,128.46972,35.943267,2020-09-01
3690209300,연화리746-6,102,0,128.460646,35.95859,2020-09-01
3690209400,신리501-2,101,0,128.487506,35.956865,2020-09-01
3690209500,신리582-2,101,0,128.482931,35.95699,2020-09-01
3690209600,-,102,0,128.479869,35.962981,2020-09-01
3690209700,신리888-1,102,0,128.487381,35.966431,2020-09-01
3690209800,금암리1382-1,101,0,128.553625,35.981796,2020-09-01
3690209900,송산리1485-18,101,0,128.553737,35.981171,2020-09-01
3690210000,동명면행정복지센터,101,0,128.553262,35.983888,2020-09-01
3690210100,송산리8-1,101,0,128.552288,35.981796,2020-09-01
3690210200,송산리18-1,102,0,128.551413,35.982921,2020-09-01
3690210300,동명고등학교,101,0,128.548788,35.984071,2020-09-01
3690210400,송산리80-1,101,0,128.548063,35.984096,2020-09-01
3690210500,송산리산27,102,0,128.542763,35.984762,2020-09-01
3690210600,송산리1487,101,0,128.547763,35.986304,2020-09-01
3690210700,송산리산133-7,101,0,128.508329,36.007635,2020-09-01
3690210800,송산리산133-19,102,0,128.504979,36.010426,2020-09-01
3690210900,연호리산63-3,101,0,128.506667,35.93431,2020-09-01
3690211000,연호리865-20,102,0,128.50483,35.93176,2020-09-01
3690211100,연호리산22-1,101,0,128.52039,35.927994,2020-09-01
3690211200,낙산리733,102,0,128.515479,35.93431,2020-09-01
3690211300,송정리31-6,102,0,128.473357,35.974655,2020-09-01
3690211400,백운리427-2,101,0,128.487905,36.017575,2020-09-01
3610240300,효령면 화계리 175-1,101,0,128.673433,37.026422,2025-01-15
3610620400,의흥면 원산리 1315,101,0,128.757669,37.060445,2025-01-15
3690211500,백운리산13-1,102,0,128.493067,36.015717,2020-09-01
3690211600,백운리423,102,0,128.489905,36.010992,2020-09-01
3690211700,창평리1036,101,0,128.492468,35.982321,2020-09-01
3690211800,창평리1059,102,0,128.487468,35.984512,2020-09-01
3690211900,봉암리836,102,0,128.544463,35.97768,2020-09-01
3690212000,금암리316-5,101,0,128.553995,35.985499,2020-09-01
3690212100,송산리200-9,102,0,128.549838,35.987229,2020-09-01
3690212400,속성변화점,103,0,128.573811,35.981355,2020-09-01
3690212600,남원리1203,102,0,128.577985,35.998953,2020-09-01
3690213100,남원리1175,101,0,128.586647,36.013893,2020-09-01
3690213300,남원리197-3,101,0,128.586147,36.011485,2020-09-01
3690213400,남원리396-3,101,0,128.579847,36.012851,2020-09-01
3690213500,남원리산173,102,0,128.576573,36.002869,2020-09-01
3690217400,노석리478-2,101,0,128.384279,35.953171,2020-09-01
3690217500,노석리661,102,0,128.377003,35.946316,2020-09-01
3690217600,금호리1190,101,0,128.441385,35.944065,2020-09-01
3690217700,금호리산89-5,102,0,128.435511,35.938434,2020-09-01
3690218200,달성군-칠곡군,105,0,128.462934,35.938748,2020-09-01
3690218400,다부터널,104,0,128.521196,36.037755,2020-09-01
3690218500,다부터널,104,0,128.528797,36.02967,2020-09-01
3690218600,북구-칠곡군,105,0,128.530663,35.930688,2020-09-01
3690218900,동명교,104,0,128.550924,35.980602,2020-09-01
3690219000,동명교,104,0,128.55121,35.98662,2020-09-01
3690219100,봉암리812,101,1,128.55208,35.97056,2020-09-01
3690219200,동구-칠곡군,105,0,128.609161,35.997277,2020-09-01
3860018000,청도군-밀양시,105,0,128.770553,35.569401,2020-09-01
3910019000,달성군-창녕군,105,0,128.380976,35.607836,2020-09-01
3910019600,청도군-창녕군,105,0,128.548954,35.618024,2020-09-01
3910020300,달성군-창녕군,105,0,128.489504,35.635956,2020-09-01
3910071100,달성군-창녕군,105,0,128.453934,35.637075,2020-09-01
3910180800,이방리992,102,0,128.437151,35.629185,2020-09-01
3910181200,달성군-창녕군,105,0,128.430064,35.621991,2020-09-01
3910181300,달성군-창녕군,105,0,128.43408,35.626238,2020-09-01
3690188100,석전리산82,102,0,128.400638,36.004451,2020-09-01
3600214601,덕촌리1088,101,0,128.828985,35.939877,2020-09-01
3600214700,덕촌리1083,101,0,128.82914,35.941075,2020-09-01
3600214800,대원리513,101,0,128.827415,35.860828,2020-09-01
3600214900,대학리619,101,0,128.829076,35.93189,2020-09-01
3600215000,대원금속앞,101,0,128.82744,35.858837,2020-09-01
3600215100,통돼지바베큐,101,1,128.828439,35.877051,2020-09-01
3600215200,송원섬유,101,1,128.828452,35.874693,2020-09-01
3600215300,공단4로187,101,1,128.828452,35.873852,2020-09-01
3600215400,한국다까노앞,101,1,128.828465,35.871577,2020-09-01
3600215500,성창직물,101,1,128.828402,35.868811,2020-09-01
3600215501,신상리1212,101,1,128.828427,35.869661,2020-09-01
3600215600,속성변화점,103,0,128.832689,35.940908,2020-09-01
3600215700,대화유니텍,101,0,128.831351,35.877604,2020-09-01
3600215800,제일산업,101,0,128.831227,35.871594,2020-09-01
3600215900,이노시프앞,101,0,128.831177,35.868886,2020-09-01
3600216000,신상리1190-6,101,0,128.831352,35.874677,2020-09-01
3600216100,케이에스인더스트리앞,101,1,128.831152,35.864561,2020-09-01
3600216101,신제리645,101,1,128.832927,35.864561,2020-09-01
3600216200,대원리508,101,0,128.831139,35.858845,2020-09-01
3600216300,대학교차로,101,1,128.833601,35.938452,2020-09-01
3600216400,신한섬유,101,1,128.833791,35.878077,2020-09-01
3600216500,신상리1214,101,0,128.833826,35.874693,2020-09-01
3600216600,신제리526,101,0,128.834865,35.868895,2020-09-01
3600216700,경산시근로자복지회관앞,101,1,128.834877,35.86457,2020-09-01
3600216701,신제리645,101,0,128.835969,35.864578,2020-09-01
3600216800,디비디,101,0,128.834957,35.858907,2020-09-01
3600216801,신제리647,101,1,128.834877,35.863462,2020-09-01
3600216802,신제리647,101,0,128.834902,35.86172,2020-09-01
3600216900,문천리산23-15,101,0,128.837951,35.87904,2020-09-01
3600217000,신제3삼거리,101,0,128.838026,35.868911,2020-09-01
3600217100,속성변화점,103,1,128.838056,35.864574,2020-09-01
3600217200,사월동643,102,0,128.724062,35.835572,2020-09-01
3600217300,중산동626,101,1,128.719912,35.833406,2020-09-01
3600217400,중산동623-1,102,0,128.718949,35.834181,2020-09-01
3600217500,중산동366-5,101,0,128.718962,35.831806,2020-09-01
3600217600,중산동255-1,102,0,128.718775,35.832564,2020-09-01
3600217700,중산동400-7,102,0,128.716862,35.831473,2020-09-01
3600217800,청천리325-1,102,0,128.759058,35.877709,2020-09-01
3600217900,박사리789-39,101,0,128.809753,35.964025,2020-09-01
3600218000,강학리산55-10,102,0,128.779581,35.945293,2020-09-01
3600218100,소월리1310-14,102,0,128.807191,35.949918,2020-09-01
3600218200,대한리632,101,0,128.761582,35.976282,2020-09-01
3600218300,대한리553-4,102,0,128.74822,35.985714,2020-09-01
3600218400,대한리산44-10,102,0,128.742921,35.978298,2020-09-01
3600218500,계전리775-24,102,0,128.838963,35.953535,2020-09-01
3600218600,상암교,104,0,128.842725,35.940486,2020-09-01
3600218700,상암교,104,0,128.842207,35.940453,2020-09-01
3600218800,동강리285-1,101,0,128.836463,35.951951,2020-09-01
3600218900,시천리600,101,0,128.842038,35.940428,2020-09-01
3600219000,시천리603-7,101,0,128.848237,35.931354,2020-09-01
3600219100,시천리26-1,101,1,128.842188,35.938678,2020-09-01
3600219200,시천리602-1,101,0,128.841413,35.939886,2020-09-01
3600219300,덕촌리697,101,0,128.838275,35.941686,2020-09-01
3600219400,덕촌리237-2,102,0,128.837338,35.944144,2020-09-01
3600219500,계당리884-1,101,0,128.852574,35.925655,2020-09-01
3600219600,계당리897-6,101,0,128.848325,35.924188,2020-09-01
3600219700,계당리790-6,102,0,128.848525,35.92178,2020-09-01
3600219800,교리106-3,102,0,128.815003,35.927471,2020-09-01
3600219900,대학리1202,101,0,128.822302,35.93477,2020-09-01
3600220000,대학리1209,101,0,128.822177,35.933803,2020-09-01
3600220100,대학리1213,101,0,128.824489,35.933612,2020-09-01
3600220200,대학리1211,101,0,128.820215,35.93327,2020-09-01
3600220300,대학리1211,101,0,128.822102,35.933112,2020-09-01
3600220400,대학리1213,101,0,128.824439,35.93292,2020-09-01
3600220500,대학리1214,101,0,128.826739,35.932979,2020-09-01
3600220600,대학리1213,101,1,128.822814,35.931662,2020-09-01
3600220700,한사리1213,102,0,128.822352,35.930987,2020-09-01
3600220800,내리리277,102,0,128.848525,35.8949,2020-09-01
3600220900,평사리2423-2,101,0,128.852137,35.895033,2020-09-01
3600221000,평사리2612,102,0,128.857637,35.890958,2020-09-01
3600221100,상림리571-1,101,0,128.838251,35.900332,2020-09-01
3600221200,상림리201-4,101,0,128.834826,35.900816,2020-09-01
3600221300,상림리6,102,0,128.838351,35.90824,2020-09-01
3600221400,상림리189-10,101,1,128.831511,35.902132,2020-09-01
3600221500,속성변화점,103,0,128.831189,35.902857,2020-09-01
3600221600,부림초등학교,101,0,128.825402,35.898407,2020-09-01
3600221700,양기리295-4,101,0,128.832651,35.893133,2020-09-01
3600221800,문천리산1-7,102,0,128.837051,35.893158,2020-09-01
3600221900,양기리418-2,102,0,128.833351,35.890075,2020-09-01
3600222000,북리186,102,0,128.826314,35.890342,2020-09-01
3600222100,환상리246-2,101,0,128.788043,35.881792,2020-09-01
3600222200,하양초등학교화성분교,101,1,128.79138,35.885359,2020-09-01
3600222300,환상리314,102,0,128.790693,35.881984,2020-09-01
3600222400,대조리849-2,101,0,128.795355,35.889575,2020-09-01
3600222500,대조리5-2,101,0,128.806716,35.894391,2020-09-01
3600222600,부기리607-3,102,0,128.815328,35.897657,2020-09-01
3600222700,대조리828-1,102,0,128.793817,35.891391,2020-09-01
3610278200,효령면 장기리 1067,101,0,128.609062,37.017934,2025-01-15
3600222800,현흥리737-1,101,0,128.780456,35.871777,2020-09-01
3600222900,현흥리737-1,101,0,128.780869,35.871927,2020-09-01
3600223000,환상리774-18,101,1,128.781556,35.874485,2020-09-01
3600223100,환상리500-18,101,0,128.780856,35.873702,2020-09-01
3600223200,환상리494-2,102,0,128.780156,35.874635,2020-09-01
3600223300,현흥리933,102,0,128.773669,35.869244,2020-09-01
3600223400,선화리44-2,101,0,128.79008,35.866669,2020-09-01
3600223500,선화리444-18,102,0,128.79083,35.863319,2020-09-01
3600223600,선화리1089,102,0,128.794718,35.865428,2020-09-01
3600223700,선화리808-5,101,0,128.797867,35.86996,2020-09-01
3600223800,선화리793-1,102,0,128.801504,35.870769,2020-09-01
3600223900,선화리720-28,101,0,128.798692,35.873502,2020-09-01
3600224000,선화리720-35,101,0,128.799967,35.874243,2020-09-01
3600224100,선화리708-7,101,0,128.800979,35.874835,2020-09-01
3600224200,선화리2229,101,0,128.802017,35.874577,2020-09-01
3600224300,선화리480-5,102,0,128.802004,35.87356,2020-09-01
3600224400,현흥리905,101,0,128.770907,35.862061,2020-09-01
3600224500,현흥리758-1,102,0,128.771595,35.863969,2020-09-01
3600224600,금구리799-1,102,0,128.748109,35.85247,2020-09-01
3600224700,신촌리339-2,101,0,128.787031,35.850713,2020-09-01
3600224800,신촌리339,101,0,128.785069,35.851471,2020-09-01
3600224900,인안리267-1,102,0,128.789181,35.858662,2020-09-01
3600225000,내리교,104,0,128.786806,35.850479,2020-09-01
3600225100,내리교,104,0,128.786256,35.849846,2020-09-01
3600225200,금구리1172,102,0,128.764408,35.854179,2020-09-01
3600225300,압량리189-2,102,0,128.76767,35.846313,2020-09-01
3600225400,갑제동367-5,101,0,128.768308,35.835072,2020-09-01
3600225500,갑제동9-1,101,0,128.773432,35.834964,2020-09-01
3600225600,당음리180-1,101,0,128.786844,35.830015,2020-09-01
3600225700,당음리263-3,102,0,128.790181,35.831731,2020-09-01
3600225800,당음리375-1,101,0,128.790293,35.82949,2020-09-01
3600225900,백안리184-7,101,0,128.79618,35.829582,2020-09-01
1510179400,율하동1400,101,0,128.688214,35.860736,2020-09-01
1510179500,도동978-405,101,0,128.657503,35.913051,2020-09-01
1510179600,율하동1289,101,0,128.691089,35.86526,2020-09-01
1510179700,율하동1300,101,0,128.691439,35.865144,2020-09-01
1510179800,신기동151-1,102,0,128.701888,35.873859,2020-09-01
1510179900,율하동1157,101,0,128.692114,35.866868,2020-09-01
1510180000,율하동1159,101,0,128.691902,35.86656,2020-09-01
1510180100,율하동1300,101,1,128.689889,35.862935,2020-09-01
1510180200,율하동1300,101,0,128.689289,35.862136,2020-09-01
1510180300,율하동1300,101,1,128.688977,35.860794,2020-09-01
1510180400,속성변화점,103,0,128.690064,35.864885,2020-09-01
1510180500,속성변화점,103,0,128.692326,35.867902,2020-09-01
1510180600,속성변화점,103,0,128.691452,35.866702,2020-09-01
1510180700,속성변화점,103,0,128.688289,35.862577,2020-09-01
1510180800,속성변화점,103,0,128.687902,35.861977,2020-09-01
1510180900,속성변화점,103,0,128.688127,35.861519,2020-09-01
1510181000,속성변화점,103,0,128.687852,35.861511,2020-09-01
1510181100,율하동1459,101,0,128.702626,35.86446,2020-09-01
1510181200,율하동1459,101,0,128.704413,35.863527,2020-09-01
1510181300,율하동1300,101,0,128.704388,35.861919,2020-09-01
1510181400,율하동1459,101,0,128.702563,35.86411,2020-09-01
1510181500,율원중학교,101,0,128.702251,35.862144,2020-09-01
1510181600,율원중학교,101,0,128.702526,35.862111,2020-09-01
1510181700,율하동1300,101,0,128.702976,35.862061,2020-09-01
1510181800,율하동1300,101,0,128.703451,35.862019,2020-09-01
1510181900,율하동1300,101,0,128.704,35.861961,2020-09-01
1510182000,율하동1459,101,0,128.702851,35.864077,2020-09-01
1510182100,율하동1459,101,0,128.703351,35.86391,2020-09-01
1510182200,율하동1459,101,0,128.703763,35.863777,2020-09-01
1510182300,율하동1459,101,0,128.70415,35.863635,2020-09-01
1510182400,율하동1459,101,0,128.704113,35.863086,2020-09-01
1510182500,율하동1459,101,0,128.704063,35.862677,2020-09-01
1510182600,율하동1459,101,0,128.703613,35.862727,2020-09-01
1510182700,율하동1544,101,0,128.703663,35.863152,2020-09-01
1510182800,속성변화점,103,0,128.701801,35.862261,2020-09-01
1510182900,신기동574,102,0,128.706159,35.867792,2020-09-01
1510183000,각산동913-2,101,0,128.710012,35.873443,2020-09-01
1510183100,각산동862-19,102,0,128.710125,35.875151,2020-09-01
1510183200,각산동928-21,101,0,128.711887,35.873084,2020-09-01
1510183300,각산동368-8,101,0,128.718287,35.872893,2020-09-01
1510183400,각산동393,102,0,128.715949,35.874834,2020-09-01
1510183500,각산동1177,101,0,128.716099,35.874634,2020-09-01
1510183600,각산동383-6,102,0,128.712737,35.874609,2020-09-01
1510183700,대구동부고등학교,101,0,128.717974,35.873526,2020-09-01
1510183800,신서동881,102,0,128.728261,35.874743,2020-09-01
1510183900,신서동885,102,0,128.726661,35.874051,2020-09-01
1510184000,신서동827-9,101,0,128.725486,35.874168,2020-09-01
1510184100,신서동818-1,101,0,128.725186,35.872651,2020-09-01
1510184200,신서동823-89,102,0,128.726073,35.872626,2020-09-01
1510184300,각산동226-9,101,0,128.720974,35.872785,2020-09-01
1510184400,각산동520-19,101,0,128.718362,35.875184,2020-09-01
1510184500,동호동340-30,101,0,128.721724,35.864086,2020-09-01
1510184600,동호동378-4,101,0,128.721598,35.864596,2020-09-01
1510184700,속성변화점,103,0,128.721061,35.864352,2020-09-01
1510184800,신서동552-22,101,0,128.73181,35.869743,2020-09-01
1510184900,동호동367-9,101,0,128.723624,35.86601,2020-09-01
1510185000,신서동530-6,101,0,128.725674,35.866694,2020-09-01
1510185100,동호동386-3,101,0,128.724086,35.865444,2020-09-01
1510185200,동호동385-3,101,0,128.723686,35.865302,2020-09-01
1510185300,신서동552-4,101,0,128.731985,35.869802,2020-09-01
1510185400,괴전동654,102,0,128.733485,35.868702,2020-09-01
1510185500,대구강동초등학교,101,0,128.730848,35.867602,2020-09-01
1510185600,신서동525-14,101,0,128.731311,35.867602,2020-09-01
1510185700,신서동525-12,101,0,128.731785,35.868502,2020-09-01
1510185800,신서동549-9,101,0,128.731635,35.870077,2020-09-01
1510185900,신서동543,101,0,128.730661,35.869343,2020-09-01
1510186000,신서동554-3,101,0,128.731086,35.869493,2020-09-01
1510186100,신서동553-3,101,0,128.731536,35.869643,2020-09-01
1510186200,대구강동초등학교,101,0,128.730848,35.868493,2020-09-01
1510186300,대구강동초등학교,101,0,128.731298,35.868502,2020-09-01
1510186400,신서동525-17,101,0,128.732098,35.863844,2020-09-01
1510186500,금강동629,102,0,128.731673,35.863094,2020-09-01
1510186600,괴전동123-4,101,0,128.733698,35.872851,2020-09-01
1510186700,속성변화점,103,0,128.723061,35.867119,2020-09-01
1510186800,속성변화점,103,0,128.723636,35.867319,2020-09-01
1510186900,속성변화점,103,0,128.725424,35.867185,2020-09-01
1510187000,속성변화점,103,0,128.724874,35.866977,2020-09-01
1510187100,신서동525-17,101,0,128.732098,35.864202,2020-09-01
1510187200,신서동525-21,101,0,128.731661,35.864544,2020-09-01
1510187300,신서동525-20,101,0,128.731211,35.864544,2020-09-01
1510187400,신서동525-16,101,0,128.730311,35.864544,2020-09-01
1510187500,신서동525-19,101,0,128.730773,35.864544,2020-09-01
1510187600,신서동525-16,101,0,128.730323,35.864036,2020-09-01
1510187700,금강동697-9,102,0,128.729861,35.864036,2020-09-01
1510187800,금강동751-1,101,0,128.730761,35.863661,2020-09-01
1510187900,금강동751-9,101,0,128.731211,35.863477,2020-09-01
1510188000,신서동525-27,101,0,128.731661,35.863477,2020-09-01
1510188100,금강동628,101,0,128.732111,35.863469,2020-09-01
3610284700,부계면 동산리 734-2,101,0,128.6786,36.948018,2025-01-15
1510188200,금강동579,101,0,128.733498,35.863569,2020-09-01
1510188300,신서동525-16,101,0,128.733485,35.863852,2020-09-01
1510188400,신서동525-16,101,0,128.733485,35.864211,2020-09-01
1510188500,괴전동545-1,101,0,128.73331,35.872835,2020-09-01
1510188600,괴전동545-1,101,0,128.733573,35.873551,2020-09-01
1510188700,괴전동536-70,101,0,128.733848,35.873493,2020-09-01
1510188800,괴전동109-2,101,0,128.734235,35.874068,2020-09-01
1510188900,괴전동545-1,101,0,128.733935,35.874151,2020-09-01
1510189000,사복동461-1,102,0,128.755983,35.874851,2020-09-01
1510189100,대림동884,102,0,128.745322,35.875584,2020-09-01
1510189200,대림동725-2,102,0,128.743859,35.869318,2020-09-01
1510189300,대림동884,101,0,128.745309,35.875284,2020-09-01
1510189400,대림동899,101,0,128.744984,35.872476,2020-09-01
1510189500,대림동891-3,101,0,128.747609,35.872718,2020-09-01
1510189600,대림동892-1,101,0,128.748359,35.87281,2020-09-01
1510189700,사복동894,101,1,128.749834,35.872968,2020-09-01
1510189800,사복동894,101,1,128.749671,35.873993,2020-09-01
1510189900,사복동854,101,0,128.749421,35.875568,2020-09-01
1510190000,사복동854,101,0,128.749321,35.876101,2020-09-01
1510190100,사복동838,101,0,128.749112,35.876952,2020-09-01
1510190200,사복동838,101,0,128.749196,35.876634,2020-09-01
1510190300,사복동843-6,101,0,128.750334,35.876726,2020-09-01
1510190400,사복동842,101,0,128.750021,35.876443,2020-09-01
1510190500,사복동841-1,101,0,128.749684,35.876134,2020-09-01
1510190600,사복동845-1,101,0,128.749796,35.875609,2020-09-01
1510190700,사복동850,101,0,128.751484,35.875759,2020-09-01
1510190800,사복동847-7,101,0,128.750971,35.875718,2020-09-01
1510190900,사복동391-1,101,0,128.752184,35.875818,2020-09-01
1510191000,숙천동409,101,0,128.751871,35.881625,2020-09-01
1510191100,내곡동361-2,102,0,128.757383,35.878926,2020-09-01
1510191200,동구-경산시,105,0,128.757823,35.878037,2020-09-01
1510191300,숙천동87,101,0,128.753558,35.881817,2020-09-01
1510191400,내곡동275,102,0,128.75922,35.886658,2020-09-01
1550014800,풍경이있는교회,101,1,128.613895,35.857443,2020-09-01
1550014900,파스쿠찌범어역점,101,1,128.622403,35.858898,2020-09-01
1550015000,우방오성타운아파트,101,0,128.608493,35.858901,2020-09-01
1550015100,태성교회,101,0,128.60882,35.860088,2020-09-01
1550015200,카페YOUU,101,0,128.610075,35.86207,2020-09-01
1550015300,성화중학교정문,101,0,128.635654,35.862175,2020-09-01
1550015400,능엄사,101,0,128.610604,35.862505,2020-09-01
1550015401,수성교북편교차로,101,0,128.612779,35.863959,2020-09-01
1550015500,동원초교남단교차로,101,0,128.639675,35.862594,2020-09-01
1550015600,신천시장교차로,101,1,128.618004,35.863579,2020-09-01
1550015700,별그린어린이집,101,0,128.64414,35.863723,2020-09-01
1550015800,만촌2동자율방범위원회,101,0,128.646711,35.864222,2020-09-01
1550015900,세광빌딩,101,1,128.618077,35.864394,2020-09-01
1550016000,믿음의교회,101,0,128.613881,35.865482,2020-09-01
1550016100,동원교회,101,1,128.638957,35.866223,2020-09-01
1550016200,한국양계농협만촌지점,101,1,128.642949,35.866224,2020-09-01
1550016300,축산물1번가,101,0,128.644643,35.867038,2020-09-01
1550016400,동신교남편교차로,101,0,128.614712,35.867201,2020-09-01
1550016500,대경교회,101,1,128.633529,35.867296,2020-09-01
1550016600,성만교회,101,1,128.646093,35.868167,2020-09-01
1550016700,성화중학교후문,101,0,128.644743,35.870843,2020-09-01
1550016701,대구동부중학교,101,0,128.643975,35.87186,2020-09-01
1550016702,만촌동674-6,101,0,128.645833,35.871227,2020-09-01
1550016800,수성IC,106,0,128.69052,35.838292,2020-09-01
1550016900,수성IC앞교차로,106,1,128.684366,35.837113,2020-09-01
1550017000,속성변화점,103,0,128.687828,35.836467,2020-09-01
1550017100,수성IC,106,0,128.696139,35.832997,2020-09-01
1550017200,수성IC,106,0,128.689661,35.836092,2020-09-01
1550017300,범물중교입구,101,0,128.640364,35.815882,2020-09-01
1550017301,범일초등학교교차로,101,0,128.640191,35.816858,2020-09-01
1550017400,속성변화점,103,0,128.637773,35.817153,2020-09-01
1550017401,범물동1355,101,0,128.638493,35.817243,2020-09-01
1550017500,범일초등학교사거리,101,1,128.640088,35.81744,2020-09-01
1550017501,범물2동행정복지센터,101,0,128.642943,35.817807,2020-09-01
1550017600,에덴타운101동앞,101,0,128.639989,35.817997,2020-09-01
1550017601,범물동1349,101,0,128.638927,35.818611,2020-09-01
1550017602,범물동1329,101,0,128.641318,35.819464,2020-09-01
1550017700,범물치안센터,101,0,128.64636,35.818263,2020-09-01
1550017701,범물동1289,101,0,128.647723,35.818404,2020-09-01
1550017702,용지역(대구3호선),101,0,128.646216,35.819054,2020-09-01
1550017703,범물동1289,101,0,128.648391,35.818504,2020-09-01
1550017800,범물청구타운201동앞,101,0,128.643634,35.818774,2020-09-01
1550017900,범물청구타운103동앞,101,1,128.641748,35.819933,2020-09-01
1550017901,동아백화점,101,0,128.640691,35.820578,2020-09-01
1550017902,범물동1277-11,101,0,128.642478,35.820769,2020-09-01
1550017903,범물동1278,101,0,128.642156,35.820401,2020-09-01
1550018000,범일중학교앞교차로,101,0,128.644675,35.819989,2020-09-01
1550018001,범물초등학교앞교차로,101,0,128.646184,35.821608,2020-09-01
1550018100,지산공원앞,101,0,128.636524,35.820468,2020-09-01
1550018101,범물네거리,101,0,128.638998,35.820886,2020-09-01
1550018200,범물청구타운101동앞,101,0,128.642807,35.821102,2020-09-01
1550018300,한라타운101동앞,101,0,128.638185,35.822172,2020-09-01
1550018301,지산동1274,101,0,128.637677,35.821754,2020-09-01
1550018400,한라타운105동앞,101,0,128.635547,35.822252,2020-09-01
1550018500,범물초등교,101,0,128.644317,35.822796,2020-09-01
1550018600,지산천주교회,102,0,128.640075,35.82315,2020-09-01
1550018700,용지초등교,101,1,128.63241,35.823164,2020-09-01
1550018800,지산중교앞,101,0,128.629229,35.824188,2020-09-01
1550018900,두산제일교회,101,0,128.625061,35.825622,2020-09-01
1550019000,동아스포츠센타,101,0,128.629924,35.825646,2020-09-01
1550019100,능인고입구,101,0,128.631084,35.829916,2020-09-01
1550019200,능인고교,102,0,128.631297,35.832042,2020-09-01
1550019300,보성서한아파트상가앞,101,0,128.705008,35.832771,2020-09-01
1550019400,에덴타운상가앞,101,0,128.70552,35.834411,2020-09-01
1550019500,영남타운228도앞,101,0,128.705893,35.835743,2020-09-01
1550019600,청솔타운207동앞,101,0,128.706385,35.837376,2020-09-01
1550019601,신매동569,101,0,128.705633,35.839018,2020-09-01
1550019700,사월보성2차앞,101,0,128.715214,35.839143,2020-09-01
1550019701,신매동280,101,0,128.711126,35.840572,2020-09-01
1550019702,대구매호초등학교,101,0,128.712148,35.84195,2020-09-01
1550019703,대구매호초등학교,101,0,128.713565,35.841478,2020-09-01
1550019704,신매동230,101,0,128.71263,35.840056,2020-09-01
1550019705,신매동245,101,0,128.714201,35.839525,2020-09-01
1550019706,사월동475,101,0,128.717562,35.839751,2020-09-01
1550019800,성동초등학교교차로,101,1,128.633577,35.840619,2020-09-01
1550019801,성동초등학교교차로,101,0,128.634328,35.840762,2020-09-01
1550019900,매호천주교회,101,0,128.710412,35.840828,2020-09-01
1550020000,매호초등학교앞,101,0,128.711376,35.842248,2020-09-01
1550020001,매호동1329,101,0,128.707434,35.843572,2020-09-01
1550020100,고신탕입구,101,1,128.688513,35.842255,2020-09-01
1550020101,만촌동57-7,101,1,128.656132,35.874929,2020-09-01
1550020102,만촌동291-1,101,0,128.658837,35.872287,2020-09-01
1550020103,고모동산55-1,101,0,128.670034,35.867,2020-09-01
1550020104,고모동산69-2,101,0,128.67614,35.861514,2020-09-01
1550020105,고모동336-1,101,0,128.678672,35.857255,2020-09-01
3610288100,부계면 남산리 산106-5,101,0,128.652184,36.931065,2025-01-15
3690003802,왜관리416-6,101,1,128.412304,35.988326,2020-09-01
3690003901,칠곡휴게소,104,0,128.428383,36.008915,2020-09-01
3690004000,요거프레소왜관중앙점,101,0,128.3991,35.992142,2020-09-01
3690004100,관문사,101,0,128.387519,35.994404,2020-09-01
3690004200,왜관지하도서측,101,0,128.399069,35.996245,2020-09-01
3690004201,왜관리187-4,101,0,128.398882,35.996933,2020-09-01
3690004202,왜관리200-5,101,0,128.398116,35.99782,2020-09-01
3690004300,왜관지하도동측,101,0,128.401592,35.996833,2020-09-01
3690004301,석전리732-2,101,1,128.402235,35.997191,2020-09-01
3690004302,석전리732-2,101,0,128.403116,35.998097,2020-09-01
3690004303,석전리867-2,101,0,128.403858,35.999006,2020-09-01
3690004304,왜관중앙초등학교,101,1,128.405179,35.999519,2020-09-01
3690004400,기성삼거리,101,0,128.591543,35.995739,2020-09-01
3690004401,송림삼거리,101,0,128.584371,35.984594,2020-09-01
3690004500,왜관소방서앞사거리,101,0,128.397345,35.99907,2020-09-01
3690004600,왜관과선교,101,1,128.397177,35.999653,2020-09-01
3690004601,석전리806-7,101,1,128.397226,36.001456,2020-09-01
3690004700,무지개어린이집,101,0,128.407636,36.000246,2020-09-01
3690004800,속성변화점,103,0,128.396319,36.000295,2020-09-01
3690004900,한국외식업중앙회칠곡군지부,101,0,128.408821,36.000766,2020-09-01
3690004901,석전리835-17,101,0,128.409951,36.0014,2020-09-01
3690004902,석전리424-31,101,0,128.411273,36.002128,2020-09-01
3690005000,속성변화점,103,0,128.391976,36.002327,2020-09-01
3690005100,농협삼거리,101,0,128.389454,36.002722,2020-09-01
3690005200,관호오거리,101,1,128.390615,36.002904,2020-09-01
3690005300,백운리산25-1,101,0,128.482801,36.002986,2020-09-01
3690005400,관호오거리,101,0,128.389957,36.003823,2020-09-01
3690005401,관호리803-6,101,0,128.388028,36.005961,2020-09-01
3690005500,법성교,101,0,128.594201,36.003505,2020-09-01
3690005700,대성공업사,101,0,128.482986,36.007772,2020-09-01
3690005701,백운리264-4,101,0,128.482305,36.014817,2020-09-01
3690005900,한국성모의자애수녀회,101,0,128.591247,36.0094,2020-09-01
3690006000,학명리792,101,0,128.550966,36.010263,2020-09-01
3690006100,아곡삼거리,101,0,128.425422,36.011263,2020-09-01
3690006200,SK주유소동명고속,101,0,128.550517,36.012992,2020-09-01
3690006300,팔공산품안찻집,101,0,128.594852,36.013451,2020-09-01
3690006400,관호리279-2,101,0,128.386966,36.017527,2020-09-01
3690008400,다부IC,106,0,128.517019,36.042933,2020-09-01
3690008401,동명휴게소,104,0,128.546396,36.008772,2020-09-01
3690008402,동명휴게소,104,0,128.54965,36.003379,2020-09-01
3690015200,창평교남측,104,0,128.495124,35.966258,2020-09-01
3690015300,창평교북측,104,0,128.495291,35.966735,2020-09-01
3690015301,창평리799-3,101,0,128.49549,35.967286,2020-09-01
3690015400,달서교,104,0,128.483191,35.991916,2020-09-01
3690015500,달서교,104,0,128.483169,35.992244,2020-09-01
3690015600,백운교남측,104,0,128.483228,36.000487,2020-09-01
3660091500,청도2터널,104,0,128.739847,35.696998,2020-09-01
3660091600,청도2교,104,0,128.740193,35.689615,2020-09-01
3660091700,경산시-청도군,105,0,128.741923,35.7063,2020-09-01
3660091800,청도천4교,104,0,128.762594,35.62522,2020-09-01
3660091900,청도천4교,104,0,128.764241,35.620744,2020-09-01
3660092000,청도군-밀양시,105,0,128.766343,35.569754,2020-09-01
3660092100,단산대교,104,0,128.769078,35.608726,2020-09-01
3660092200,단산대교,104,0,128.769292,35.599504,2020-09-01
3660092300,청도천1교,104,0,128.769971,35.579954,2020-09-01
3660092400,청도천1교,104,0,128.773438,35.575385,2020-09-01
3660092500,고정대교,104,0,128.776167,35.571796,2020-09-01
3660092600,청도군-밀양시,105,0,128.779304,35.567771,2020-09-01
3660092700,경산시-청도군,105,0,128.79443,35.74394,2020-09-01
3670000100,객기리마을회관,101,0,128.372152,35.618187,2020-09-01
3670006000,고령성산교회,101,0,128.375011,35.751755,2020-09-01
3670006100,득성삼거리,101,0,128.377356,35.751912,2020-09-01
3670006101,박곡리643-3,101,0,128.377909,35.759928,2020-09-01
3670006102,무계리500-1,101,0,128.384981,35.768818,2020-09-01
3670006103,박곡리373,101,0,128.383504,35.767353,2020-09-01
3670006104,무계리611,101,0,128.398383,35.786832,2020-09-01
3670006300,달성군-고령군,105,0,128.38703,35.752876,2020-09-01
3670006601,88낙동강교,104,0,128.382295,35.759276,2020-09-01
3670007200,송곡교차로,101,0,128.397771,35.787755,2020-09-01
3670007201,송곡리1633,101,0,128.400452,35.790234,2020-09-01
3670007202,무계리8-1,101,0,128.396069,35.788058,2020-09-01
3670007203,송곡리1444,101,0,128.394923,35.788377,2020-09-01
3670007204,송곡리1499,101,0,128.392349,35.789095,2020-09-01
3670007205,송곡리1425,101,0,128.389131,35.789981,2020-09-01
3670007206,송곡리1425,101,0,128.386526,35.790714,2020-09-01
3670007207,송곡리1777,101,0,128.382558,35.791986,2020-09-01
3670007208,송곡리1828-2,101,1,128.38061,35.792617,2020-09-01
3670007209,송곡리1775,101,1,128.384213,35.791435,2020-09-01
3670007210,송곡리1841,101,0,128.37625,35.795483,2020-09-01
3670007211,월성리1316,101,0,128.416541,35.808163,2020-09-01
3670007300,CU다산공단점,101,0,128.39654,35.789461,2020-09-01
3670007400,송곡리산98-11,101,0,128.396392,35.790739,2020-09-01
3670007700,송곡리산68-1,101,0,128.370407,35.800897,2020-09-01
3670007800,송곡삼거리,101,0,128.382811,35.802567,2020-09-01
3670007801,월성리1073,101,0,128.40726,35.822074,2020-09-01
3670008200,고령JC,106,1,128.374101,35.755034,2020-09-01
3670008400,고령JC,106,1,128.377269,35.758904,2020-09-01
3670008500,고령JC,106,1,128.371427,35.760437,2020-09-01
3670008600,속성변화점,103,0,128.377529,35.619794,2020-09-01
3670063900,득성터널동측,104,0,128.372702,35.749092,2020-09-01
3670064400,득성교서측,104,0,128.378318,35.750259,2020-09-01
3670064500,득성교동측,104,0,128.37945,35.750606,2020-09-01
3670064600,성산대교서측,104,0,128.385088,35.751438,2020-09-01
3670064800,우곡교서측,104,0,128.387022,35.624772,2020-09-01
3670064801,포리175-7,101,0,128.385737,35.62541,2020-09-01
3670125800,차남교차로,101,1,128.425972,35.814691,2020-09-01
3670226200,월성교차로,101,0,128.422633,35.816594,2020-09-01
3670226201,월성리558-4,101,0,128.416034,35.820913,2020-09-01
3670239600,사문진교서측,104,0,128.471526,35.81407,2020-09-01
3670239601,좌학리969,101,1,128.429458,35.814358,2020-09-01
3670239602,상곡리304-2,101,0,128.445051,35.81902,2020-09-01
3670239603,상곡리310-2,101,1,128.448872,35.820563,2020-09-01
3670239604,상곡리262-7,101,0,128.451193,35.821835,2020-09-01
3670239605,평리리248-7,101,0,128.45566,35.823641,2020-09-01
3670239700,박석진교(서측),104,0,128.429526,35.708068,2020-09-01
3670247900,부동삼거리,101,0,128.424914,35.708668,2020-09-01
3670248000,생리79,101,0,128.423751,35.716783,2020-09-01
3670248100,생리135-6,102,0,128.422352,35.720108,2020-09-01
3670248200,오곡리923,101,0,128.401116,35.733823,2020-09-01
3670248300,오곡리산17,102,0,128.403478,35.733756,2020-09-01
3670248400,삼대리307-2,101,0,128.38568,35.744355,2020-09-01
3670248500,득성리산21-7,101,0,128.378755,35.749488,2020-09-01
3670248600,속성변화점,103,0,128.381017,35.747546,2020-09-01
3670248800,송곡리산179,102,0,128.38093,35.786192,2020-09-01
3670248900,박곡리142,101,0,128.376105,35.776335,2020-09-01
3670249000,박곡리산46-1,101,0,128.374405,35.775652,2020-09-01
3670249100,속성변화점,103,0,128.374705,35.779618,2020-09-01
3670249200,박곡리212,101,0,128.379505,35.773285,2020-09-01
3670249300,무계리584-1,101,0,128.382192,35.771052,2020-09-01
3670249400,무계리514-1,101,0,128.383929,35.769661,2020-09-01
3670249500,송곡리산188,102,0,128.382454,35.78575,2020-09-01
3670249600,속성변화점,103,0,128.385129,35.770844,2020-09-01
3670249700,무계리8-14,102,0,128.391691,35.784884,2020-09-01
3670249800,무계리8-10,101,0,128.393991,35.785901,2020-09-01
3670249900,송곡리1544,101,0,128.391879,35.786109,2020-09-01
3670250000,송곡리1547-8,101,0,128.393616,35.786825,2020-09-01
3670250100,송곡리1547-1,101,0,128.394541,35.787484,2020-09-01
3670250200,송곡리1396,101,0,128.395291,35.789275,2020-09-01
3670250300,송곡리1396,102,0,128.395666,35.789308,2020-09-01
3670250400,송곡리1500,101,0,128.391954,35.7882,2020-09-01
3670250500,송곡리1544,101,0,128.391129,35.786184,2020-09-01
3670250600,송곡리1442,101,0,128.391616,35.787375,2020-09-01
3670250700,송곡리1496-3,101,0,128.388729,35.789083,2020-09-01
3670250800,송곡리1486,101,0,128.386154,35.789783,2020-09-01
3670250900,송곡리1442,101,0,128.385829,35.788983,2020-09-01
3670251000,송곡리1467,101,0,128.385479,35.788192,2020-09-01
3670251100,송곡리1468,102,0,128.385029,35.788175,2020-09-01
3670251200,송곡리1496-3,101,0,128.388416,35.78825,2020-09-01
3670251300,송곡리1464,101,0,128.388004,35.787292,2020-09-01
3670251400,송곡리1769,102,0,128.381929,35.793208,2020-09-01
3670251500,송곡리1826,101,0,128.38018,35.791833,2020-09-01
3670251600,송곡리1781,101,0,128.381379,35.791441,2020-09-01
3670251700,송곡리1777,101,0,128.382154,35.791208,2020-09-01
3670251800,송곡리1785,101,0,128.381667,35.790225,2020-09-01
3670251900,송곡리1799,101,0,128.379705,35.790867,2020-09-01
3670252000,송곡리1785,101,0,128.380905,35.790475,2020-09-01
3670252100,송곡리2171,101,0,128.380355,35.787392,2020-09-01
3670252200,송곡리2171,101,0,128.381255,35.787175,2020-09-01
3670252300,송곡리산169,102,0,128.374755,35.793558,2020-09-01
3670252400,좌학리969,102,0,128.43315,35.812031,2020-09-01
3670252500,좌학리969,102,0,128.427075,35.815306,2020-09-01
3670252600,월성리산92-2,102,0,128.408352,35.819963,2020-09-01
3670252700,좌학리65-3,101,0,128.443882,35.821043,2020-09-01
3670252800,상곡리293-6,101,0,128.449248,35.822488,2020-09-01
3670252900,상곡리162-7,102,0,128.448223,35.82498,2020-09-01
3670253000,다산면행정복지센터,101,0,128.451148,35.822955,2020-09-01
3670253100,다산면행정복지센터,102,0,128.45211,35.823222,2020-09-01
3670253200,호촌리169-16,101,0,128.457485,35.825555,2020-09-01
3670253300,평리리241-15,102,0,128.454523,35.825655,2020-09-01
3670253400,곽촌리188-1,101,0,128.455935,35.830029,2020-09-01
3670253500,평리리230-3,101,1,128.45146,35.828496,2020-09-01
3670253600,상곡리233-5,101,0,128.450548,35.825513,2020-09-01
3670253700,상곡리191-3,102,0,128.446423,35.827646,2020-09-01
3670253800,다산초등학교,101,0,128.45241,35.824855,2020-09-01
3670253900,곽촌리220,101,0,128.453448,35.83412,2020-09-01
3670254000,곽촌리42-162,102,0,128.456835,35.836545,2020-09-01
3670254100,곽촌리1037,101,0,128.447673,35.839337,2020-09-01
3670254200,곽촌리1081,102,0,128.448136,35.840595,2020-09-01
1530006002,대봉네거리,101,1,128.602569,35.854699,2020-09-01
1530006003,이천동671,101,0,128.603534,35.850257,2020-09-01
1530006100,신일교회,101,1,128.600235,35.84784,2020-09-01
1530006200,빈스에비뉴,101,0,128.596743,35.847923,2020-09-01
1530006201,켐프헨리사거리,101,0,128.598146,35.850016,2020-09-01
1530006300,이천네거리,101,0,128.598596,35.847955,2020-09-01
1530006400,대구고교삼거리,101,1,128.590565,35.848954,2020-09-01
1530006401,교대역(대구1호선),101,0,128.590605,35.850969,2020-09-01
1530006402,대구교대앞교차로,101,1,128.590644,35.852827,2020-09-01
1530006500,대구요양병원장례식장,101,1,128.580655,35.848973,2020-09-01
1530006600,대명가든맨션아파트,101,0,128.587108,35.849142,2020-09-01
1530006700,켐프헨리사거리,101,0,128.598573,35.850653,2020-09-01
1530006701,이천동695-1,101,1,128.598535,35.853078,2020-09-01
1530006800,희망지하차도,104,0,128.606499,35.850723,2020-09-01
1530006900,성당시장네거리,101,1,128.573396,35.85101,2020-09-01
1530007000,성당시장네거리,101,1,128.573679,35.851207,2020-09-01
1530007100,삼각지네거리,101,1,128.582469,35.852372,2020-09-01
1530007200,대봉교지하차도,104,0,128.607194,35.852581,2020-09-01
1530007300,삼각지네거리,101,0,128.583376,35.85259,2020-09-01
1530007400,핸즈커피교대점,101,0,128.590691,35.855359,2020-09-01
1530007500,앞산공원입구,101,0,128.586991,35.833193,2020-09-01
1530007600,앞산공원앞,101,0,128.587955,35.833199,2020-09-01
1530007700,앞산보성아파트앞,101,0,128.594912,35.834787,2020-09-01
1530007701,봉덕동666-11,101,0,128.595459,35.840103,2020-09-01
1530007800,앞산네거리북편,101,1,128.579968,35.841481,2020-09-01
1530007900,대명동홀마트,101,0,128.57144,35.842012,2020-09-01
1530008000,동로교회,101,1,128.57231,35.842046,2020-09-01
1530008001,대명동3056,101,1,128.568962,35.844861,2020-09-01
1530008002,대구가톨릭병원교차로,101,1,128.569782,35.844008,2020-09-01
1530008100,남도초등학교교차로,101,0,128.579988,35.844021,2020-09-01
1530008200,동아대덕아파트앞,101,0,128.578089,35.844102,2020-09-01
1530008300,앞산관광호텔,101,0,128.580014,35.845888,2020-09-01
1530008400,삼각지네거리,101,0,128.583196,35.853501,2020-09-01
1530008500,달서구-남구,105,0,128.558264,35.832513,2020-09-01
1530008600,대명동3056,101,0,128.56825,35.844437,2020-09-01
1530008700,대명동3056,102,0,128.566938,35.844795,2020-09-01
1530008800,대명동1291,102,0,128.569613,35.837121,2020-09-01
1530008900,대구대명초등학교,102,0,128.569625,35.838771,2020-09-01
1530009000,봉덕동1019-251,102,0,128.603035,35.839521,2020-09-01
1530009100,봉덕동1012-2,102,0,128.601022,35.839529,2020-09-01
1530009200,봉덕동641-1,102,0,128.592548,35.839704,2020-09-01
1530009300,캠프워크교차로,102,0,128.583374,35.841137,2020-09-01
1530009400,효명네거리,102,0,128.600697,35.832638,2020-09-01
1530009500,봉덕동1087-3,102,0,128.605043,35.837583,2020-09-01
1530009600,봉덕동1087-3,101,0,128.604734,35.838296,2020-09-01
1530009700,대명동7-2,102,0,128.595348,35.849853,2020-09-01
1530009800,이천동361-13,102,0,128.602697,35.848995,2020-09-01
1530009900,대명동2321-1,102,0,128.580974,35.855936,2020-09-01
1530010000,대명동2321-1,102,0,128.589436,35.850878,2020-09-01
1530010100,대구교대교차로,102,0,128.589898,35.852786,2020-09-01
1530010200,이천동713,102,0,128.595623,35.855869,2020-09-01
1540000100,금호JC,106,0,128.525663,35.889314,2020-09-01
1540000200,만평네거리,101,1,128.562287,35.8897,2020-09-01
1540000201,노원동3가637-1,101,0,128.55846,35.890238,2020-09-01
1540000300,상신삼거리,101,1,128.554613,35.890956,2020-09-01
1540000400,대한예수교회노원교회,101,1,128.565086,35.891279,2020-09-01
1540000500,성불사,101,1,128.624122,35.891528,2020-09-01
1540000600,공단역1번출구,101,1,128.553183,35.892487,2020-09-01
1540000700,복현네거리,101,1,128.622217,35.892372,2020-09-01
1540000701,복현2동행정복지센터,101,1,128.624422,35.895515,2020-09-01
1540000702,복현동235-1,101,0,128.624403,35.895024,2020-09-01
1540000800,노원119안전센터,101,1,128.56773,35.892796,2020-09-01
1540000900,이오토스정비,101,0,128.552642,35.89307,2020-09-01
1540001000,금호JC,106,1,128.521566,35.893211,2020-09-01
1540001100,금호JC,106,0,128.532041,35.893284,2020-09-01
1540001200,팔달교,101,1,128.551792,35.893982,2020-09-01
1540001300,대구은행3공단영업부지점,101,1,128.571232,35.894829,2020-09-01
1540001500,복현119안전센터,101,0,128.617858,35.895335,2020-09-01
1540001600,외천교,104,0,128.546536,35.896655,2020-09-01
1540001700,팔달교,104,0,128.549695,35.896729,2020-09-01
1540001800,금호JC,106,0,128.524631,35.897124,2020-09-01
1540001900,신한은행대구3공단금융센터지점,101,1,128.574786,35.896896,2020-09-01
1540002000,복현고가차도,104,1,128.61608,35.896748,2020-09-01
1540002100,외천교,101,0,128.548855,35.8977,2020-09-01
1540002101,팔달동524-3,101,0,128.547727,35.899735,2020-09-01
1540002200,외천교,104,0,128.550298,35.897435,2020-09-01
1540002300,복현오거리,101,1,128.614954,35.897643,2020-09-01
1540002301,산격동172-5,101,1,128.615608,35.900661,2020-09-01
1540002400,웨딩라이프컴퍼니더블유,101,0,128.56287,35.898444,2020-09-01
1540002500,복현고가차도,104,0,128.613455,35.898235,2020-09-01
1540002501,산격동1485,101,0,128.610454,35.899504,2020-09-01
1540002600,노원네거리,101,1,128.57933,35.89943,2020-09-01
1540002700,산격중학교앞교차로,101,1,128.60909,35.900299,2020-09-01
1540002900,백사벌네거리,101,1,128.588848,35.90082,2020-09-01
1540003000,침산교서편네거리,108,1,128.591763,35.900835,2020-09-01
1540003200,침산교서편,104,0,128.592062,35.900872,2020-09-01
1540003300,침산교,104,0,128.593228,35.901094,2020-09-01
1540003301,신천동로진입부교차로,101,0,128.593594,35.901166,2020-09-01
1540003400,연암네거리,101,1,128.59631,35.90168,2020-09-01
1540003500,국화원장례식장,101,1,128.603699,35.902411,2020-09-01
1540003600,팔달고가차도,104,0,128.547424,35.901336,2020-09-01
1540003700,북구노곡동1105-1,101,0,128.570195,35.903149,2020-09-01
1540003900,웨딩라임,101,1,128.546821,35.903668,2020-09-01
1540003901,매천동370,101,0,128.543594,35.904058,2020-09-01
1540004000,침산교지하차도,101,0,128.58723,35.903585,2020-09-01
1540004100,팔달고가차도,104,0,128.547234,35.905573,2020-09-01
1540004200,조야교,106,0,128.57695,35.908297,2020-09-01
1540004300,북대구IC,106,0,128.583062,35.909518,2020-09-01
1540004400,북대구IC,106,0,128.581826,35.910714,2020-09-01
1540004500,금호1교서측,104,0,128.600116,35.912847,2020-09-01
1540004600,북대구IC앞,106,1,128.587881,35.913002,2020-09-01
1540004700,대구병원장례식장,101,1,128.548478,35.913565,2020-09-01
1540004800,금호제1교,104,0,128.606633,35.914024,2020-09-01
1540004900,금호2교북측,104,0,128.630492,35.917012,2020-09-01
1540005200,태전삼거리,101,0,128.546474,35.920228,2020-09-01
1540005201,태전동165-6,101,0,128.543599,35.921427,2020-09-01
1540005202,태전동165-2,101,0,128.544251,35.920294,2020-09-01
1540005300,금호터널,104,0,128.52845,35.920593,2020-09-01
1540005400,은마아파트,101,1,128.543496,35.925499,2020-09-01
1540005500,운전면허시험장앞교차로,101,1,128.547319,35.925625,2020-09-01
1540005501,태전동991,101,1,128.547648,35.927838,2020-09-01
1540005600,금호터널,104,0,128.53106,35.926179,2020-09-01
1540005800,대구과학대학앞교차로,101,1,128.547808,35.928809,2020-09-01
1540005801,대구과학대학태전초등학교교차로,101,1,128.547884,35.929274,2020-09-01
1540006000,태전고가교교차로,101,1,128.538928,35.930807,2020-09-01
1540006100,칠곡지하차도,104,0,128.548225,35.931286,2020-09-01
1540006101,칠곡네거리,101,0,128.548353,35.932101,2020-09-01
1540006300,칠곡네거리,101,1,128.548459,35.932766,2020-09-01
1540014900,노원동3가252-3,101,0,128.577619,35.893299,2020-09-01
1540015000,원대새마을금고우편취급국,101,0,128.556122,35.893342,2020-09-01
1540015100,성북교사거리,101,1,128.593881,35.893354,2020-09-01
1540015200,성북지하차도,104,0,128.591722,35.893588,2020-09-01
1540015300,이마트24대구노원점,101,0,128.574821,35.893922,2020-09-01
1540015400,인내교회,101,0,128.616188,35.893922,2020-09-01
1540015500,S-Oil산격셀프,101,0,128.593036,35.894227,2020-09-01
1540015600,서울우유공단보급소,101,0,128.572784,35.894376,2020-09-01
1540015700,매천대교,104,0,128.54203,35.894703,2020-09-01
1540015800,세기전력,101,0,128.565949,35.894874,2020-09-01
1540015900,조립커피,101,1,128.611979,35.894957,2020-09-01
1540016000,산격초등학교앞교차로,101,1,128.605247,35.89499,2020-09-01
1540016100,세븐일레븐노원스타점,101,0,128.578201,35.895303,2020-09-01
1540016200,성북성당,101,0,128.592842,35.895761,2020-09-01
1540016300,광원전력,101,0,128.575777,35.895765,2020-09-01
1540016400,알곤용접,101,0,128.565147,35.895798,2020-09-01
1540016500,베들레헴침례교회,101,1,128.613103,35.895954,2020-09-01
1540016600,세븐일레븐대구노원3가점,101,0,128.569495,35.8969,2020-09-01
1540016700,미니스톱대구3공단점,101,0,128.564165,35.89693,2020-09-01
1540016800,장태실네거리,101,1,128.54194,35.897009,2020-09-01
1540016900,용두동쭈꾸미4호점,101,0,128.589138,35.897462,2020-09-01
1540017000,복현자이아파트,101,0,128.617815,35.898204,2020-09-01
1540017001,복현동198,101,1,128.619385,35.898529,2020-09-01
1540017100,브니엘교회,101,0,128.607192,35.898584,2020-09-01
1540017200,황금진족,101,0,128.567987,35.898641,2020-09-01
1540017300,동화타운아파트,101,0,128.593227,35.898692,2020-09-01
1540017400,GS25,101,0,128.573001,35.89892,2020-09-01
1540017500,침산교지하차도,104,0,128.591669,35.899085,2020-09-01
1540017600,공항교교차로,101,1,128.622491,35.899152,2020-09-01
1540017601,복현동701,101,0,128.619801,35.900247,2020-09-01
1540017602,복현동157-4,101,1,128.623786,35.899416,2020-09-01
1540017700,공항교서측,104,0,128.626532,35.899975,2020-09-01
1540017800,미락정육식당,101,0,128.575569,35.900405,2020-09-01
1540017900,CU노원영성점,101,0,128.571993,35.90048,2020-09-01
1540018000,침산교,101,0,128.593391,35.90061,2020-09-01
1540018100,노원네거리,101,0,128.579175,35.900739,2020-09-01
1540018200,토마스어린이집,101,0,128.618501,35.900888,2020-09-01
1540018201,복현동539-1,101,0,128.618473,35.904052,2020-09-01
1540018300,우리집,101,0,128.574567,35.901598,2020-09-01
1540018400,매천시장지하차도,104,0,128.541413,35.901827,2020-09-01
1540018500,노곡교,104,0,128.565373,35.901856,2020-09-01
1540018600,E1충전소북대구대평LPG,101,0,128.593311,35.901875,2020-09-01
1540018700,속성변화점,103,0,128.570679,35.902384,2020-09-01
1540018800,쌍용서비스센터동래정비사업소,101,0,128.593956,35.902935,2020-09-01
1540018900,강북대리점,102,0,128.588802,35.903021,2020-09-01
1540019000,한재골,101,1,128.578863,35.903369,2020-09-01
1540019100,복현보성타운아파트,101,1,128.616752,35.9037,2020-09-01
1540019101,산격동1820,101,1,128.618027,35.90533,2020-09-01
1540019102,산격동120,101,0,128.616292,35.906281,2020-09-01
1540019103,산격동539-146,101,1,128.617014,35.904168,2020-09-01
1540019200,노곡교,104,0,128.564017,35.903825,2020-09-01
1540019300,삼보종합상사,101,1,128.59874,35.904112,2020-09-01
1540019400,IBK기업은행대구유통단지지점,101,1,128.60318,35.904215,2020-09-01
1540019500,매천시장지하차도,101,1,128.541057,35.904365,2020-09-01
1540019501,매천동342-1,101,0,128.541489,35.906553,2020-09-01
1540019600,CU유통단지점,101,1,128.611748,35.905159,2020-09-01
1540019601,산격동1676,101,0,128.61379,35.906104,2020-09-01
1540019602,산격동1673,101,1,128.612821,35.905654,2020-09-01
1540019700,조야교,104,0,128.578482,35.905392,2020-09-01
1540019800,서변대교,104,0,128.584606,35.905567,2020-09-01
1540019900,노곡교,102,1,128.563092,35.905629,2020-09-01
1540020000,도쿄활어회직판장,101,1,128.60658,35.905783,2020-09-01
1540020100,살로몬제주점,101,1,128.602478,35.905794,2020-09-01
1540020200,검단네거리,101,1,128.619019,35.906131,2020-09-01
1540020201,검단동838-125,101,0,128.621518,35.907954,2020-09-01
1540020202,성광중학교,101,1,128.623209,35.909193,2020-09-01
1540020203,성광중학교,101,0,128.622906,35.90897,2020-09-01
1540020300,산격119안전센터,101,1,128.614579,35.906702,2020-09-01
1540020400,일성골재,101,1,128.602326,35.906755,2020-09-01
1540020401,산격동1550,101,1,128.607698,35.909866,2020-09-01
1540020500,매천시장지하차도,104,0,128.541535,35.906786,2020-09-01
1540020600,전자관북편1공영주차장,101,0,128.605648,35.906906,2020-09-01
1540020700,조야교,104,0,128.577941,35.907119,2020-09-01
1540020701,조야동436-2,101,0,128.577651,35.90773,2020-09-01
1540020800,현대HCN금호방송,101,0,128.615457,35.907356,2020-09-01
1540020801,산격동1696,101,0,128.61634,35.907758,2020-09-01
1540020802,SL라이팅본사,101,1,128.616898,35.908011,2020-09-01
1540020900,대구은행유통단지지점,101,1,128.610173,35.907435,2020-09-01
1540020901,산격동1628,101,0,128.611956,35.908266,2020-09-01
1540020902,산격동1628,101,0,128.611248,35.907932,2020-09-01
1540021000,산격대교,101,1,128.600728,35.908095,2020-09-01
1540021100,서변대교,104,0,128.585472,35.908219,2020-09-01
1540021200,우일축산약품,101,1,128.617524,35.908295,2020-09-01
1540021300,LS산전대구영업지사,101,1,128.613114,35.908812,2020-09-01
1540021301,산격동1574,101,0,128.615001,35.909703,2020-09-01
1540021400,산격대교,104,0,128.599883,35.909287,2020-09-01
1540021500,오일뱅크대구현대,101,1,128.608278,35.909639,2020-09-01
1540021501,산격동56-3,101,1,128.609584,35.910254,2020-09-01
1540021600,검단치안센터,101,0,128.623847,35.909664,2020-09-01
1540021601,검단동777-57,101,0,128.622742,35.911247,2020-09-01
1540021602,검단동777-57,101,0,128.623062,35.910788,2020-09-01
1540021603,검단동777-57,101,0,128.625282,35.910735,2020-09-01
1540021604,검단동777-35,101,0,128.622433,35.91169,2020-09-01
1540021605,검단동777-16,101,0,128.622003,35.912306,2020-09-01
1540021606,검단동777-16,101,0,128.62188,35.912482,2020-09-01
1540021607,검단동720,101,0,128.621551,35.912953,2020-09-01
1540021608,검단동720-5,101,0,128.621004,35.913737,2020-09-01
1540021609,검단동720-5,101,1,128.620877,35.91392,2020-09-01
1540021610,검단동711-1,101,0,128.620391,35.914596,2020-09-01
1540021611,검단동711-1,101,0,128.619835,35.915406,2020-09-01
1540021700,동부제철대구지사,101,1,128.616181,35.910222,2020-09-01
1540021701,산격동1773,101,1,128.615736,35.910839,2020-09-01
1540021800,부국철강,101,0,128.611495,35.911143,2020-09-01
1540021801,검단동571-4,101,0,128.613038,35.91183,2020-09-01
1540021900,북구서변동1630-237,101,0,128.599593,35.911421,2020-09-01
1540021901,서변동1282-5,101,0,128.599772,35.914658,2020-09-01
1540022000,검단제일교회,101,0,128.626651,35.911758,2020-09-01
1540022001,검단동1027-4,101,1,128.626356,35.912184,2020-09-01
1540022002,검단동745-2,101,1,128.625869,35.91289,2020-09-01
1540022003,검단동745-2,101,1,128.62566,35.913192,2020-09-01
1540022004,검단동745-2,101,0,128.625121,35.913972,2020-09-01
1540022005,검단동690-2,101,0,128.6241,35.915449,2020-09-01
1540022100,영풍축산물도매센터,101,1,128.614658,35.912551,2020-09-01
1540022101,검단동529-1,101,0,128.614109,35.913371,2020-09-01
1540022200,매천초등학교앞교차로,101,1,128.542576,35.913436,2020-09-01
1540022201,태전동산45-3,101,0,128.541494,35.919272,2020-09-01
1540022202,태전동685-1,101,0,128.541898,35.917186,2020-09-01
1540022203,매천동618-1,101,0,128.542428,35.914393,2020-09-01
3600238500,신상리494-1,101,0,128.819565,35.872602,2020-09-01
3600238600,신상리494-1,101,0,128.819565,35.873302,2020-09-01
3600238700,신상리494-1,102,0,128.819953,35.871927,2020-09-01
3600238800,신상리494-2,101,0,128.820265,35.873294,2020-09-01
3600238900,신상리494-2,101,0,128.821215,35.873302,2020-09-01
3600239000,신상리494-4,101,0,128.821215,35.871935,2020-09-01
3600239100,신상리494-4,101,0,128.822115,35.871952,2020-09-01
3600239200,신상리494-2,101,0,128.822115,35.873294,2020-09-01
3600239300,신상리494-3,101,0,128.822552,35.873294,2020-09-01
3600239400,신상리494-4,101,0,128.822528,35.87196,2020-09-01
3600239500,신상리494-3,101,0,128.82304,35.873294,2020-09-01
3600239600,신상리494-5,101,0,128.823477,35.873294,2020-09-01
3600239700,신상리494-4,101,0,128.823027,35.87196,2020-09-01
3600239800,신상리494-4,101,0,128.823465,35.87196,2020-09-01
3600239900,신상리494-5,101,0,128.823915,35.873302,2020-09-01
3600240000,신상리494-4,101,0,128.823902,35.87196,2020-09-01
3600240100,선화리2210,101,0,128.805391,35.874793,2020-09-01
3600240200,선화리2222,101,0,128.810491,35.874527,2020-09-01
3600240300,선화리2210,101,0,128.806091,35.87446,2020-09-01
3600240400,선화리2219,101,0,128.807666,35.873852,2020-09-01
3600240500,선화리2219,101,0,128.808566,35.873827,2020-09-01
3600240600,선화리2221,101,0,128.810404,35.873818,2020-09-01
3600240700,동서리746-2,101,0,128.824602,35.916172,2020-09-01
3600240800,속성변화점,103,0,128.810254,35.873502,2020-09-01
3600240900,선화리2213,101,0,128.807704,35.875427,2020-09-01
3600241000,선화리2209,101,0,128.806004,35.875493,2020-09-01
3600241100,선화리2210,101,0,128.805641,35.875068,2020-09-01
3600241200,동서리552-2,101,0,128.823802,35.917122,2020-09-01
3600241300,속성변화점,103,0,128.805004,35.875868,2020-09-01
3600241400,선화리2213,101,0,128.807704,35.875043,2020-09-01
3600241500,선화리2213,101,0,128.807691,35.874685,2020-09-01
3600241600,선화리2217,101,0,128.807679,35.87426,2020-09-01
3600241700,선화리2216,101,0,128.808629,35.874677,2020-09-01
3600241800,선화리2217,101,0,128.809779,35.874252,2020-09-01
3600241900,선화리2222,101,0,128.810404,35.874235,2020-09-01
3600242000,선화리67-2,102,0,128.809166,35.870869,2020-09-01
3600242100,선화리888-13,102,0,128.799842,35.866178,2020-09-01
3600242200,선화리990-4,102,0,128.799992,35.861703,2020-09-01
3600242300,선화리123-22,101,0,128.802967,35.858903,2020-09-01
3600242400,선화리996-3,102,0,128.79898,35.861303,2020-09-01
3600242500,의송리76-1,102,0,128.80133,35.855545,2020-09-01
3600242600,부호리255-3,101,0,128.800442,35.904123,2020-09-01
3600242700,부호리352-2,102,0,128.798492,35.907098,2020-09-01
3600242800,은호리2,102,0,128.789918,35.901165,2020-09-01
3600242900,하양시외버스터미널,101,0,128.814153,35.909539,2020-09-01
3600243000,금락리373,101,0,128.816115,35.911198,2020-09-01
3600243100,금락리181-1,101,0,128.815153,35.916197,2020-09-01
3600243200,도리리144-8,101,0,128.815165,35.917155,2020-09-01
3600243300,도리리100-2,102,0,128.815178,35.918688,2020-09-01
3600243400,동서리592-4,101,0,128.819577,35.916547,2020-09-01
3600243500,동서리633-4,101,0,128.82209,35.915797,2020-09-01
3600243600,동서리877-24,101,0,128.822427,35.91628,2020-09-01
3600243700,동서리750-17,101,0,128.823827,35.915539,2020-09-01
3600243800,동서리696-2,101,1,128.826389,35.917514,2020-09-01
3600243900,동서리889,101,0,128.827739,35.91753,2020-09-01
3600244000,동서리889,101,0,128.828627,35.917814,2020-09-01
3600244100,동서리1191-1,101,0,128.826377,35.91913,2020-09-01
3600244200,동서리1191,101,0,128.827677,35.918763,2020-09-01
3600244300,동서리1218,102,0,128.828277,35.920122,2020-09-01
3600244400,동서리1191,102,0,128.827164,35.920963,2020-09-01
3600244500,부기리568-10,102,0,128.81979,35.906265,2020-09-01
3600244600,금락리418,101,0,128.822902,35.909773,2020-09-01
3600244700,금락리418,101,0,128.82189,35.909473,2020-09-01
3600244800,동서리418,101,0,128.820427,35.909056,2020-09-01
3600244900,금락리417,101,0,128.82199,35.911298,2020-09-01
3600245000,금락리417,101,0,128.821115,35.910756,2020-09-01
3600245100,금락리417,101,0,128.819852,35.909998,2020-09-01
3600245200,금락리418,101,0,128.81829,35.90844,2020-09-01
3600245300,금락리417,101,0,128.817978,35.908956,2020-09-01
3600245400,금락리412,101,0,128.825977,35.910398,2020-09-01
3600245500,속성변화점,103,0,128.81669,35.90799,2020-09-01
3600245600,금락리412,101,0,128.826352,35.912789,2020-09-01
3600245700,금락리413,101,0,128.824439,35.912764,2020-09-01
3600245800,금락리414,101,0,128.825077,35.912048,2020-09-01
3600245900,사동397,101,0,128.758334,35.810483,2020-09-01
3600246000,사동397,101,0,128.757834,35.809875,2020-09-01
3600246100,사동397,101,0,128.757559,35.809567,2020-09-01
3600246200,사동699,101,0,128.758871,35.809175,2020-09-01
3600246300,사동699,101,0,128.760371,35.809959,2020-09-01
3600246400,사동699,101,0,128.758934,35.809559,2020-09-01
3600246500,사동700,101,0,128.759971,35.810142,2020-09-01
3600246600,사동398,101,0,128.758621,35.810359,2020-09-01
3600246700,사동398,101,0,128.758146,35.809692,2020-09-01
3600246800,사동700,101,0,128.759784,35.809842,2020-09-01
3600246900,사동699,101,0,128.759259,35.810858,2020-09-01
3600247000,사동699,101,0,128.759046,35.810175,2020-09-01
3600247100,사동699,101,0,128.759159,35.810542,2020-09-01
3600247200,사동692,101,0,128.760784,35.812733,2020-09-01
3600247300,사동692,101,0,128.759984,35.813075,2020-09-01
3600247400,사동중학교,101,0,128.759121,35.813425,2020-09-01
3600247500,경산축산물도매센터,101,0,128.759509,35.812317,2020-09-01
3600247600,경산축산물도매센터,101,0,128.759846,35.812192,2020-09-01
3600247700,사동697,101,0,128.760559,35.812375,2020-09-01
3600247800,사동697,101,0,128.759809,35.81115,2020-09-01
3600247900,속성변화점,103,0,128.760284,35.810917,2020-09-01
3600248000,사동중학교,101,0,128.758721,35.8136,2020-09-01
3600248100,사동692,101,0,128.757759,35.813708,2020-09-01
3600248200,사동초등학교,101,0,128.760696,35.814216,2020-09-01
3600248300,사동초등학교,101,1,128.761033,35.814075,2020-09-01
3600248400,사동중학교,101,1,128.760334,35.814366,2020-09-01
3600248500,사동687,101,0,128.760921,35.815275,2020-09-01
3600248600,사동687,101,1,128.761246,35.815133,2020-09-01
3600248700,사동687,101,0,128.761596,35.815,2020-09-01
3600248800,사동781,101,0,128.760359,35.805901,2020-09-01
3600248900,사동779,102,0,128.760071,35.805359,2020-09-01
3600249000,대구지방법원경산시법원,101,0,128.760171,35.816683,2020-09-01
3600249100,대구지방법원경산시법원,101,0,128.760384,35.817016,2020-09-01
3600249200,사동681,101,0,128.761883,35.816799,2020-09-01
3600249300,사동682,101,0,128.761683,35.8165,2020-09-01
3600249400,사동682,101,0,128.761471,35.816158,2020-09-01
3600249500,사동681,101,0,128.761783,35.816016,2020-09-01
3600249600,사동684,101,0,128.762108,35.815883,2020-09-01
3600249700,사동684,101,0,128.762533,35.815708,2020-09-01
3600249800,사동683,101,0,128.763008,35.816508,2020-09-01
3600249900,사동683,101,0,128.763408,35.816333,2020-09-01
3600250000,사동684,101,0,128.762921,35.815558,2020-09-01
3600250100,사동684,101,0,128.763321,35.815391,2020-09-01
3600250200,사동683,101,0,128.763821,35.8162,2020-09-01
3600250300,사동683,101,0,128.764221,35.816066,2020-09-01
3600250400,사동683,102,0,128.764546,35.815991,2020-09-01
3600250500,사동684,101,0,128.763708,35.815233,2020-09-01
1510203700,봉무동1512,102,0,128.630806,35.930044,2020-09-01
1510203800,봉무동245-1,102,0,128.64218,35.929453,2020-09-01
1510203900,봉무동281,101,0,128.642943,35.928069,2020-09-01
1510204000,봉무동272-3,102,0,128.64198,35.928178,2020-09-01
1510204100,지묘동1318,102,0,128.629271,35.948593,2020-09-01
1510204200,지묘동1320,102,0,128.628869,35.947209,2020-09-01
1510204300,용수동37-1,102,0,128.6945,35.990538,2020-09-01
1510204400,백안동341-1,102,0,128.697725,35.961824,2020-09-01
1510204500,도학동572-1,102,0,128.706387,35.966716,2020-09-01
1510204600,진인동산163-12,102,0,128.730197,35.949568,2020-09-01
1510204700,진인동산1-11,102,0,128.72741,35.972673,2020-09-01
1510204800,능성동613-20,102,0,128.727397,35.970274,2020-09-01
1510204900,신천동768-67,102,0,128.62257,35.868668,2020-09-01
1510205000,신천동741,102,0,128.625057,35.867951,2020-09-01
1510205100,불로지하차도,104,0,128.638153,35.903923,2020-09-01
1510205200,불로지하차도,101,0,128.640958,35.909067,2020-09-01
1510205300,동대구IC고가교,104,0,128.676057,35.875243,2020-09-01
1510205400,동대구IC고가교,104,0,128.680559,35.873615,2020-09-01
1510205500,범안대교,104,0,128.685899,35.861108,2020-09-01
1510205600,금호강교,104,0,128.686881,35.860617,2020-09-01
1520000100,감삼네거리,101,1,128.548005,35.854333,2020-09-01
1520000101,내당동1290-1,101,1,128.552258,35.855952,2020-09-01
1520000102,내당동1290-2,101,0,128.550339,35.855198,2020-09-01
1520000200,두류네거리,101,1,128.557451,35.857902,2020-09-01
1520000201,대구서부고용복지플러스센터,101,1,128.556933,35.859413,2020-09-01
1520000300,내당역네거리,101,1,128.564619,35.860135,2020-09-01
1520000400,삼익신용협회,101,0,128.567764,35.860971,2020-09-01
1520000500,반고개네거리,101,1,128.572044,35.862069,2020-09-01
1520000600,남평리네거리,101,1,128.556167,35.863548,2020-09-01
1520000601,남평리네거리,101,1,128.556054,35.86416,2020-09-01
1520000602,평리동1621-25,101,1,128.555352,35.868001,2020-09-01
1520000700,신평리네거리,101,1,128.554933,35.870453,2020-09-01
1520000900,서대구IC,106,0,128.531464,35.873681,2020-09-01
1520001000,평리광명네거리,101,1,128.554915,35.87556,2020-09-01
1520001100,서대구IC,106,1,128.533946,35.87841,2020-09-01
1520001200,평리네거리,101,1,128.554843,35.879072,2020-09-01
1520001300,서대구IC,106,1,128.530156,35.879399,2020-09-01
1520001301,서대구TG,101,0,128.529538,35.880246,2020-09-01
1520001400,평리지하차도,101,0,128.554862,35.8805,2020-09-01
1520001500,달서교,108,0,128.534027,35.880758,2020-09-01
1520001501,비산동3442-8,101,0,128.537908,35.886926,2020-09-01
1520001600,서부소방서앞교차로,101,1,128.555435,35.882173,2020-09-01
1520001700,평리교,104,0,128.555892,35.882937,2020-09-01
1520001800,서대구농협만평지점,101,0,128.557553,35.885972,2020-09-01
1520001801,북부정류장교차로,101,1,128.55709,35.884991,2020-09-01
1520001900,매천대교지하차도,104,0,128.539442,35.888633,2020-09-01
1520002000,대구영광교회,101,1,128.547057,35.857851,2020-09-01
1520002001,내당4동행정복지센터,101,0,128.551125,35.85871,2020-09-01
1520002100,와룡네거리,101,1,128.537447,35.858737,2020-09-01
1520002101,와룡네거리,101,0,128.537457,35.859293,2020-09-01
1520002200,영재어린이집,101,1,128.53991,35.85875,2020-09-01
1520002201,중리동774,101,0,128.543645,35.860011,2020-09-01
1520002300,당산네거리,101,0,128.546116,35.861134,2020-09-01
1520002301,중리동730,101,0,128.548008,35.861988,2020-09-01
1520002500,고센비젼,101,0,128.527359,35.861578,2020-09-01
1520002600,청산교회,101,0,128.533917,35.86183,2020-09-01
1520002700,대구은행삼익뉴타운지점,101,1,128.550523,35.862672,2020-09-01
1520002701,중리동84-4,101,0,128.550082,35.864918,2020-09-01
1520002702,중리동730,101,1,128.551983,35.86287,2020-09-01
1520002800,전주문병원,101,0,128.534325,35.863759,2020-09-01
1520002900,중리시영1차아파트,101,1,128.54635,35.865012,2020-09-01
1520002901,중리동산93-3,101,0,128.546365,35.865267,2020-09-01
1520003000,GS주유소서대구공단,101,1,128.537568,35.865109,2020-09-01
1520003001,중리동396-3,101,0,128.54339,35.865032,2020-09-01
1520003100,삼일특수가공,101,0,128.535088,35.865132,2020-09-01
1520003200,대구내당1동우체국,101,0,128.563836,35.865721,2020-09-01
1520003300,아트아이앤맘,101,0,128.56706,35.866523,2020-09-01
1520003301,평리동1136-80,101,0,128.566893,35.869242,2020-09-01
1520003302,평리동1122-54,101,0,128.567148,35.871292,2020-09-01
1520003400,GS25달서로,101,1,128.571003,35.867086,2020-09-01
1520003500,구세방지하도,101,0,128.531439,35.867989,2020-09-01
1520003600,새방지하차도,101,0,128.53075,35.868438,2020-09-01
1520003700,새방지하차도,101,1,128.531529,35.868464,2020-09-01
1520003800,독도문화,101,1,128.534608,35.868567,2020-09-01
1520003900,서대구공단네거리,101,1,128.537671,35.868657,2020-09-01
1520003901,이현동44-40,101,1,128.541075,35.868765,2020-09-01
1520003902,이현동44-40,101,1,128.543451,35.868839,2020-09-01
1520004000,중리네거리,101,1,128.546586,35.868938,2020-09-01
1520004100,행복한교회,101,1,128.549258,35.869401,2020-09-01
1520004200,서도지구대,101,1,128.560187,35.871399,2020-09-01
1520004300,서대구전화국앞교차로,101,1,128.562901,35.871898,2020-09-01
1520004301,서대구전화국교차로,101,0,128.563823,35.871948,2020-09-01
1520004302,평리동1621-15,101,0,128.565549,35.872031,2020-09-01
1520004400,한국산업경제개발원,101,0,128.567147,35.872107,2020-09-01
1520004500,비산네거리,101,1,128.571146,35.872245,2020-09-01
1520004600,평현치안센터,101,1,128.54686,35.874022,2020-09-01
1520004700,자동차검사소입구교차로,101,1,128.538945,35.874312,2020-09-01
1520004701,이현동42-183,101,0,128.53969,35.877604,2020-09-01
1520004702,이현동42-346,101,0,128.535929,35.874424,2020-09-01
1520004800,신화철강,101,0,128.532556,35.874514,2020-09-01
1520004900,블루딥,101,0,128.559283,35.875667,2020-09-01
1520005000,평리1동행정복지센터,101,0,128.563001,35.875746,2020-09-01
1520005100,대구비산동우체국,101,1,128.57125,35.875998,2020-09-01
1520005200,서대구IC입구교차로,101,1,128.534952,35.8784,2020-09-01
1520005201,이현동42-173,101,0,128.538555,35.878499,2020-09-01
1520005300,이현삼거리,101,1,128.539901,35.878536,2020-09-01
1520005301,이현동42-175,101,1,128.544552,35.878697,2020-09-01
1520005400,세브란스유니폼,101,1,128.547195,35.878788,2020-09-01
1520005401,평리동574-31,101,0,128.54932,35.878867,2020-09-01
1520005500,대구축산농협평리지점,101,1,128.559193,35.879189,2020-09-01
1520005600,세븐일레븐대구대평중학교점,101,1,128.563144,35.879311,2020-09-01
1520005700,북비산네거리,101,1,128.571346,35.87964,2020-09-01
1520005800,NH농협은행원대동지점,101,0,128.577673,35.881574,2020-09-01
1520005900,서평지하차도,101,0,128.549469,35.882497,2020-09-01
1520006000,위생처리장사거리,101,1,128.534519,35.884298,2020-09-01
1520006001,상리동649-10,101,0,128.53354,35.884828,2020-09-01
1520006100,화성휴게소세차장,101,1,128.565745,35.884406,2020-09-01
1520006200,원대네거리,101,1,128.573555,35.884926,2020-09-01
1520006300,대구비산염색산업단지,101,0,128.547469,35.886052,2020-09-01
1520006400,비산동2007-15,101,0,128.549592,35.886837,2020-09-01
1520006500,미래플러스빌,101,0,128.564294,35.886976,2020-09-01
1520006600,염색공단우편취급국,101,0,128.553711,35.888389,2020-09-01
1520006700,속성변화점,103,0,128.543436,35.88872,2020-09-01
1520006800,이마트트레이더스비산점,101,1,128.555756,35.889176,2020-09-01
1520006900,SK주유소합천,101,1,128.545489,35.889498,2020-09-01
1520007000,전국서울고속화물,101,0,128.547554,35.890256,2020-09-01
1520007100,GS25염색공단,101,0,128.551716,35.891845,2020-09-01
1550114700,대흥동830-1,101,0,128.682003,35.838288,2020-09-01
1550114800,대흥동829,101,0,128.68339,35.839221,2020-09-01
1550114900,대흥동838,101,0,128.682428,35.838213,2020-09-01
1550115000,대흥동885,101,1,128.687502,35.83873,2020-09-01
1550115100,대흥동885,101,0,128.689415,35.839088,2020-09-01
1550115200,대흥동882,101,0,128.68749,35.839238,2020-09-01
1550115300,속성변화점,103,0,128.683203,35.836772,2020-09-01
1550115400,대흥동878,101,0,128.687477,35.839905,2020-09-01
1550115500,대흥동878,101,0,128.687465,35.840305,2020-09-01
1550115600,대흥동878,102,0,128.687465,35.84048,2020-09-01
1550115700,대흥동874-4,101,0,128.688402,35.840696,2020-09-01
1550115800,대흥동876-3,101,0,128.68859,35.840021,2020-09-01
1550115900,대흥동872-1,101,1,128.688952,35.840838,2020-09-01
1550116000,대흥동899,101,0,128.689977,35.835239,2020-09-01
1550116100,대흥동900,101,1,128.68899,35.834197,2020-09-01
1550116200,대흥동900,101,0,128.684902,35.834614,2020-09-01
1550116300,대흥동900,101,0,128.687602,35.834347,2020-09-01
1550116400,속성변화점,103,0,128.68354,35.838038,2020-09-01
1550116500,속성변화점,103,0,128.683415,35.837613,2020-09-01
1550116600,대흥동893,101,0,128.684777,35.833922,2020-09-01
1550116700,대흥동450-2,102,0,128.684515,35.832231,2020-09-01
1550116800,대흥동902,101,0,128.68749,35.833672,2020-09-01
1550116900,대흥동134-1,101,0,128.68784,35.833272,2020-09-01
1550117000,대흥동134-1,101,0,128.688752,35.833205,2020-09-01
1550117100,대흥동900,101,0,128.688915,35.833805,2020-09-01
1550117200,노변동757,101,0,128.693739,35.833922,2020-09-01
1550117300,노변동353,101,0,128.698889,35.837805,2020-09-01
1550117400,노변동353,101,0,128.699451,35.837688,2020-09-01
1550117500,노변동353,101,1,128.699676,35.837655,2020-09-01
1550117600,노변동447,101,0,128.698551,35.834839,2020-09-01
1550117700,노변동742,101,0,128.696726,35.835514,2020-09-01
1550117800,노변동741,101,0,128.695489,35.836172,2020-09-01
1550117900,노변동743,101,0,128.695804,35.836551,2020-09-01
1550118000,노변동743,101,0,128.696964,35.83608,2020-09-01
1550118100,노변동738-2,101,0,128.695996,35.836782,2020-09-01
1550118200,시지동492-17,101,0,128.697076,35.836513,2020-09-01
1550118300,노변동741,101,0,128.694252,35.83718,2020-09-01
1550118400,노변중학교,101,1,128.693839,35.837705,2020-09-01
1550118500,노변동591,101,0,128.692889,35.839155,2020-09-01
1550118600,시지동591,101,1,128.692664,35.839605,2020-09-01
1550118700,시지동422-1,101,0,128.690764,35.839463,2020-09-01
1550118800,시지동582,101,0,128.690639,35.83978,2020-09-01
1550118900,시지동582,101,0,128.691014,35.839905,2020-09-01
1550119000,시지동582,101,0,128.691402,35.84003,2020-09-01
1550119100,시지동582,101,0,128.691764,35.840146,2020-09-01
1550119200,시지동577-3,101,0,128.692027,35.84093,2020-09-01
1550119300,시지동576-3,101,0,128.691577,35.840821,2020-09-01
1550119400,시지동575-6,101,0,128.691139,35.840713,2020-09-01
1550119500,시지동574-6,101,0,128.690752,35.840613,2020-09-01
1550119600,시지동386,101,0,128.694727,35.841071,2020-09-01
1550119700,노변중학교,102,0,128.694777,35.837505,2020-09-01
1550119800,노변동741,101,0,128.693952,35.837005,2020-09-01
1550119900,노변동556-6,101,0,128.693589,35.836797,2020-09-01
1550120000,노변동556-5,101,0,128.693214,35.836572,2020-09-01
1550120100,노변동593-7,101,0,128.692764,35.83713,2020-09-01
1550120200,노변동597,101,0,128.693489,35.837522,2020-09-01
1550120300,노변동594-6,101,0,128.693139,35.83733,2020-09-01
1550120400,노변동588-2,102,0,128.693527,35.839363,2020-09-01
1550120500,속성변화점,103,0,128.692402,35.836838,2020-09-01
1550120600,매호동1037,102,0,128.71175,35.842671,2020-09-01
1550120700,신매동246-8,102,0,128.714,35.840255,2020-09-01
1550120800,사월동484,101,0,128.720662,35.837764,2020-09-01
1550120900,사월동484,101,0,128.721486,35.836365,2020-09-01
1550121000,사월동642,101,0,128.723112,35.836905,2020-09-01
1550121100,신매동30-6,101,0,128.71355,35.836222,2020-09-01
1550121200,신매동82,101,0,128.712987,35.835272,2020-09-01
1550121300,신매동10-46,102,0,128.7181,35.835222,2020-09-01
1550121400,신매초등학교,101,0,128.709975,35.836605,2020-09-01
1550121500,신매동94,102,0,128.710375,35.834672,2020-09-01
1550121600,신매동608-1,101,0,128.704126,35.831222,2020-09-01
1550121700,신매동608-11,101,0,128.703826,35.831289,2020-09-01
1550121800,신매동598-2,102,0,128.703863,35.831689,2020-09-01
3610518600,소보면 서경리 590-2,101,0,128.507037,37.137441,2025-01-15
1550121900,신매동600-4,102,0,128.704463,35.832372,2020-09-01
1550122000,신매동604-4,101,0,128.704988,35.830606,2020-09-01
1550122100,욱수동388,102,0,128.704876,35.830248,2020-09-01
1550122200,욱수동117,102,0,128.706076,35.829964,2020-09-01
1550122300,신매동604,101,0,128.706201,35.830331,2020-09-01
1550122400,대구욱수초등학교,101,0,128.70765,35.831581,2020-09-01
1550122500,대구욱수초등학교,101,0,128.70805,35.831506,2020-09-01
1550122600,욱수동695-34,101,0,128.709438,35.831989,2020-09-01
1550122700,욱수동236-3,101,0,128.70965,35.832406,2020-09-01
1550122800,대구욱수초등학교,101,0,128.708338,35.831447,2020-09-01
1550122900,대구욱수초등학교,101,0,128.708438,35.831764,2020-09-01
1550123000,신매동590,101,0,128.7087,35.832547,2020-09-01
1550123100,신매동590,101,0,128.708963,35.833297,2020-09-01
1550123200,신매동590-1,101,0,128.709088,35.833639,2020-09-01
1550123300,신매동262-1,101,0,128.70945,35.834497,2020-09-01
1550123400,신매동584-4,101,0,128.70895,35.834647,2020-09-01
1550123500,시지중학교,101,0,128.70855,35.83473,2020-09-01
1550123600,신매동589-4,101,0,128.708688,35.833714,2020-09-01
1550123700,신매동588-3,101,0,128.708275,35.833797,2020-09-01
1550123800,신매동592-3,101,0,128.707963,35.832681,2020-09-01
1550123900,신매동591-3,101,0,128.708375,35.832606,2020-09-01
1550124000,매호동810-28,101,0,128.703138,35.84183,2020-09-01
1550124100,매호동1344-21,101,0,128.704788,35.841746,2020-09-01
1550124200,매호동1344-5,101,0,128.703238,35.842113,2020-09-01
1550124300,매호동1345,102,0,128.702088,35.84238,2020-09-01
1550124400,매호동1331,101,0,128.703513,35.842829,2020-09-01
1550124500,매호동1339-5,101,0,128.700763,35.843496,2020-09-01
1550124600,매호동1324,101,0,128.704726,35.845638,2020-09-01
1550124700,매호동1091,101,0,128.706938,35.84243,2020-09-01
1550124800,노변동387,102,0,128.703582,35.839232,2020-09-01
1550124900,매호동1099-3,102,0,128.7065,35.848571,2020-09-01
1550125000,매호동721-1,101,0,128.705788,35.846062,2020-09-01
1550125100,매호동979-4,101,0,128.706725,35.845279,2020-09-01
1550125200,고산3동행정복지센터,101,1,128.706513,35.844746,2020-09-01
1550125300,매호동870,102,0,128.707175,35.846487,2020-09-01
1550125400,욱수동산48,102,0,128.705407,35.823783,2020-09-01
1550125500,매호동1099-72,102,0,128.708213,35.85172,2020-09-01
1550125600,만촌동산191-1,102,0,128.652318,35.857361,2020-09-01
1550125700,파동36-15,101,1,128.610611,35.823921,2020-09-01
1550125800,파동581-1,101,0,128.611211,35.818929,2020-09-01
1550125900,파동24-9,101,0,128.611616,35.821796,2020-09-01
1550126000,파동581-1,102,0,128.614358,35.813083,2020-09-01
1550126100,파동197-9,101,0,128.616517,35.813387,2020-09-01
1550126200,범안대교,104,0,128.682047,35.857502,2020-09-01
1550126300,동구-수성구,105,0,128.684334,35.859672,2020-09-01
1550126400,금호강교,104,0,128.687948,35.852913,2020-09-01
1560000200,차량기지교차로,101,1,128.517757,35.812045,2020-09-01
1560000201,유천동588-3,101,1,128.520536,35.81352,2020-09-01
1560000202,진천역(대구1호선),101,1,128.52267,35.813885,2020-09-01
1560000300,진천네거리,101,1,128.52405,35.814103,2020-09-01
1570244300,금포리1563-2,102,0,128.423801,35.773027,2020-09-01
1570244400,금포리1539-2,102,0,128.424263,35.774427,2020-09-01
1570244500,금포초등학교,101,0,128.426238,35.774885,2020-09-01
1570244600,금포초등학교,101,0,128.426813,35.77461,2020-09-01
1570244700,금포초등학교,101,0,128.426713,35.773944,2020-09-01
1570244800,금포리1370-3,101,0,128.428026,35.77461,2020-09-01
1570244900,금포리1372,101,0,128.427688,35.775019,2020-09-01
1570245000,금포리1134,101,0,128.427351,35.775452,2020-09-01
1570245100,금포리1104-2,101,0,128.425663,35.776027,2020-09-01
1570245200,금포리1103,101,0,128.426101,35.77626,2020-09-01
1570245300,금포리1133-1,101,0,128.426513,35.776477,2020-09-01
1570245400,금포리산33-12,101,0,128.428501,35.77486,2020-09-01
1570245500,금포리1137-1,101,0,128.427826,35.775694,2020-09-01
1570245600,금포2교차로,101,1,128.426988,35.776718,2020-09-01
1570245700,금포리산33-10,101,0,128.429,35.776285,2020-09-01
1570245800,금포리1167,101,0,128.429463,35.776518,2020-09-01
1570245900,금포리1169,101,0,128.429925,35.776743,2020-09-01
1570246000,금포리1173-6,101,0,128.430363,35.776985,2020-09-01
1570246100,금포리1313-3,101,0,128.4329,35.774977,2020-09-01
1570246200,금포리1293-10,102,0,128.433413,35.774319,2020-09-01
1570246300,금포리1332-1,101,0,128.430663,35.776635,2020-09-01
1570246400,금포리2406-155,101,0,128.424201,35.770961,2020-09-01
1570246500,자모리1120,101,0,128.395504,35.695227,2020-09-01
1570246600,자모리산91,102,0,128.382093,35.697602,2020-09-01
1570246700,가천리119-1,102,0,128.445413,35.664531,2020-09-01
1570246800,문산리214,101,0,128.430962,35.853102,2020-09-01
1570246900,하산리1209-5,101,0,128.39733,35.879556,2020-09-01
1570247000,하산리1100-39,101,0,128.398165,35.878798,2020-09-01
1570247100,하산리교차로,101,0,128.400589,35.878573,2020-09-01
1570247200,하산리915,102,0,128.403039,35.878657,2020-09-01
1570247300,봉촌리8-1,101,0,128.406039,35.861634,2020-09-01
1570247400,봉천교(서측),104,0,128.404552,35.860417,2020-09-01
1570247500,봉촌리1088-13,101,0,128.393803,35.861459,2020-09-01
1570247600,봉촌리1032-4,101,0,128.392053,35.861609,2020-09-01
1570247700,봉천교(동측),104,0,128.405227,35.860817,2020-09-01
1570247800,문산리556,102,0,128.42735,35.854793,2020-09-01
1570247900,성하리530,102,0,128.434226,35.698944,2020-09-01
1570248000,기곡교,104,0,128.44586,35.915436,2020-09-01
1570248100,기곡교,104,0,128.445798,35.915778,2020-09-01
1570248200,터실교,104,0,128.44261,35.912787,2020-09-01
1570248300,터실교,104,0,128.442098,35.912953,2020-09-01
1570248400,기곡리665,101,0,128.436273,35.920111,2020-09-01
1570248500,기곡리670,102,0,128.435636,35.920927,2020-09-01
1570248600,기곡리588,101,0,128.44386,35.925493,2020-09-01
1570248700,매곡리861,101,0,128.452822,35.863759,2020-09-01
1570248800,대평리802,102,0,128.47092,35.93236,2020-09-01
1570248900,다사읍행정복지센터,101,0,128.454497,35.862169,2020-09-01
1570249000,다사읍행정복지센터,101,0,128.453935,35.862484,2020-09-01
1570249100,매곡리1299,101,1,128.456847,35.86395,2020-09-01
1570249200,무등리1244,102,0,128.455759,35.908987,2020-09-01
1570249300,다사역(대구2호선),101,1,128.457772,35.864709,2020-09-01
1570249400,칠곡군-달성군,105,0,128.467995,35.938467,2020-09-01
1570249500,칠곡군-달성군,105,0,128.440585,35.933001,2020-09-01
1570249600,문양리445-10,101,0,128.438749,35.865059,2020-09-01
1570249700,다사역(대구2호선),101,1,128.45821,35.865059,2020-09-01
1570249800,역사하부터널,104,0,128.438599,35.865267,2020-09-01
1570249900,역사하부터널,104,0,128.437674,35.8666,2020-09-01
1570250000,부곡리236,101,0,128.441611,35.863784,2020-09-01
1570250100,부곡리100,102,0,128.4447,35.868101,2020-09-01
1570250200,부곡리186-1,101,0,128.443052,35.865798,2020-09-01
1570250300,매곡리산27-8,101,0,128.459297,35.863467,2020-09-01
1570250400,매곡리896-9,102,0,128.456322,35.861901,2020-09-01
1570250500,매곡리895,102,0,128.456135,35.862051,2020-09-01
1570250600,매곡리705,101,0,128.457685,35.863192,2020-09-01
1570250700,다사역(대구2호선),101,0,128.458197,35.864242,2020-09-01
1570250800,매곡리1289-31,101,0,128.45721,35.863626,2020-09-01
1570250900,매곡리511,101,0,128.456367,35.867066,2020-09-01
1570251000,매곡리567,101,0,128.455385,35.8662,2020-09-01
1570251100,매곡리산101-2,101,0,128.455347,35.868192,2020-09-01
3610521100,소보면 달산리 79-1,101,0,128.486439,37.168511,2025-01-15
1570251200,매곡리산100-2,101,1,128.45411,35.866667,2020-09-01
1570251300,매곡리831,101,0,128.453197,35.865042,2020-09-01
1570251400,매곡리1159-4,102,0,128.447211,35.85116,2020-09-01
1570251500,매곡리719-2,102,0,128.459222,35.861117,2020-09-01
1570251600,죽곡리산46,101,0,128.461297,35.85566,2020-09-01
1570251700,죽곡리산49-3,101,0,128.460084,35.857435,2020-09-01
1570251800,죽곡리산49-3,101,0,128.459709,35.857893,2020-09-01
1570251900,매곡리산31-7,102,0,128.460122,35.860476,2020-09-01
1570252000,죽곡리149-2,101,0,128.461209,35.858176,2020-09-01
1570252100,죽곡리201,101,0,128.463672,35.858376,2020-09-01
1570252200,속성변화점,103,0,128.465646,35.85816,2020-09-01
1570252300,매곡리263-1,101,0,128.463684,35.863309,2020-09-01
1570252400,다사고등학교,101,0,128.463597,35.862717,2020-09-01
1570252500,죽곡리2-1,101,0,128.463959,35.862259,2020-09-01
1570252600,매곡리1556,101,1,128.464971,35.86565,2020-09-01
1570252700,매곡리1522-9,101,0,128.466196,35.865259,2020-09-01
1570252800,매곡리1526-9,101,0,128.466509,35.865009,2020-09-01
1570252900,매곡리1527-2,101,0,128.466846,35.864767,2020-09-01
1570253000,매곡리1528-2,101,0,128.467146,35.864534,2020-09-01
1570253100,매곡리1529,101,0,128.467759,35.864117,2020-09-01
1570253200,매곡리1530-5,101,0,128.468096,35.863876,2020-09-01
1570253300,매곡리1533-2,101,0,128.469121,35.863067,2020-09-01
1570253400,매곡리1535,101,0,128.469471,35.862676,2020-09-01
1570253500,매곡리1538,101,0,128.470259,35.859801,2020-09-01
1570253600,죽곡리1550-1,101,0,128.467859,35.857251,2020-09-01
1570253700,죽곡리1549-1,101,0,128.467346,35.857651,2020-09-01
1570253800,대구매곡초등학교,101,1,128.467884,35.862426,2020-09-01
1570253900,대구매곡초등학교,101,0,128.467771,35.862859,2020-09-01
1570254000,매곡리1559,101,0,128.467559,35.863376,2020-09-01
1570254100,매곡리1559,101,0,128.467296,35.863626,2020-09-01
1570254200,대구왕선중학교,101,0,128.466821,35.863859,2020-09-01
1570254300,대구왕선중학교,101,0,128.466409,35.863926,2020-09-01
1570254400,대구왕선중학교,101,0,128.465984,35.863942,2020-09-01
1570254500,매곡리1556,101,0,128.464659,35.864384,2020-09-01
1570254600,매곡리1556,101,0,128.464684,35.864825,2020-09-01
1570254700,매곡리1556,101,0,128.464821,35.865242,2020-09-01
1570254800,매곡리1525-3,101,0,128.465646,35.864375,2020-09-01
1570254900,매곡리1525-6,101,0,128.466059,35.864367,2020-09-01
1570255000,속성변화점,103,0,128.466809,35.85721,2020-09-01
1570255100,매곡리1515,102,0,128.461572,35.865075,2020-09-01
1570255200,매곡리1572,101,0,128.462309,35.863601,2020-09-01
1570255300,세천리1683-1,102,0,128.470333,35.873308,2020-09-01
1570255400,세천리1683-1,101,0,128.470096,35.873458,2020-09-01
1570255500,세천리1681-8,101,0,128.471108,35.873966,2020-09-01
1570255600,세천리1729-1,102,0,128.471421,35.874008,2020-09-01
1570255700,세천리1728,101,0,128.470858,35.874799,2020-09-01
1570255800,세천리1674-7,101,0,128.469271,35.873974,2020-09-01
1570255900,세천리1671-1,101,0,128.463909,35.878882,2020-09-01
1570256000,세천리1671-9,101,0,128.463209,35.875474,2020-09-01
1570256100,세천리591-11,101,0,128.466521,35.870891,2020-09-01
1570256200,세천리1686-6,101,0,128.471871,35.871733,2020-09-01
3600250600,사동684,102,0,128.764271,35.814983,2020-09-01
3600250700,계양동699,101,0,128.749234,35.821741,2020-09-01
3600250800,계양네거리,101,0,128.749397,35.822257,2020-09-01
3600250900,계양동696,101,0,128.750559,35.821799,2020-09-01
3600251000,계양동699,101,0,128.750284,35.821332,2020-09-01
3600251100,계양동697,101,0,128.751672,35.821357,2020-09-01
3600251200,계양동698,101,0,128.752797,35.820907,2020-09-01
3600251300,계양동699,101,0,128.751384,35.820891,2020-09-01
3600251400,계양동698,101,0,128.752522,35.820449,2020-09-01
3600251500,계양동701,101,0,128.748922,35.820724,2020-09-01
3600251600,계양동700,101,0,128.749072,35.821232,2020-09-01
3600251700,계양동704,102,0,128.74861,35.819749,2020-09-01
3600251800,계양동700,101,0,128.750009,35.820874,2020-09-01
3600251900,계양동701,101,0,128.749734,35.820399,2020-09-01
3600252000,계양동702,101,0,128.751122,35.820432,2020-09-01
3600252100,동부동행정복지센터,101,0,128.753697,35.819982,2020-09-01
3600252200,계양동702,101,0,128.750847,35.819974,2020-09-01
3600252300,계양동702,101,0,128.750559,35.819516,2020-09-01
3600252400,계양동703,101,0,128.749472,35.819949,2020-09-01
3600252500,계양동702,101,0,128.750309,35.819074,2020-09-01
3600252600,계양동703,101,0,128.749197,35.819507,2020-09-01
3600252700,경산동부초등학교,101,0,128.74891,35.818991,2020-09-01
3600252800,계양동695,101,1,128.74756,35.818882,2020-09-01
3600252900,경산동부초등학교,101,0,128.748597,35.818474,2020-09-01
3600253000,계양동705,101,0,128.749997,35.818558,2020-09-01
3600253100,계양동705,101,0,128.751134,35.818116,2020-09-01
3600253200,계양동706,101,0,128.750822,35.817591,2020-09-01
3600253300,계양동705,101,0,128.752288,35.81766,2020-09-01
3600253400,계양동705,101,0,128.752609,35.818158,2020-09-01
3600253500,계양동705,101,0,128.753147,35.819066,2020-09-01
3600253600,사동620,101,0,128.753197,35.817933,2020-09-01
3600253700,동부동행정복지센터,101,0,128.753722,35.818833,2020-09-01
3600253800,동부동행정복지센터,101,0,128.754259,35.819741,2020-09-01
3600253900,동부동행정복지센터,101,0,128.754871,35.819516,2020-09-01
3600254000,사동613,101,0,128.755934,35.819091,2020-09-01
3600254100,동부동행정복지센터,101,0,128.754584,35.819058,2020-09-01
3600254200,동부동행정복지센터,101,0,128.754309,35.818599,2020-09-01
3600254300,사동621,101,0,128.753772,35.817691,2020-09-01
3600254400,사동621,101,0,128.754047,35.818133,2020-09-01
3600254500,사동625,101,0,128.753459,35.817191,2020-09-01
3600254600,사동613,101,0,128.755671,35.818624,2020-09-01
3600254700,사동619,101,0,128.755384,35.818166,2020-09-01
3600254800,사동622,101,0,128.755121,35.817708,2020-09-01
3600254900,사동622,101,0,128.754846,35.817258,2020-09-01
3600255000,사동625,101,0,128.754534,35.816749,2020-09-01
3600255100,사동614,101,0,128.757034,35.818649,2020-09-01
3600255200,사동615,101,0,128.758134,35.818216,2020-09-01
3600255300,사동616,101,0,128.758709,35.817974,2020-09-01
3600255400,사동614,101,0,128.756771,35.818199,2020-09-01
3600255500,사동615,101,0,128.757859,35.817758,2020-09-01
3600255600,사동618,101,0,128.758146,35.817083,2020-09-01
3600255700,사동618,101,0,128.757584,35.817308,2020-09-01
3600255800,사동614,101,0,128.756484,35.817724,2020-09-01
3600255900,사동614,101,0,128.756196,35.817283,2020-09-01
3600256000,사동623,101,0,128.757296,35.816841,2020-09-01
3600256100,사동624,101,0,128.757609,35.816191,2020-09-01
3600256200,사동623,101,0,128.757034,35.816408,2020-09-01
3600256300,사동614,101,0,128.755946,35.816841,2020-09-01
3600256400,사동625,101,0,128.756734,35.815891,2020-09-01
3600256500,사동625,101,0,128.755646,35.816324,2020-09-01
3600256600,사동629,101,0,128.756409,35.815366,2020-09-01
3600256700,사동628,101,0,128.755321,35.815791,2020-09-01
3600256800,사동626,101,0,128.754234,35.816233,2020-09-01
3600256900,사동630,101,0,128.756134,35.814916,2020-09-01
3600257000,사동630,101,0,128.755884,35.814466,2020-09-01
3600257100,사동627,101,0,128.753959,35.815783,2020-09-01
3600257200,사동627,101,0,128.753697,35.815341,2020-09-01
3600257300,사동627,101,0,128.753434,35.8149,2020-09-01
3600257400,사동627,101,0,128.753172,35.814466,2020-09-01
3600257500,사동628,101,0,128.755047,35.815358,2020-09-01
3600257600,사동628,101,0,128.754784,35.814908,2020-09-01
3610182200,삼국유사면 낙전리 산120,101,0,128.836076,37.098468,2025-01-15
3600257700,사동631,101,0,128.755359,35.8136,2020-09-01
3600257800,사동631,101,0,128.755496,35.813825,2020-09-01
3600257900,사동631,101,0,128.755609,35.814025,2020-09-01
3600258000,사동632,101,0,128.755084,35.813133,2020-09-01
3600258100,사동628,101,0,128.754272,35.814033,2020-09-01
3600258200,사동632,101,1,128.753984,35.813566,2020-09-01
3600258300,사동628,101,0,128.754522,35.814458,2020-09-01
3600258400,사동632,101,0,128.752909,35.814008,2020-09-01
3600258500,계양동705,101,1,128.750659,35.814875,2020-09-01
3600258600,계양동709,102,0,128.749809,35.815208,2020-09-01
3600258700,사동626,101,0,128.753147,35.816658,2020-09-01
3600258800,계양동705,101,0,128.751984,35.817133,2020-09-01
3600258900,계양동705,101,0,128.751447,35.816233,2020-09-01
3600259000,계양동705,101,0,128.750934,35.815366,2020-09-01
3600259100,계양동709,101,0,128.750334,35.8156,2020-09-01
3600259200,계양동710,101,0,128.750859,35.816474,2020-09-01
3600259300,계양동709,101,0,128.750297,35.816691,2020-09-01
3600259400,계양동706,101,0,128.751397,35.817349,2020-09-01
3600259500,계양동709,101,0,128.750547,35.817133,2020-09-01
3600259600,경산동부초등학교,102,0,128.749397,35.817574,2020-09-01
3600259700,계양동695,101,0,128.746747,35.816299,2020-09-01
3600259800,계양동708,101,0,128.74726,35.816258,2020-09-01
3600259900,경산동부초등학교,102,0,128.74896,35.817266,2020-09-01
3600260000,계양동707,102,0,128.747972,35.817474,2020-09-01
3600260100,삼풍동524,101,0,128.753622,35.823782,2020-09-01
3600260200,삼풍동525,101,0,128.753634,35.823324,2020-09-01
3600260300,삼풍동525,101,0,128.754484,35.821241,2020-09-01
3600260400,삼풍동528,101,0,128.754796,35.821107,2020-09-01
3600260500,삼풍동528,101,0,128.755196,35.820941,2020-09-01
3600260600,삼풍동528,101,0,128.755571,35.820782,2020-09-01
3600260700,삼풍동528,101,0,128.755946,35.820616,2020-09-01
3600260800,삼풍동524,101,0,128.756721,35.820266,2020-09-01
3600260900,삼풍동528,101,0,128.756321,35.820449,2020-09-01
3600261000,삼풍동525,101,0,128.754934,35.821932,2020-09-01
3600261100,삼풍동525,101,0,128.754609,35.822049,2020-09-01
3600261200,삼풍동527,101,0,128.755246,35.821791,2020-09-01
3600261300,삼풍동527,101,0,128.756696,35.821382,2020-09-01
3600261400,삼풍동527,101,0,128.756559,35.821707,2020-09-01
3600261500,삼풍동527,101,0,128.756109,35.822224,2020-09-01
3600261600,삼풍동524,101,0,128.757246,35.821099,2020-09-01
3600261700,삼풍동536,101,0,128.757721,35.821341,2020-09-01
3600261800,삼풍동536,101,0,128.758084,35.821516,2020-09-01
3600261900,삼풍동524,101,0,128.757034,35.821849,2020-09-01
3600262000,삼풍동539,101,0,128.757434,35.822016,2020-09-01
3600262100,삼풍동539,101,0,128.757834,35.822182,2020-09-01
3600262200,삼풍동536,101,0,128.758234,35.822357,2020-09-01
3600262300,삼풍동536,101,0,128.757159,35.822974,2020-09-01
3600262400,삼풍동536,101,0,128.756746,35.822807,2020-09-01
3600262500,삼풍동524,101,0,128.756309,35.822624,2020-09-01
3600262600,삼풍동527,101,0,128.755684,35.822474,2020-09-01
3600262700,삼풍동525,101,0,128.755384,35.822599,2020-09-01
3600262800,삼풍동524,101,0,128.755634,35.822965,2020-09-01
3600262900,삼풍동524,101,0,128.754696,35.823374,2020-09-01
3600263000,삼풍동526,101,0,128.754459,35.822999,2020-09-01
3690015700,백운교북측,104,0,128.483156,36.001337,2020-09-01
3690015800,물류기지교차로,106,0,128.448179,35.951865,2020-09-01
3690015900,칠곡물류TG,104,0,128.451862,35.953257,2020-09-01
3690016000,칠곡물류IC,106,1,128.455426,35.954505,2020-09-01
3690016100,칠곡물류IC,106,1,128.452667,35.955672,2020-09-01
3690016200,칠곡물류IC,106,1,128.454311,35.959718,2020-09-01
3690068100,매원교북측,104,0,128.4275,35.992655,2020-09-01
3690068300,매원교남측,104,0,128.427905,35.98958,2020-09-01
3690068800,왜관IC,106,1,128.430401,35.979566,2020-09-01
3690069600,왜관IC,106,1,128.435036,35.975208,2020-09-01
3690108800,영리교차로,101,0,128.37971,35.976667,2020-09-01
3690108900,죽전교차로,104,1,128.384094,35.979938,2020-09-01
3690109000,죽전교차로,104,1,128.386122,35.981335,2020-09-01
3690109100,제2왜관교서측,104,0,128.38664,35.981231,2020-09-01
3690109200,관호리산74-3,101,0,128.390643,35.997686,2020-09-01
3690109300,왜관교차로,101,1,128.394871,35.988425,2020-09-01
3690109400,달오교차로,101,1,128.394745,35.977691,2020-09-01
3690109500,제2왜관교동측,104,0,128.395508,35.979745,2020-09-01
3690109600,명성개발중기,101,0,128.395796,35.977742,2020-09-01
3690109601,왜관리788-2,101,0,128.394395,35.982082,2020-09-01
3690109602,왜관리1279-2,101,0,128.394492,35.981013,2020-09-01
3690109700,금산1교차로,101,0,128.395914,35.967549,2020-09-01
3690109701,왜관리1415,101,0,128.396828,35.974969,2020-09-01
3690109800,석전교차로,106,1,128.397236,36.004157,2020-09-01
3690109900,금산교북측,104,0,128.396942,35.96296,2020-09-01
3690110000,석전교차로,106,0,128.398072,36.00651,2020-09-01
3690110100,중앙교,101,1,128.398644,35.979795,2020-09-01
3690110101,왜관리609-21,101,0,128.408408,35.983762,2020-09-01
3690110102,왜관리777-86,101,0,128.398606,35.982962,2020-09-01
3690110103,왜관리841-39,101,0,128.398596,35.981928,2020-09-01
3690110104,왜관리789-126,101,0,128.398591,35.981053,2020-09-01
3690110105,대구지방법원칠곡군법원,101,0,128.40114,35.981014,2020-09-01
3690110200,금산교남측,104,0,128.398603,35.956332,2020-09-01
3690110300,호국공원,101,0,128.399673,36.010307,2020-09-01
3690110400,중지교차로,101,1,128.402291,36.01926,2020-09-01
3690110500,중지교차로,101,0,128.402934,36.019226,2020-09-01
3690110600,은나노항토나라참빛소재,102,0,128.404229,35.968693,2020-09-01
3690110900,파워트레인1공장,101,0,128.405753,35.962593,2020-09-01
3690110901,금산리1013,101,0,128.406878,35.963145,2020-09-01
3690110902,금산리1015,101,0,128.412115,35.96566,2020-09-01
3690110903,금산리1015,101,0,128.415039,35.96707,2020-09-01
3690110904,금산리1015,101,0,128.418508,35.968721,2020-09-01
3690110905,금산리1015,101,0,128.421862,35.97033,2020-09-01
3690110906,금산리1015,101,0,128.423697,35.972327,2020-09-01
3690110907,삼청리1103,101,0,128.424856,35.97456,2020-09-01
3690136600,가실터널서측,104,0,128.404595,35.937304,2020-09-01
3690136601,낙산리622-14,101,0,128.404087,35.937439,2020-09-01
3690136700,가실터널동측,104,0,128.40588,35.937186,2020-09-01
3690136701,낙산리산96-4,101,0,128.40947,35.937557,2020-09-01
3690136702,낙산리579,101,0,128.406765,35.937221,2020-09-01
3690136703,-,101,0,128.407913,35.937368,2020-09-01
3690136900,왜관3일반산업단지,101,1,128.410206,35.937804,2020-09-01
3690136901,낙산리360-2,101,0,128.413015,35.941174,2020-09-01
3690136902,낙산리342-3,101,0,128.414157,35.94347,2020-09-01
3690137000,적산교차로,101,0,128.410854,35.908564,2020-09-01
3690137400,낙산리1383,101,0,128.414958,35.932492,2020-09-01
3690137401,낙산리987,101,0,128.413832,35.933252,2020-09-01
3690137500,낙산리1382,101,0,128.415658,35.928038,2020-09-01
3690137501,금남리922,101,0,128.413767,35.931323,2020-09-01
3690137502,낙산리1383,101,0,128.416891,35.929242,2020-09-01
3690137600,낙산리1019,101,0,128.418069,35.930394,2020-09-01
3690137601,낙산리1383,101,0,128.417039,35.931089,2020-09-01
3690137700,낙산리95-2,101,0,128.418709,35.948126,2020-09-01
3690137800,낙산리1384,101,0,128.421739,35.927918,2020-09-01
3690137801,낙산리1384,101,0,128.420536,35.926753,2020-09-01
3690137803,낙산리1382,101,0,128.419295,35.925594,2020-09-01
3690138000,왜관IC앞,106,1,128.426699,35.978844,2020-09-01
3690138100,왜관IC앞,106,0,128.427913,35.979734,2020-09-01
3610676100,최소노드배치점,107,0,128.625023,37.05068,2025-01-15
3610178400,효령면 성리 산208,101,0,128.612065,37.081198,2025-01-15
3610522500,소보면 신계리 506,101,0,128.497948,37.141587,2025-01-15
3610523400,소보면 봉황리 1232-4,101,0,128.504804,37.170783,2025-01-15
3610606400,의흥면 원산리 1321,101,0,128.755914,37.061428,2025-01-15
3610525200,소보면 위성리 1215,101,0,128.489084,37.188588,2025-01-15
3610686500,최소노드배치점,107,0,128.680728,37.032569,2025-01-15
3610698500,최소노드배치점,107,0,128.798075,37.028749,2025-01-15
3610531800,소보면 달산리 1245,101,0,128.470876,37.159233,2025-01-15
3610260900,군위읍 하곡리 35-1,101,0,128.616312,37.134313,2025-01-15
3610263600,효령면 고곡리 1408-116,101,0,128.596069,37.006855,2025-01-15
3610542700,군위읍 무성리 1054-6,101,0,128.583662,37.090031,2025-01-15
3610543500,군위읍 수서리 1-24,101,0,128.580837,37.125164,2025-01-15
3610285300,효령면 성리 110-7,101,0,128.611166,37.081384,2025-01-15
3610628600,의흥면 원산리 599-2,101,0,128.751972,37.063271,2025-01-15
3610549900,소보면 위성리 1249-4,101,0,128.486395,37.185226,2025-01-15
3610329600,부계면 창평리 1383-2,101,0,128.679363,37.004407,2025-01-15
3610637700,삼국유사면 화북리 1127-38,101,0,128.791057,37.026638,2025-01-15
3610642900,의흥면 읍내리 787-1,101,0,128.738233,37.074675,2025-01-15
3610645900,의흥면 지호리 1342-9,101,0,128.799542,37.069035,2025-01-15
3610646900,의흥면 연계리 1159-2,101,0,128.771189,37.058556,2025-01-15
3610406800,효령면 불로리 200,101,0,128.587248,37.067747,2025-01-15
3610651600,삼국유사면 가암리 290-3,101,0,128.863241,37.079136,2025-01-15
3610458500,최소노드배치점,107,0,128.584939,37.121651,2025-01-15
3610585900,최소노드배치점,107,0,128.579143,37.109525,2025-01-15
3610516300,최소노드배치점,107,0,128.479634,37.214173,2025-01-15
3610461600,최소노드배치점,107,0,128.625745,37.012336,2025-01-15
3610509400,최소노드배치점,107,0,128.714012,37.016866,2025-01-15
3610128502,정리930-1,101,0,128.57981,37.147409,2025-01-15
3610065701,속성변화점,103,0,128.773783,37.014111,2025-01-15
3610137601,서부리558,101,0,128.585381,37.132746,2025-01-15
3610111803,동산리1508-6,101,0,128.668854,36.95047,2025-01-15
3610136304,고곡리1008,101,0,128.604639,36.994147,2025-01-15
3610088901,군위JC,106,0,128.583806,37.056583,2025-01-15
3610137204,사직리226,101,0,128.574822,37.130666,2025-01-15
3610140101,군위군-칠곡군,105,0,128.583742,37.007163,2025-01-15
3610006801,서경교(동측),104,0,128.501694,37.144147,2025-01-15
3610001007,부계교차로,101,0,128.684628,36.998936,2025-01-15
3610128702,낙전리산96-1,102,0,128.835963,37.10413,2025-01-15
3610000602,가호교(북측),104,0,128.676552,36.965482,2025-01-15
3610136204,고곡리1409-4,101,0,128.602483,36.995983,2025-01-15
3610001635,중구리726-1,101,0,128.608791,37.051891,2025-01-15
3610129601,화북리467-1,102,0,128.797069,37.01654,2025-01-15
3610139801,사직리20-1,102,0,128.579954,37.125644,2025-01-15
3610001503,고곡리1429-1,101,0,128.592735,37.013572,2025-01-15
3610148100,대율천교(북측),104,0,128.677994,36.960529,2025-01-15
3610599200,망대교(서측),104,0,128.830211,37.021212,2025-01-15
3610164000,군위읍 광현리 1153-1,101,0,128.658201,37.144224,2025-01-15
3610193000,효령면 화계리 1388,101,0,128.669022,37.024825,2025-01-15
3610607000,의흥면 읍내리 433-9,101,0,128.734831,37.076302,2025-01-15
3610525500,소보면 내의리 996,101,0,128.50133,37.178691,2025-01-15
3610678500,최소노드배치점,107,0,128.644074,36.932177,2025-01-15
3610219900,군위읍 동부리 942-3,101,0,128.586159,37.139919,2025-01-15
3610224000,부계면 창평리 657-1,101,0,128.695817,36.994612,2025-01-15
3610621700,삼국유사면 석산리 1060,101,0,128.876029,37.076453,2025-01-15
3610281800,부계면 대율리 780-85,101,0,128.674688,36.959122,2025-01-15
3610290700,우보면 봉산리 1437,101,0,128.647958,37.082219,2025-01-15
3610295000,효령면 고곡리 902-2,101,0,128.600876,36.997151,2025-01-15
3610632200,의흥면 금양리 320,101,0,128.760059,37.036469,2025-01-15
3610348100,우보면 봉산리 1311,101,0,128.640052,37.081249,2025-01-15
3610636800,의흥면 읍내리 784-1,101,0,128.744703,37.074089,2025-01-15
3610355700,효령면 불로리 314-12,101,0,128.593258,37.065844,2025-01-15
3610641100,삼국유사면 괴산리 1214-1,101,0,128.83602,37.017586,2025-01-15
3610641700,삼국유사면 가암리 395-4,101,0,128.863678,37.080823,2025-01-15
3610377200,효령면 불로리 665,101,0,128.586975,37.06791,2025-01-15
3610395600,효령면 노행리 377-7,101,0,128.64643,37.11028,2025-01-15
3610577200,군위읍 정리 932-2,101,0,128.580114,37.148092,2025-01-15
3610651900,산성면 화전리 산98-9,101,0,128.718628,37.037308,2025-01-15
3610582200,소보면 봉황리 704-2,101,0,128.52159,37.172621,2025-01-15
3610658500,의흥면 수북리 673-2,101,0,128.726228,37.079163,2025-01-15
3610435600,군위읍 동부리 618-2,101,0,128.585914,37.135497,2025-01-15
3610451800,효령면 노행리 312-2,101,0,128.645035,37.108938,2025-01-15
3610469800,최소노드배치점,107,0,128.691464,37.10797,2025-01-15
3610665700,최소노드배치점,107,0,128.775942,37.01869,2025-01-15
3610588000,최소노드배치점,107,0,128.570194,37.112052,2025-01-15
3610667100,최소노드배치점,107,0,128.824186,37.026277,2025-01-15
3610589500,최소노드배치점,107,0,128.579536,37.066513,2025-01-15
3610591000,최소노드배치점,107,0,128.466998,37.157805,2025-01-15
3610593100,최소노드배치점,107,0,128.487764,37.191119,2025-01-15
3610493700,최소노드배치점,107,0,128.704234,37.013471,2025-01-15
3610499200,최소노드배치점,107,0,128.687165,36.942292,2025-01-15
3610133503,수서리1660,101,0,128.572706,37.109537,2025-01-15
3610009303,수서교(서측),101,0,128.579216,37.102843,2025-01-15
3610139501,정리248-1,102,0,128.58882,37.148089,2025-01-15
3610132704,수서리503-1,101,0,128.5768,37.113363,2025-01-15
3610138702,서부리467-4,102,0,128.583828,37.139911,2025-01-15
3610000415,동산리산127,101,0,128.663449,36.949571,2025-01-15
3610138804,군위초등학교,101,0,128.585517,37.140138,2025-01-15
3610005005,우보삼거리,101,0,128.690646,37.099244,2025-01-15
3610136802,속성변화점,103,0,128.664351,36.950728,2025-01-15
3610131902,내량리20-1,102,0,128.576586,37.150106,2025-01-15
3610134401,불로리657-82,101,0,128.58917,37.067272,2025-01-15
3610001006,부계교차로,101,0,128.684631,36.998933,2025-01-15
3610001008,부계교차로,101,0,128.684594,36.999047,2025-01-15
3610085101,구미시-군위군,105,0,128.438834,37.170055,2025-01-15
3610130901,노행리95-4,101,0,128.648258,37.112205,2025-01-15
3610008009,송원삼거리,101,0,128.492959,37.156008,2025-01-15
3610150600,미성교(남측),104,0,128.691352,37.082077,2025-01-15
3610599500,지호2교(북측),104,0,128.771039,37.066332,2025-01-15
3610175300,산성면 화본리 1190-8,101,0,128.712227,37.02338,2025-01-15
3610522200,군위읍 서부리 143-1,101,0,128.58322,37.124608,2025-01-15
3610522800,소보면 위성리 283-4,101,0,128.4856,37.177274,2025-01-15
3610512600,소보면 사리리 807,101,0,128.486025,37.206564,2025-01-15
3610194700,효령면 불로리 657-139,101,0,128.589252,37.06714,2025-01-15
3610677900,최소노드배치점,107,0,128.646241,37.115059,2025-01-15
3610680700,최소노드배치점,107,0,128.770812,37.039207,2025-01-15
3610681100,최소노드배치점,107,0,128.658245,36.947274,2025-01-15
3610688400,최소노드배치점,107,0,128.759999,37.036577,2025-01-15
3610689800,최소노드배치점,107,0,128.652739,37.012994,2025-01-15
3610700200,최소노드배치점,107,0,128.67885,37.046269,2025-01-15
3610205100,우보면 달산리 1815,101,0,128.660675,37.070621,2025-01-15
3610218600,우보면 문덕리 459-2,101,0,128.711694,37.043277,2025-01-15
3610532600,소보면 내의리 657,101,0,128.50934,37.180289,2025-01-15
3610535200,소보면 송원리 702-2,101,0,128.495987,37.156719,2025-01-15
3610240800,군위읍 동부리 172,101,0,128.590928,37.139715,2025-01-15
3610253400,우보면 모산리 617-6,101,0,128.700894,37.059341,2025-01-15
3610317200,효령면 화계리 1146-1,101,0,128.648359,37.018272,2025-01-15
3610557000,소보면 봉황리 851-2,101,0,128.511652,37.165344,2025-01-15
3610335600,효령면 금매리 1447-24,101,0,128.639739,37.024733,2025-01-15
3610637100,의흥면 금양리 202-3,101,0,128.767471,37.037939,2025-01-15
3610565200,군위읍 서부리 555-5,101,0,128.584517,37.13394,2025-01-15
3610642600,의흥면 매성리 242-1,101,0,128.771014,37.049563,2025-01-15
3610570100,군위읍 사직리 195-3,101,0,128.578793,37.132055,2025-01-15
3610570800,군위읍 대북리 690-1,101,0,128.576697,37.159854,2025-01-15
3610391300,군위읍 상곡리 산40-1,101,0,128.617635,37.139575,2025-01-15
3610645700,삼국유사면 화수리 1275,101,0,128.771017,37.03841,2025-01-15
3610646100,의흥면 연계리 797-1,101,0,128.769769,37.062163,2025-01-15
3610426400,군위읍 하곡리 113-2,101,0,128.610348,37.132372,2025-01-15
3610437600,산성면 화본리 1156,101,0,128.714567,37.023111,2025-01-15
3610661700,삼국유사면 화수리 1271-10,101,0,128.770127,37.011156,2025-01-15
3610454400,군위읍 정리 264-4,101,0,128.589039,37.145186,2025-01-15
3610462500,최소노드배치점,107,0,128.662675,36.947635,2025-01-15
3610666200,최소노드배치점,107,0,128.91283,37.062805,2025-01-15
3610589700,최소노드배치점,107,0,128.527041,37.124676,2025-01-15
3610667500,최소노드배치점,107,0,128.722209,36.975507,2025-01-15
3610596000,최소노드배치점,107,0,128.534968,37.121163,2025-01-15
3610596900,최소노드배치점,107,0,128.541243,37.177957,2025-01-15
3610509200,최소노드배치점,107,0,128.723585,37.096608,2025-01-15
3610597500,최소노드배치점,107,0,128.578415,37.163076,2025-01-15
3610140002,서경리760-4,101,0,128.509225,37.134113,2025-01-15
3610133801,동산리산76-3,102,0,128.692965,36.936917,2025-01-15
3610090101,삼국유사군위휴게소,104,0,128.716189,36.979373,2025-01-15
3610111807,대율리1378-1,101,0,128.673622,36.950662,2025-01-15
3610139902,낙전리산97-5,102,0,128.830935,37.110802,2025-01-15
3610001123,화계리1082-92,101,0,128.658932,37.016787,2025-01-15
3610134601,내리리973-4,102,0,128.581908,37.058812,2025-01-15
3610008111,송원리1062-7,101,0,128.498384,37.158643,2025-01-15
3610009701,도산1교(남측),104,0,128.468359,37.135968,2025-01-15
3610001720,화북3리마을회관,101,0,128.807081,37.022505,2025-01-15
3610136901,이화리1230-2,101,0,128.684799,37.094995,2025-01-15
3610143100,금매교(남측),104,0,128.634625,37.026859,2025-01-15
3610006221,동부리666-5,101,0,128.587797,37.130955,2025-01-15
3610517600,신계교(동측),104,0,128.502158,37.144415,2025-01-15
3610153700,군위교(북측),104,0,128.586673,37.142542,2025-01-15
3610157000,낙전2교(북측),104,0,128.837987,37.099217,2025-01-15
3610159500,부계면 동산리 1708,101,0,128.66924,36.950359,2025-01-15
3610678700,최소노드배치점,107,0,128.865356,37.072302,2025-01-15
3610681800,최소노드배치점,107,0,128.499512,37.126979,2025-01-15
3610208000,부계면 남산리 산144-3,101,0,128.643286,36.932924,2025-01-15
3610612100,의흥면 원산리 426-3,101,0,128.759101,37.06035,2025-01-15
3610242600,효령면 금매리 1429-1,101,0,128.628325,37.036156,2025-01-15
3610540800,소보면 달산리 717-14,101,0,128.471232,37.15933,2025-01-15
3610542300,소보면 보현리 376-3,101,0,128.45505,37.198079,2025-01-15
3610546700,군위읍 대북리 758-1,101,0,128.576811,37.153864,2025-01-15
3610304800,효령면 금매리 1484-1,101,0,128.619868,37.042986,2025-01-15
3610628800,산성면 봉림리 1387,101,0,128.737714,36.994226,2025-01-15
3610629000,의흥면 원산리 838,101,0,128.746616,37.067559,2025-01-15
3610549500,군위읍 외량리 914-29,101,0,128.555355,37.158826,2025-01-15
3610551200,군위읍 내량리 1341-2,101,0,128.572915,37.146865,2025-01-15
3610556200,소보면 봉황리 0-5,101,0,128.504323,37.168644,2025-01-15
3610564600,군위읍 내량리 1341,101,0,128.568242,37.144177,2025-01-15
3610646600,의흥면 연계리 112-4,101,0,128.772387,37.054084,2025-01-15
3610574900,소보면 봉황리 110-3,101,0,128.529513,37.173685,2025-01-15
3610430500,부계면 남산리 111-2,101,0,128.659596,36.934635,2025-01-15
3610462900,최소노드배치점,107,0,128.627215,37.052279,2025-01-15
3610464400,최소노드배치점,107,0,128.677732,36.982622,2025-01-15
3610465500,최소노드배치점,107,0,128.642692,36.931659,2025-01-15
3610469900,최소노드배치점,107,0,128.691599,37.107969,2025-01-15
3610666400,최소노드배치점,107,0,128.909425,37.063184,2025-01-15
3610481200,최소노드배치점,107,0,128.59731,37.17426,2025-01-15
3610593700,최소노드배치점,107,0,128.474872,37.182994,2025-01-15
3610131202,상곡리784,102,0,128.624072,37.148929,2025-01-15
3610006517,김수환추기경생가,101,0,128.619647,37.133182,2025-01-15
3610141703,우보역,101,0,128.689481,37.091144,2025-01-15
3610003802,석산교,101,0,128.875771,37.076481,2025-01-15
3610001202,제1무암교(동측),104,0,128.72509,37.007517,2025-01-15
3610005003,우보삼거리,101,0,128.690724,37.09906,2025-01-15
3610007724,동천교(북측),103,0,128.583534,37.148349,2025-01-15
3610131901,내량리20-1,102,0,128.576721,37.150106,2025-01-15
3610135702,마시리1199-3,101,0,128.621919,37.013423,2025-01-15
3610090602,속성변화점,103,0,128.499288,37.144947,2025-01-15
3610004810,우보삼거리,101,0,128.684033,37.096298,2025-01-15
3610004609,오천리564,101,0,128.628499,37.087739,2025-01-15
3610133101,수서리1660,101,0,128.578604,37.110007,2025-01-15
3610089601,동군위IC,106,0,128.680169,36.998058,2025-01-15
3610144400,장기교(서측),104,0,128.611306,37.042695,2025-01-15
3610146600,제2석굴암교(남측),104,0,128.66546,36.950304,2025-01-15
3610155800,제2수서교(서측),104,0,128.707725,37.078379,2025-01-15
3610156000,제2수서교(동측),104,0,128.707974,37.078231,2025-01-15
3610598800,삼산교(서측),104,0,128.726949,36.996545,2025-01-15
3610160700,우보면 이화리 1230-2,101,0,128.684369,37.095561,2025-01-15
3610519700,군위읍 수서리 1359-3,101,0,128.57458,37.093626,2025-01-15
3610522000,소보면 산법리 21-3,101,0,128.540758,37.118171,2025-01-15
3610181100,우보면 이화리 1707-6,101,0,128.696503,37.083958,2025-01-15
3610181200,우보면 두북리 802,101,0,128.676342,37.111067,2025-01-15
3610685500,최소노드배치점,107,0,128.63348,37.09348,2025-01-15
3610690400,최소노드배치점,107,0,128.700019,36.992861,2025-01-15
3610690600,최소노드배치점,107,0,128.597771,37.003997,2025-01-15
3610529600,소보면 내의리 426-2,101,0,128.514935,37.177287,2025-01-15
3610218700,우보면 문덕리 459-2,101,0,128.711824,37.043304,2025-01-15
3610532900,소보면 신계리 432-24,101,0,128.497005,37.148845,2025-01-15
3610535700,군위읍 내량리 6-1,101,0,128.575063,37.147599,2025-01-15
3610240200,부계면 대율리 780-55,101,0,128.674833,36.960235,2025-01-15
3610258100,군위읍 하곡리 산70,101,0,128.605373,37.134685,2025-01-15
3610266500,부계면 남산리 산22-1,101,0,128.659434,36.942463,2025-01-15
3610268900,우보면 달산리 590-1,101,0,128.670453,37.056552,2025-01-15
3610624100,삼국유사면 양지리 66-6,101,0,128.858873,37.069166,2025-01-15
3610513700,소보면 사리리 180-2,101,0,128.48473,37.208103,2025-01-15
3610624900,산성면 화전리 291-1,101,0,128.731401,37.047926,2025-01-15
3610291500,효령면 성리 913-1,101,0,128.610004,37.081621,2025-01-15
3610547800,소보면 위성리 1191-1,101,0,128.480142,37.182755,2025-01-15
3610549300,소보면 위성리 1191-1,101,0,128.454698,37.186261,2025-01-15
3610310200,삼국유사면 낙전리 919,101,0,128.844516,37.093016,2025-01-15
3610376300,군위읍 광현리 1148,101,0,128.652398,37.146711,2025-01-15
3610644000,의흥면 수북리 907-5,101,0,128.72192,37.081636,2025-01-15
3610578800,소보면 도산리 1287-9,101,0,128.481438,37.138999,2025-01-15
3610652900,의흥면 금양리 968-2,101,0,128.76493,37.042953,2025-01-15
3610516100,소보면 사리리 103-1,101,0,128.481004,37.206945,2025-01-15
3610654600,산성면 화전리 299-2,101,0,128.731354,37.047489,2025-01-15
3610426300,우보면 문덕리 386,101,0,128.710597,37.045251,2025-01-15
3610661400,산성면 운산리 941,101,0,128.71956,37.009533,2025-01-15
3610665100,최소노드배치점,107,0,128.729303,36.97415,2025-01-15
3610477000,최소노드배치점,107,0,128.597993,37.036293,2025-01-15
3610478200,최소노드배치점,107,0,128.611402,37.049434,2025-01-15
3610668600,최소노드배치점,107,0,128.83326,37.051487,2025-01-15
3610669300,최소노드배치점,107,0,128.885118,37.073295,2025-01-15
3610508900,최소노드배치점,107,0,128.696563,37.010585,2025-01-15
3610135401,거매리32-1,102,0,128.628808,37.054463,2025-01-15
3610517300,신계교(서측),104,0,128.500899,37.145006,2025-01-15
3610000409,남산1리서원마을회관,101,0,128.660273,36.945715,2025-01-15
3610006516,김수환추기경생가,101,0,128.619619,37.133076,2025-01-15
3610005703,군위IC앞교차로,106,0,128.581386,37.102665,2025-01-15
3610008107,봉황리947-12,101,0,128.510181,37.163783,2025-01-15
3610131702,내량리산58-3,102,0,128.561114,37.138309,2025-01-15
3610132902,서군교(동측),104,0,128.582601,37.116949,2025-01-15
3610001004,부계교차로,101,0,128.684946,36.998976,2025-01-15
3610154800,우보교(동측),104,0,128.678251,37.093294,2025-01-15
3610111806,대율리1378-1,101,0,128.673701,36.95075,2025-01-15
3610090001,동군위IC교차로,106,0,128.683326,37.000605,2025-01-15
3610130001,미성리551,101,0,128.690402,37.079205,2025-01-15
3610008401,봉황교(동측),104,0,128.533623,37.169257,2025-01-15
3610002604,효령교(남측),101,0,128.603792,37.055102,2025-01-15
3610165900,부계면 남산리 321-1,101,0,128.662744,36.949154,2025-01-15
3610196200,군위읍 광현리 1162,101,0,128.647075,37.147506,2025-01-15
3610677100,최소노드배치점,107,0,128.840202,37.096352,2025-01-15
3610693300,최소노드배치점,107,0,128.718884,37.073841,2025-01-15
3610696100,최소노드배치점,107,0,128.781988,37.069639,2025-01-15
3610200700,우보면 이화리 577-11,101,0,128.692226,37.083596,2025-01-15
3610210600,우보면 달산리 1451-2,101,0,128.659147,37.071691,2025-01-15
3610211900,효령면 고곡리 1023-1,101,0,128.603115,36.995237,2025-01-15
3610534500,소보면 위성리 508-1,101,0,128.489114,37.186479,2025-01-15
3610271000,군위읍 정리 252-1,101,0,128.588033,37.145938,2025-01-15
3610626600,삼국유사면 가암리 358-2,101,0,128.864098,37.080141,2025-01-15
3610546000,군위읍 정리 1107-4,101,0,128.581581,37.146179,2025-01-15
3610629200,의흥면 연계리 1159-5,101,0,128.769559,37.063546,2025-01-15
3610549200,소보면 송원리 986-3,101,0,128.495074,37.151822,2025-01-15
3610550300,군위읍 수서리 1421,101,0,128.571046,37.088729,2025-01-15
3610312500,군위읍 상곡리 761-4,101,0,128.619186,37.142316,2025-01-15
3610322600,우보면 이화리 산149-8,101,0,128.69073,37.101077,2025-01-15
3610557900,소보면 내의리 1242-10,101,0,128.49703,37.175844,2025-01-15
3610348000,우보면 봉산리 1311,101,0,128.64002,37.081144,2025-01-15
3610354700,효령면 화계리 367-2,101,0,128.666524,37.024316,2025-01-15
3610572000,소보면 봉황리 788-2,101,0,128.517058,37.169324,2025-01-15
3610573700,군위읍 외량리 914-29,101,0,128.557128,37.159859,2025-01-15
3610573900,군위읍 서부리 492-10,101,0,128.584608,37.14022,2025-01-15
3610394000,우보면 선곡리 1097-4,101,0,128.691076,37.103469,2025-01-15
3610655500,의흥면 연계리 1161,101,0,128.775141,37.068476,2025-01-15
3610658900,산성면 화전리 916-9,101,0,128.722165,37.040681,2025-01-15
3610462100,최소노드배치점,107,0,128.661009,36.941225,2025-01-15
3610471700,최소노드배치점,107,0,128.587315,37.00855,2025-01-15
3610472000,최소노드배치점,107,0,128.599824,37.074359,2025-01-15
3610475700,최소노드배치점,107,0,128.589019,37.157555,2025-01-15
3610481300,최소노드배치점,107,0,128.597471,37.17422,2025-01-15
3610483900,최소노드배치점,107,0,128.644272,36.928312,2025-01-15
3610486000,최소노드배치점,107,0,128.650994,37.016605,2025-01-15
3610669200,최소노드배치점,107,0,128.726589,37.087034,2025-01-15
3610487600,최소노드배치점,107,0,128.726391,37.090319,2025-01-15
3610140602,삼국유사터널(서측),104,0,128.724629,37.062418,2025-01-15
3610157400,광현교(서측),104,0,128.629324,37.140373,2025-01-15
3610006518,사라온이야기마을,101,0,128.586476,37.136838,2025-01-15
3610135101,중구리17-10,102,0,128.60773,37.054158,2025-01-15
3610002102,화수교(동측),104,0,128.774963,37.027003,2025-01-15
3610009302,수서교(서측),101,0,128.579346,37.102812,2025-01-15
3610007602,동천교(남측),103,0,128.582948,37.147636,2025-01-15
3610132702,수서리503-1,101,0,128.577019,37.113268,2025-01-15
3610000414,동산리산127,101,0,128.663352,36.949476,2025-01-15
3610001112,화계리산1-6,101,0,128.643142,37.019437,2025-01-15
3610005902,군위군-의성군,105,0,128.691527,37.110754,2025-01-15
3610133703,수서리1660,101,0,128.574755,37.109643,2025-01-15
3610140301,영천시-군위군,105,0,128.770495,37.005258,2025-01-15
3610131003,용대리736,101,0,128.623645,37.129154,2025-01-15
3610088502,속성변화점,103,0,128.578123,37.056037,2025-01-15
3610131604,내량리9-1,101,0,128.574928,37.147223,2025-01-15
3610005404,군위IC,106,0,128.578293,37.102155,2025-01-15
3610139304,정리1157-1,101,0,128.586547,37.146892,2025-01-15
3610000701,백학삼거리,101,0,128.721569,36.982365,2025-01-15
3610009002,보현리산76-7,101,0,128.463685,37.200612,2025-01-15
3610004820,호포삼거리,101,0,128.670388,37.092674,2025-01-15
3610141202,신화수교(남측),104,0,128.775693,37.026386,2025-01-15
3610003904,의흥삼거리,101,0,128.731203,37.077972,2025-01-15
3610156100,화본교(서측),104,0,128.711687,37.023082,2025-01-15
3610598400,백학교(북측),104,0,128.723458,36.978515,2025-01-15
3610174800,효령면 화계리 1404-25,101,0,128.653273,37.015229,2025-01-15
3610177100,부계면 대율리 1181-2,101,0,128.673745,36.954149,2025-01-15
3610677500,최소노드배치점,107,0,128.471216,37.136721,2025-01-15
3610694900,최소노드배치점,107,0,128.740682,36.992991,2025-01-15
3610696300,최소노드배치점,107,0,128.881546,37.074314,2025-01-15
3610526100,소보면 신계리 432-10,101,0,128.499137,37.142525,2025-01-15
3610204700,군위읍 동부리 62-3,101,0,128.593386,37.136772,2025-01-15
3610209200,부계면 신화리 산42-3,101,0,128.668803,37.00715,2025-01-15
3610531000,소보면 송원리 산10-5,101,0,128.503399,37.159797,2025-01-15
3610270700,효령면 매곡리 823-4,101,0,128.60934,36.990175,2025-01-15
3610622800,의흥면 매성리 66-2,101,0,128.771254,37.045123,2025-01-15
3610283600,군위읍 광현리 360-3,101,0,128.64298,37.148169,2025-01-15
3610547200,소보면 송원리 540-18,101,0,128.491834,37.171278,2025-01-15
3610314400,우보면 문덕리 1098-7,101,0,128.706869,37.048364,2025-01-15
3610555200,군위읍 정리 932-2,101,0,128.58034,37.147807,2025-01-15
3610558700,소보면 위성리 814-1,101,0,128.482492,37.183628,2025-01-15
3610360000,부계면 동산리 1723,101,0,128.670002,36.951611,2025-01-15
3610363400,군위읍 광현리 1194,101,0,128.639354,37.147945,2025-01-15
3610644200,의흥면 파전리 689-26,101,0,128.750792,37.073158,2025-01-15
3610574300,군위읍 서부리 417-2,101,0,128.584187,37.138418,2025-01-15
3610394400,효령면 노행리 산278,101,0,128.652578,37.113653,2025-01-15
3610401400,우보면 달산리 117-1,101,0,128.677404,37.050444,2025-01-15
3610652500,삼국유사면 화수리 1113-15,101,0,128.771119,37.034494,2025-01-15
3610657700,산성면 삼산리 산61-3,101,0,128.723538,36.986164,2025-01-15
3610432600,우보면 봉산리 842,101,0,128.642428,37.080865,2025-01-15
3610583400,군위읍 외량리 296-6,101,0,128.562874,37.168554,2025-01-15
3610586300,최소노드배치점,107,0,128.572422,37.12319,2025-01-15
3610461700,최소노드배치점,107,0,128.625756,37.012444,2025-01-15
3610471900,최소노드배치점,107,0,128.590447,37.010849,2025-01-15
3610592600,최소노드배치점,107,0,128.495087,37.141295,2025-01-15
3610669700,최소노드배치점,107,0,128.747372,37.026527,2025-01-15
3610595000,최소노드배치점,107,0,128.514354,37.131847,2025-01-15
3610596500,최소노드배치점,107,0,128.576224,37.156665,2025-01-15
3610672100,최소노드배치점,107,0,128.747719,37.073398,2025-01-15
3610672400,최소노드배치점,107,0,128.801812,37.028155,2025-01-15
3610002701,효령교(북측),103,0,128.602355,37.056532,2025-01-15
3610131701,내량리산58-3,102,0,128.561247,37.138288,2025-01-15
3610001307,제1무암교(서측),104,0,128.724584,37.0078,2025-01-15
3610136604,서부리364-10,101,0,128.584235,37.136956,2025-01-15
3610138502,서부리497-3,102,0,128.584309,37.141385,2025-01-15
3610111202,부계면 남산리 117-3,101,0,128.659251,36.935435,2025-01-15
3610130504,창평리1557-1,101,0,128.685625,36.999941,2025-01-15
3610139305,정리1157-1,101,0,128.586479,37.146823,2025-01-15
3610152800,장기1교(동측),104,0,128.598452,37.020426,2025-01-15
3610065606,화수교차로,101,0,128.773118,37.014255,2025-01-15
3610006409,사직교,101,0,128.582061,37.132592,2025-01-15
3610143300,교량(남측),104,0,128.658341,36.935071,2025-01-15
3610150300,상곡교(남측),104,0,128.616378,37.133911,2025-01-15
3610169100,부계면 대율리 1170-11,101,0,128.674262,36.95631,2025-01-15
3610686000,최소노드배치점,107,0,128.489595,37.13906,2025-01-15
3610686900,최소노드배치점,107,0,128.455318,37.198231,2025-01-15
3610689100,최소노드배치점,107,0,128.585201,37.018259,2025-01-15
3610694300,최소노드배치점,107,0,128.488453,37.170452,2025-01-15
3610698000,최소노드배치점,107,0,128.480535,37.206719,2025-01-15
3610530700,소보면 내의리 390-2,101,0,128.512462,37.179465,2025-01-15
3610616200,산성면 삼산리 773-2,101,0,128.723652,36.988212,2025-01-15
3610238600,효령면 화계리 752-38,101,0,128.661544,37.018687,2025-01-15
3610255400,부계면 동산리 1533-7,101,0,128.666974,36.949749,2025-01-15
3610622500,산성면 화전리 1071-4,101,0,128.719924,37.038585,2025-01-15
3610274000,부계면 대율리 683-1,101,0,128.674464,36.961214,2025-01-15
3610284800,효령면 화계리 1082-8,101,0,128.6554,37.017729,2025-01-15
3610297600,우보면 이화리 1707-1,101,0,128.691269,37.089442,2025-01-15
3610301500,군위읍 서부리 84-2,101,0,128.58567,37.135216,2025-01-15
3610304600,우보면 이화리 1230-2,101,0,128.684466,37.096581,2025-01-15
3610555500,소보면 내의리 652-3,101,0,128.508635,37.180257,2025-01-15
3610634400,의흥면 지호리 1371,101,0,128.778379,37.068961,2025-01-15
3610565900,소보면 봉황리 1389-2,101,0,128.518026,37.169992,2025-01-15
3610641000,의흥면 원산리 1080-5,101,0,128.74107,37.07081,2025-01-15
3610376400,군위읍 광현리 90-2,101,0,128.652399,37.146819,2025-01-15
3610647000,의흥면 연계리 290-1,101,0,128.77131,37.058604,2025-01-15
3610422200,군위읍 상곡리 575-4,101,0,128.620124,37.144242,2025-01-15
3610656800,부계면 창평리 119-2,101,0,128.716426,36.985288,2025-01-15
3610657800,산성면 삼산리 산61-1,101,0,128.723673,36.986171,2025-01-15
3610442600,군위읍 용대리 106-2,101,0,128.625271,37.128803,2025-01-15
3610585700,최소노드배치점,107,0,128.455656,37.135211,2025-01-15
3610664500,최소노드배치점,107,0,128.777193,37.024674,2025-01-15
3610590600,최소노드배치점,107,0,128.450714,37.163518,2025-01-15
3610498100,최소노드배치점,107,0,128.641588,37.106965,2025-01-15
3610128503,정리930-1,101,0,128.57967,37.147392,2025-01-15
3610140902,삼국유사교차로,101,0,128.776832,37.018698,2025-01-15
3610005301,군위TG,104,0,128.581465,37.101257,2025-01-15
3610088802,군위JC,106,0,128.583684,37.062138,2025-01-15
3610002001,화수삼거리,101,0,128.775724,37.02663,2025-01-15
3610089001,군위JC,106,0,128.589882,37.056419,2025-01-15
3610002209,연계리622-2,101,0,128.76883,37.0631,2025-01-15
3610130902,노행리95-4,101,0,128.648269,37.112091,2025-01-15
3610141604,이화리774-5,101,0,128.690638,37.089951,2025-01-15
3610006230,동부리517,101,0,128.589778,37.134616,2025-01-15
3610143000,금매교(북측),104,0,128.632754,37.029484,2025-01-15
3610143400,교량(남측),104,0,128.658247,36.935149,2025-01-15
3610144100,장기교(동측),104,0,128.61316,37.041646,2025-01-15
3610517400,신계교(서측),104,0,128.500977,37.145094,2025-01-15
3610518000,도산2교(서측),104,0,128.462164,37.134372,2025-01-15
3610518100,평호교(동측),104,0,128.505233,37.131282,2025-01-15
3610193300,군위읍 동부리 385-4,101,0,128.588907,37.138857,2025-01-15
3610607500,의흥면 읍내리 228-3,101,0,128.738547,37.074517,2025-01-15
3610695400,최소노드배치점,107,0,128.786929,37.029474,2025-01-15
3610210100,우보면 달산리 117-1,101,0,128.676955,37.050651,2025-01-15
3610529200,소보면 달산리 산63-2,101,0,128.439986,37.168601,2025-01-15
3610217500,부계면 남산리 산145-1,101,0,128.644664,36.931793,2025-01-15
3610621200,삼국유사면 양지리 125-6,101,0,128.852356,37.067816,2025-01-15
3610266300,부계면 남산리 산126-2,101,0,128.650981,36.931909,2025-01-15
3610311500,우보면 봉산리 820-1,101,0,128.64686,37.08131,2025-01-15
3610550600,소보면 송원리 723-3,101,0,128.496597,37.156903,2025-01-15
3610630700,삼국유사면 화북리 948-1,101,0,128.791378,37.019203,2025-01-15
3610315300,효령면 고곡리 375-4,101,0,128.595304,37.020705,2025-01-15
3610350100,효령면 고곡리 1429-14,101,0,128.594872,37.013165,2025-01-15
3610360200,군위읍 광현리 989-2,101,0,128.628578,37.139696,2025-01-15
3610640200,산성면 삼산리 763-3,101,0,128.723481,36.987796,2025-01-15
3610371300,군위읍 광현리 1165,101,0,128.651508,37.146892,2025-01-15
3610644500,삼국유사면 화북리 1181,101,0,128.792957,37.018894,2025-01-15
3610575000,소보면 내의리 649-1,101,0,128.509171,37.180413,2025-01-15
3610396100,효령면 노행리 641-2,101,0,128.639527,37.105507,2025-01-15
3610649200,산성면 화본리 1272-6,101,0,128.734176,37.024211,2025-01-15
3610401700,우보면 달산리 587,101,0,128.670575,37.056807,2025-01-15
3610651200,삼국유사면 화북리 산249,101,0,128.794291,37.018246,2025-01-15
3610515900,소보면 사리리 275-5,101,0,128.48641,37.215512,2025-01-15
3610438100,우보면 모산리 609-1,101,0,128.697898,37.062467,2025-01-15
3610462300,최소노드배치점,107,0,128.660408,36.944663,2025-01-15
3610664700,최소노드배치점,107,0,128.771578,37.008197,2025-01-15
3610484900,최소노드배치점,107,0,128.597446,37.059882,2025-01-15
3610593000,최소노드배치점,107,0,128.487894,37.191147,2025-01-15
3610597600,최소노드배치점,107,0,128.468104,37.183574,2025-01-15
3610006515,김수환추기경생가,101,0,128.619762,37.133054,2025-01-15
3610006406,서부리364-10,101,0,128.581412,37.136985,2025-01-15
3610138701,서부리467-4,102,0,128.583958,37.139884,2025-01-15
3610140402,군의군-의성군,105,0,128.489067,37.219641,2025-01-15
3610003605,의흥면 읍내리 785-20,101,0,128.739889,37.073798,2025-01-15
3610133702,수서리1660,101,0,128.574891,37.109651,2025-01-15
3610002208,화수교(서측),104,0,128.774267,37.027383,2025-01-15
3610006701,중구사거리,101,0,128.59076,37.142061,2025-01-15
3610139702,군위군청,102,0,128.592327,37.143506,2025-01-15
3610006102,군위읍 금구리 591,101,0,128.58411,37.118345,2025-01-15
3610002301,산성면 화전리 1050-1,101,0,128.71729,37.034253,2025-01-15
3610009702,도산1교(남측),104,0,128.468227,37.135991,2025-01-15
3610136701,속성변화점,103,0,128.667621,36.950077,2025-01-15
3610065607,화수교차로,101,0,128.773207,37.014398,2025-01-15
3610129701,금양삼거리,101,0,128.767302,37.038483,2025-01-15
3610006215,동부리875,101,0,128.58589,37.125092,2025-01-15
3610006545,동부사거리,101,0,128.591391,37.137108,2025-01-15
3610006228,동부리517,101,0,128.58998,37.134643,2025-01-15
3610517200,달산1교(동측),104,0,128.476906,37.157105,2025-01-15
3610144900,가호교(서측),104,0,128.684862,36.99446,2025-01-15
3610146100,동군위IC교(북측),104,0,128.680081,36.998507,2025-01-15
3610153100,남산교(서측),104,0,128.659575,36.932424,2025-01-15
3610155600,수서교(동측),104,0,128.708903,37.080094,2025-01-15
3610169600,산성면 화본리 858-4,101,0,128.714944,37.025971,2025-01-15
3610607200,삼국유사면 화수리 1256-8,101,0,128.769591,37.03668,2025-01-15
3610194900,효령면 불로리 657-84,101,0,128.58869,37.066835,2025-01-15
3610676200,최소노드배치점,107,0,128.625001,37.050787,2025-01-15
3610690500,최소노드배치점,107,0,128.727984,37.063607,2025-01-15
3610693100,최소노드배치점,107,0,128.707481,36.989018,2025-01-15
3610608000,삼국유사면 석산리 1096,101,0,128.873186,37.074978,2025-01-15
3610201300,효령면 성리 893,101,0,128.617109,37.083172,2025-01-15
3610533200,효령면 내리리 973-3,101,0,128.583049,37.059209,2025-01-15
3610533400,군위읍 내량리 454-3,101,0,128.566869,37.148581,2025-01-15
3610534100,소보면 달산리 1201-2,101,0,128.482687,37.166312,2025-01-15
3610536300,군위읍 외량리 857,101,0,128.552765,37.151151,2025-01-15
3610623900,삼국유사면 양지리 753-5,101,0,128.841977,37.060336,2025-01-15
3610310700,우보면 문덕리 487-16,101,0,128.706223,37.049304,2025-01-15
3610551300,소보면 달산리 1286,101,0,128.449336,37.166701,2025-01-15
3610554800,군위읍 수서리 1421-1,101,0,128.572125,37.089966,2025-01-15
3610558000,소보면 내의리 1480,101,0,128.49698,37.175944,2025-01-15
3610564200,군위읍 대북리 914,101,0,128.5768,37.159005,2025-01-15
3610567600,소보면 달산리 905-2,101,0,128.455624,37.164543,2025-01-15
3610571500,소보면 내의리 415-2,101,0,128.513621,37.176112,2025-01-15
3610649800,의흥면 매성리 811-2,101,0,128.771015,37.042528,2025-01-15
3610577000,군위읍 정리 1176,101,0,128.578491,37.152353,2025-01-15
3610651400,삼국유사면 가암리 1061,101,0,128.862293,37.083016,2025-01-15
3610581100,소보면 봉황리 1361-2,101,0,128.528558,37.173821,2025-01-15
3610581700,군위읍 수서리 1270-7,101,0,128.576034,37.100367,2025-01-15
3610442200,부계면 창평리 855-3,101,0,128.681344,37.003357,2025-01-15
3610464500,최소노드배치점,107,0,128.677609,36.982667,2025-01-15
3610464700,최소노드배치점,107,0,128.679438,36.986122,2025-01-15
3610587200,최소노드배치점,107,0,128.507462,37.160988,2025-01-15
3610516600,최소노드배치점,107,0,128.470576,37.203128,2025-01-15
3610516700,최소노드배치점,107,0,128.477936,37.204777,2025-01-15
3610595200,최소노드배치점,107,0,128.520153,37.133368,2025-01-15
3610596300,최소노드배치점,107,0,128.453762,37.166028,2025-01-15
3610132302,삽령리332-3,102,0,128.554086,37.163032,2025-01-15
3610004312,간동삼거리,101,0,128.59888,37.082346,2025-01-15
3610113201,양지말교차로,101,0,128.682691,36.988977,2025-01-15
3610005901,군위군-의성군,105,0,128.691662,37.110754,2025-01-15
3610006610,대구지방법원의성지원군위군법원,101,0,128.586909,37.141775,2025-01-15
3610008202,달산삼거리,101,0,128.486391,37.168244,2025-01-15
3610006802,서경교(동측),104,0,128.501662,37.144044,2025-01-15
3610140302,영천시-군위군,105,0,128.770374,37.005306,2025-01-15
3610004805,우보삼거리,101,0,128.684966,37.096769,2025-01-15
3610004807,우보삼거리,101,0,128.684774,37.096785,2025-01-15
3610006528,군위신문사,101,0,128.587915,37.136885,2025-01-15
3610002804,효령초등학교,101,0,128.605098,37.05695,2025-01-15
3610112402,현창교차로,101,0,128.675639,36.979138,2025-01-15
3610001716,화북리1127-1,101,0,128.790197,37.027823,2025-01-15
3610130004,미성리551,101,0,128.690269,37.079226,2025-01-15
3610139403,정리248-1,101,0,128.587903,37.147283,2025-01-15
3610005801,속성변화점,103,0,128.582088,37.103043,2025-01-15
3610004611,오천리564,101,0,128.628315,37.087761,2025-01-15
3610000803,봉림삼거리,101,0,128.73555,36.996172,2025-01-15
3610007001,서군위IC교차로,106,0,128.500876,37.144407,2025-01-15
3610687500,최소노드배치점,107,0,128.731413,37.023952,2025-01-15
3610693400,최소노드배치점,107,0,128.61791,37.083871,2025-01-15
3610612700,의흥면 금양리 산124,101,0,128.762571,37.048139,2025-01-15
3610218400,산성면 화본리 1300-1,101,0,128.714422,37.024241,2025-01-15
3610531900,소보면 달산리 1245,101,0,128.47083,37.159334,2025-01-15
3610539100,소보면 위성리 산74-1,101,0,128.460623,37.185599,2025-01-15
3610539900,소보면 내의리 996,101,0,128.500373,37.178042,2025-01-15
3610543600,군위읍 수서리 1-24,101,0,128.580806,37.125058,2025-01-15
3610545600,군위읍 정리 930-1,101,0,128.579778,37.147243,2025-01-15
3610296200,효령면 매곡리 1249-1,101,0,128.604524,36.995166,2025-01-15
3610299200,의흥면 수서리 582-8,101,0,128.71375,37.080234,2025-01-15
3610548400,군위읍 외량리 671-1,101,0,128.553019,37.152474,2025-01-15
3610305100,효령면 매곡리 1276-2,101,0,128.608931,36.990374,2025-01-15
3610628900,의흥면 원산리 848-1,101,0,128.746657,37.067662,2025-01-15
3610554000,소보면 신계리 432-6,101,0,128.498964,37.142208,2025-01-15
3610350000,효령면 고곡리 1429-14,101,0,128.59495,37.013253,2025-01-15
3610354500,효령면 화계리 1116-6,101,0,128.653317,37.016449,2025-01-15
3610569900,소보면 봉황리 1373-2,101,0,128.526828,37.174375,2025-01-15
3610381500,산성면 화본리 1272,101,0,128.713529,37.02084,2025-01-15
3610390900,효령면 중구리 266,101,0,128.60379,37.057336,2025-01-15
3610647900,의흥면 매성리 815-20,101,0,128.771219,37.044282,2025-01-15
3610408200,군위읍 정리 492-5,101,0,128.586042,37.151281,2025-01-15
3610435400,우보면 문덕리 366-1,101,0,128.710334,37.045989,2025-01-15
3610582800,군위읍 대북리 599,101,0,128.580157,37.165308,2025-01-15
3610661000,의흥면 매성리 805,101,0,128.771101,37.049367,2025-01-15
3610461300,최소노드배치점,107,0,128.676552,36.949889,2025-01-15
3610663800,최소노드배치점,107,0,128.861377,37.074628,2025-01-15
3610468000,최소노드배치점,107,0,128.679096,36.982111,2025-01-15
3610475000,최소노드배치점,107,0,128.619904,37.015961,2025-01-15
3610588800,최소노드배치점,107,0,128.584912,37.15058,2025-01-15
3610477200,최소노드배치점,107,0,128.617433,37.014733,2025-01-15
3610479200,최소노드배치점,107,0,128.588165,37.059141,2025-01-15
3610481000,최소노드배치점,107,0,128.674002,37.003825,2025-01-15
3610667800,최소노드배치점,107,0,128.819473,37.032857,2025-01-15
3610486100,최소노드배치점,107,0,128.651009,37.016713,2025-01-15
3610669800,최소노드배치점,107,0,128.747247,37.026567,2025-01-15
3610672200,최소노드배치점,107,0,128.747753,37.073503,2025-01-15
3610596800,최소노드배치점,107,0,128.541143,37.178029,2025-01-15
3610510600,최소노드배치점,107,0,128.590685,37.161784,2025-01-15
3610004503,이화리1710,101,0,128.692889,37.086919,2025-01-15
3610001106,화계리1009-6,101,0,128.653747,37.017879,2025-01-15
3610132002,외량리934-4,102,0,128.552081,37.150061,2025-01-15
3610066501,고로교차로,101,0,128.777698,37.022441,2025-01-15
3610008103,송원교,104,0,128.493614,37.156081,2025-01-15
3610009304,수서교(서측),101,0,128.579234,37.102927,2025-01-15
3610131501,내량리20-1,101,0,128.577401,37.147364,2025-01-15
3610136801,속성변화점,103,0,128.664447,36.950653,2025-01-15
3610130801,병수리87,102,0,128.62779,37.084579,2025-01-15
3610140503,군위삼국유사테마파크,101,0,128.721643,37.06351,2025-01-15
3610130102,미성리892,102,0,128.685063,37.079466,2025-01-15
3610133403,수서리1660,101,0,128.574542,37.11221,2025-01-15
3610138101,동부리626-7,102,0,128.587606,37.135214,2025-01-15
3610141602,이화리774-5,101,0,128.691022,37.089795,2025-01-15
3610141203,신화수교(남측),104,0,128.775526,37.026315,2025-01-15
3610006410,사직교,101,1,128.582067,37.132484,2025-01-15
3610087401,군위JC,106,0,128.566005,37.060303,2025-01-15
3610002906,불로삼거리,101,0,128.594932,37.065138,2025-01-15
3610600600,의흥면 읍내리 426-3,101,0,128.735917,37.075768,2025-01-15
3610180800,효령면 화계리 1075-36,101,0,128.65358,37.017733,2025-01-15
3610674300,최소노드배치점,107,0,128.548176,37.118059,2025-01-15
3610691700,최소노드배치점,107,0,128.647848,36.923474,2025-01-15
3610692600,최소노드배치점,107,0,128.676223,37.111119,2025-01-15
3610695600,최소노드배치점,107,0,128.734831,37.07266,2025-01-15
3610527900,소보면 보현리 724,101,0,128.446571,37.197349,2025-01-15
3610217300,효령면 매곡리 1272,101,0,128.607906,36.991606,2025-01-15
3610222100,군위읍 동부리 940,101,0,128.597741,37.137103,2025-01-15
3610240900,우보면 이화리 1715,101,0,128.68991,37.098983,2025-01-15
3610550100,군위읍 수서리 1652-8,101,0,128.57501,37.114018,2025-01-15
3610310900,효령면 오천리 564-6,101,0,128.629743,37.086227,2025-01-15
3610326500,효령면 매곡리 1275,101,0,128.610168,36.989191,2025-01-15
3610566200,군위읍 서부리 492-17,101,0,128.584788,37.140186,2025-01-15
3610374800,우보면 이화리 산154,101,0,128.67558,37.094991,2025-01-15
3610381300,군위읍 동부리 948-1,101,0,128.590487,37.138723,2025-01-15
3610571100,군위읍 대북리 690-3,101,0,128.576774,37.160799,2025-01-15
3610404900,부계면 창평리 736-6,101,0,128.68924,36.998323,2025-01-15
3610659800,산성면 삼산리 1095,101,0,128.724391,36.990193,2025-01-15
3610444800,부계면 남산리 산128-8,101,0,128.647789,36.931123,2025-01-15
3610665400,최소노드배치점,107,0,128.802373,37.069167,2025-01-15
3610666300,최소노드배치점,107,0,128.909512,37.063267,2025-01-15
3610477800,최소노드배치점,107,0,128.595923,37.029106,2025-01-15
3610668400,최소노드배치점,107,0,128.835118,37.054271,2025-01-15
3610489100,최소노드배치점,107,0,128.644823,37.123145,2025-01-15
3610489300,최소노드배치점,107,0,128.64704,37.12055,2025-01-15
3610670900,최소노드배치점,107,0,128.725462,37.042621,2025-01-15
3610594500,최소노드배치점,107,0,128.555611,37.116306,2025-01-15
3610596400,최소노드배치점,107,0,128.576351,37.156628,2025-01-15
3610111804,동산리1508-6,101,0,128.668752,36.950534,2025-01-15
3610129102,학성교(남측),104,0,128.824682,37.033457,2025-01-15
3610136102,고곡리1408-210,102,0,128.596365,37.01224,2025-01-15
3610001110,화계리산1-6,101,0,128.643145,37.019319,2025-01-15
3610001120,거매리230-3,101,0,128.61777,37.045807,2025-01-15
3610129002,학성교(북측),104,0,128.821944,37.036229,2025-01-15
3610135201,장기리89-1,101,0,128.610752,37.040649,2025-01-15
3610001125,화계리1082-92,101,0,128.65891,37.016665,2025-01-15
3610000702,백학삼거리,101,0,128.721487,36.982279,2025-01-15
3610138603,서부리489-1,101,0,128.583975,37.140365,2025-01-15
3610132503,수서리428-1,101,0,128.574173,37.113355,2025-01-15
3610006547,동부리170-1,101,1,128.591734,37.139568,2025-01-15
3610146500,제2석굴암교(남측),104,0,128.665556,36.950228,2025-01-15
3610159300,부계면 대율리 780-75,101,0,128.674626,36.960594,2025-01-15
3610169800,우보면 봉산리 1171,101,0,128.634293,37.082402,2025-01-15
3610523000,군위읍 수서리 1717-1,101,0,128.564842,37.083605,2025-01-15
3610524500,군위읍 대흥리 173-4,101,0,128.556499,37.174425,2025-01-15
3610673300,최소노드배치점,107,0,128.647263,37.018328,2025-01-15
3610686300,최소노드배치점,107,0,128.793839,37.069837,2025-01-15
3610692000,최소노드배치점,107,0,128.779073,37.02975,2025-01-15
3610241600,군위읍 상곡리 산44,101,0,128.622558,37.146654,2025-01-15
3610623200,의흥면 파전리 703-11,101,0,128.757305,37.073931,2025-01-15
3610317500,효령면 노행리 1326,101,0,128.63581,37.100243,2025-01-15
3610556400,군위읍 외량리 909,101,0,128.56224,37.160872,2025-01-15
3610366300,산성면 화본리 821-7,101,0,128.715171,37.030411,2025-01-15
3610576000,소보면 봉황리 1361-1,101,0,128.529838,37.173452,2025-01-15
3610397200,우보면 모산리 492-94,101,0,128.702798,37.055817,2025-01-15
3610652400,산성면 삼산리 1065-4,101,0,128.730825,36.998129,2025-01-15
3610416400,우보면 봉산리 613,101,0,128.651403,37.07763,2025-01-15
3610424800,효령면 장기리 508-1,101,0,128.602587,37.020033,2025-01-15
3610659400,의흥면 이지리 225-7,101,0,128.729034,37.071723,2025-01-15
3610448300,삼국유사면 낙전리 산101-3,101,0,128.827333,37.101872,2025-01-15
3610588700,최소노드배치점,107,0,128.582935,37.094289,2025-01-15
3610477700,최소노드배치점,107,0,128.602257,37.040288,2025-01-15
3610590000,최소노드배치점,107,0,128.515694,37.134915,2025-01-15
3610479700,최소노드배치점,107,0,128.708243,36.982335,2025-01-15
3610591700,최소노드배치점,107,0,128.486267,37.152905,2025-01-15
3610484800,최소노드배치점,107,0,128.597515,37.059975,2025-01-15
3610493000,최소노드배치점,107,0,128.695974,37.064315,2025-01-15
3610497200,최소노드배치점,107,0,128.688061,37.054509,2025-01-15
3610671200,최소노드배치점,107,0,128.791535,37.022963,2025-01-15
3610009101,군위군-의성군,105,0,128.446991,37.201088,2025-01-15
3610138901,서부리391-2,101,0,128.584917,37.138368,2025-01-15
3610133301,수서리421-18,102,0,128.57667,37.111445,2025-01-15
3610006002,군위읍 금구리 616,101,0,128.583911,37.116847,2025-01-15
3610128203,용아교차로,101,0,128.821291,37.036786,2025-01-15
3610136603,서부리364-10,101,0,128.584194,37.13685,2025-01-15
3610140805,삼국유사터널,101,0,128.728647,37.060921,2025-01-15
3610001708,화북리30-6,101,0,128.813646,37.021988,2025-01-15
3610141502,이화리761-2,101,0,128.687264,37.091662,2025-01-15
3610140702,삼국유사터널(동측),104,0,128.725455,37.062082,2025-01-15
3610517100,달산1교(동측),104,0,128.476856,37.157005,2025-01-15
3610156900,낙전2교(북측),104,0,128.83786,37.09918,2025-01-15
3610185000,군위읍 동부리 479,101,0,128.590219,37.134885,2025-01-15
3610523900,소보면 내의리 1086-3,101,0,128.499741,37.177453,2025-01-15
3610692700,최소노드배치점,107,0,128.559878,37.172392,2025-01-15
3610697200,최소노드배치점,107,0,128.59608,37.007261,2025-01-15
3610697700,최소노드배치점,107,0,128.616999,37.137221,2025-01-15
3610218200,산성면 화본리 산5-2,101,0,128.711189,37.022464,2025-01-15
3610228100,효령면 금매리 681-1,101,0,128.625151,37.038246,2025-01-15
3610537000,군위읍 서부리 524-1,101,0,128.584854,37.142231,2025-01-15
3610537100,군위읍 대흥리 173-3,101,0,128.554958,37.175293,2025-01-15
3610256600,효령면 매곡리 770-3,101,0,128.613288,36.986705,2025-01-15
3610257100,효령면 중구리 726-1,101,0,128.605317,37.054954,2025-01-15
3610623800,삼국유사면 화수리 424-2,101,0,128.771277,37.011634,2025-01-15
3610631200,의흥면 매성리 18-5,101,0,128.770912,37.04187,2025-01-15
3610322200,우보면 봉산리 1171,101,0,128.635399,37.082201,2025-01-15
3610632600,삼국유사면 석산리 1021-3,101,0,128.86595,37.072444,2025-01-15
3610555400,소보면 달산리 247-1,101,0,128.481412,37.165434,2025-01-15
3610365800,효령면 장군리 산87-2,101,0,128.585541,37.018398,2025-01-15
3610647100,의흥면 이지리 1599,101,0,128.728277,37.068328,2025-01-15
3610650300,삼국유사면 석산리 1089-1,101,0,128.879724,37.075041,2025-01-15
3610660700,의흥면 읍내리 579-1,101,0,128.7366,37.075451,2025-01-15
3610447200,부계면 남산리 산22-1,101,0,128.659145,36.942956,2025-01-15
3610583800,소보면 신계리 432,101,0,128.496117,37.15008,2025-01-15
3610454100,효령면 노행리 1301,101,0,128.63706,37.101822,2025-01-15
3610670400,최소노드배치점,107,0,128.752485,37.033803,2025-01-15
3610509300,최소노드배치점,107,0,128.723719,37.096595,2025-01-15
1550020106,가천동480-4,101,0,128.682376,35.853621,2020-09-01
1550020107,가천동491,101,0,128.683988,35.852676,2020-09-01
1550020200,성동교앞,101,0,128.721645,35.850533,2020-09-01
1550020300,대청초등학교앞,101,0,128.651972,35.850576,2020-09-01
1550020400,혜화여고교입구,101,0,128.651208,35.850604,2020-09-01
1550020401,만촌3동행정복지센터,101,0,128.649814,35.855528,2020-09-01
1550020500,동원초등북편삼거리,101,1,128.638171,35.868486,2020-09-01
1550020501,만촌동1356-4,101,1,128.63669,35.870319,2020-09-01
1550020502,효신네거리,101,1,128.635812,35.871351,2020-09-01
1550020503,만촌동1429-8,101,1,128.637731,35.869037,2020-09-01
1550020600,효목도서관남편,101,0,128.641311,35.869622,2020-09-01
1550020601,만촌동1247-1,101,0,128.640754,35.871932,2020-09-01
1550020700,망우당고가차도,104,0,128.652694,35.877438,2020-09-01
1550020800,망우당네거리,101,1,128.649482,35.878289,2020-09-01
1550020900,파동IC삼거리,106,1,128.618134,35.808037,2020-09-01
1550021000,앞산터널,104,1,128.61119,35.809312,2020-09-01
1550021100,파동교삼거리,106,0,128.615999,35.809659,2020-09-01
1550021200,파동교네거리,106,0,128.619325,35.810388,2020-09-01
1550021300,파동IC,106,1,128.615205,35.811116,2020-09-01
1550021400,범물터널,104,0,128.624437,35.812374,2020-09-01
1550077100,사월역,101,1,128.717535,35.836514,2020-09-01
1550077101,신매동30-4,101,0,128.714194,35.837316,2020-09-01
1550101900,삼덕동532,101,0,128.668564,35.829678,2020-09-01
1550102000,수성구삼덕동820-2,101,0,128.669206,35.830768,2020-09-01
1550102100,삼덕동820-2,102,0,128.669344,35.829898,2020-09-01
1550102200,수성구삼덕동409,101,0,128.670206,35.829845,2020-09-01
1550102300,삼덕동408-2,101,1,128.673697,35.829585,2020-09-01
1550102400,대구시립미술관앞,102,0,128.674492,35.828317,2020-09-01
1550102500,수성구삼덕동122-1,101,1,128.678306,35.833591,2020-09-01
1550102501,삼덕동26,101,0,128.679274,35.839154,2020-09-01
1550102600,대공원역1번출구앞,101,1,128.680083,35.842682,2020-09-01
1550102601,연호동160,101,0,128.677476,35.843696,2020-09-01
1550102602,연호동154-10,101,1,128.675535,35.844686,2020-09-01
1570202501,세천초등학교,101,0,128.480683,35.874899,2020-09-01
1570202502,세천리1707,101,1,128.472719,35.877223,2020-09-01
1570202503,세천리941-2,101,0,128.476098,35.877599,2020-09-01
1570202504,세천리1630,101,1,128.478794,35.875991,2020-09-01
1570202505,세천리1567-20,101,1,128.477733,35.877682,2020-09-01
1570202506,세천리152-16,101,0,128.476583,35.877922,2020-09-01
1570202600,사문진교동측,101,0,128.478966,35.809184,2020-09-01
1570202700,서재리산39-12,101,0,128.48322,35.874949,2020-09-01
1570202800,서재리722-2,101,1,128.485382,35.874266,2020-09-01
1570202900,속성변화점,103,0,128.485159,35.799205,2020-09-01
1570202901,설화리539-38,101,0,128.48582,35.799566,2020-09-01
1570203000,서재리산39-41,101,0,128.488801,35.868356,2020-09-01
1570203100,설화리1103-3,101,0,128.487829,35.801035,2020-09-01
1570203200,서재지하차도북측,104,0,128.490414,35.867648,2020-09-01
1570203300,성천교서측,104,0,128.489807,35.803882,2020-09-01
1570203400,서재리1005-2,101,0,128.491307,35.867825,2020-09-01
1570203401,서재리1129,101,0,128.49233,35.867912,2020-09-01
1570203402,서재리421,101,0,128.496157,35.869355,2020-09-01
1570203403,서재리229,101,1,128.493977,35.868177,2020-09-01
1570203600,성천교동측,104,0,128.491345,35.804732,2020-09-01
1570203700,덕화빌라,101,1,128.493044,35.805649,2020-09-01
1570203701,성산리750,101,0,128.484704,35.808496,2020-09-01
1570203702,성산리36-1,101,1,128.488858,35.807528,2020-09-01
1570203800,화원119안전센터앞,101,1,128.500891,35.799059,2020-09-01
1570203801,명곡리144,101,0,128.50026,35.799555,2020-09-01
1570204500,구라리1620-4,101,0,128.505296,35.813727,2020-09-01
1570204501,구라리181-2,101,0,128.506265,35.814646,2020-09-01
1570204800,천내리670-1,101,0,128.507286,35.799096,2020-09-01
1570204900,화천교서측,104,0,128.507406,35.798542,2020-09-01
1570205200,구라리1745-6,101,0,128.508205,35.810667,2020-09-01
1570205400,유라교,101,0,128.508895,35.812042,2020-09-01
1570205401,구라리1634-2,101,0,128.506904,35.812866,2020-09-01
1570205500,화천교동측,104,0,128.509368,35.798008,2020-09-01
1570205700,속성변화점,103,0,128.510407,35.811615,2020-09-01
1570205800,화원중학교앞,101,1,128.510315,35.798164,2020-09-01
1570205801,본리리148,101,0,128.509213,35.801514,2020-09-01
1570205900,본리3교,101,0,128.51036,35.797335,2020-09-01
1570206300,와룡대교1남측,104,0,128.516092,35.890931,2020-09-01
1570207000,방천대교서측,104,0,128.520715,35.889561,2020-09-01
1570224200,논공교,101,1,128.422289,35.774888,2020-09-01
1570224201,금포리1096-3,101,1,128.424909,35.776256,2020-09-01
1570224400,세븐일레븐대구달성스타점,101,0,128.423975,35.771778,2020-09-01
1570224401,금포리1385-6,101,1,128.427076,35.77341,2020-09-01
1570224402,금포리1356-3,101,0,128.428413,35.77411,2020-09-01
1570224403,금포리1475-1,101,0,128.425601,35.772644,2020-09-01
1570224404,금포리1478-1,101,1,128.426276,35.772994,2020-09-01
1570224900,달성군청삼거리,101,1,128.427323,35.777447,2020-09-01
1570224901,금포리1157,101,1,128.428355,35.777996,2020-09-01
1570225200,달성군청,101,1,128.429501,35.774677,2020-09-01
1570225201,금포리산32,101,1,128.42911,35.775169,2020-09-01
1570225202,금포리산33-2,101,0,128.428459,35.775998,2020-09-01
1570225203,금포2교차로,101,1,128.427632,35.777047,2020-09-01
1570225204,금포리1313,101,1,128.431237,35.776013,2020-09-01
1570225300,달성옥포농공단지,101,1,128.429782,35.778744,2020-09-01
1570225301,강림3교차로,101,1,128.434549,35.781179,2020-09-01
1570225302,강림1교차로,101,1,128.431181,35.779468,2020-09-01
1570225303,강림리622-5,101,0,128.433374,35.780603,2020-09-01
1570225600,해성농기계,101,1,128.431583,35.776559,2020-09-01
1570225601,금포리1175-2,101,0,128.431075,35.777343,2020-09-01
1570225602,금포리2394-41,101,1,128.4315,35.777044,2020-09-01
1570225800,속성변화점,103,1,128.431747,35.771502,2020-09-01
1570225801,금포리1655-1,101,0,128.426328,35.769142,2020-09-01
1570225802,금포리산26-3,101,0,128.430013,35.769919,2020-09-01
1570225803,금포리1425-4,101,0,128.431227,35.772362,2020-09-01
1570225804,금포리2406-89,101,1,128.42455,35.771161,2020-09-01
1570225805,금포리2406-95,101,0,128.425513,35.770027,2020-09-01
1570225806,금포리1353-7,101,0,128.430237,35.773653,2020-09-01
1570226400,강림3교차로,101,1,128.435514,35.781583,2020-09-01
1570226700,대구강림초등학교,101,1,128.436522,35.780214,2020-09-01
1570226701,강림리1127,101,0,128.4383,35.779302,2020-09-01
1570226702,강림리2963,101,1,128.440062,35.779968,2020-09-01
1570227100,옥포지하차도서측,104,0,128.439072,35.782304,2020-09-01
1570227400,수성빌딩,101,1,128.440869,35.780337,2020-09-01
1570227800,교항리2376-9,101,1,128.441877,35.782726,2020-09-01
1570227801,교항리2940,101,0,128.443767,35.783176,2020-09-01
1570227900,대구옥포대성베르힐아파트,101,1,128.442512,35.781051,2020-09-01
1570227901,교항리3034,101,1,128.442149,35.782102,2020-09-01
1570227902,교항리2964,101,0,128.444273,35.781151,2020-09-01
1570227903,교항리3044,101,0,128.446589,35.781286,2020-09-01
1570228100,옥포지하차도동측,104,0,128.444635,35.78338,2020-09-01
1570228200,교항교차로,101,1,128.447722,35.783808,2020-09-01
1570228201,본리리2417-1,101,0,128.462679,35.788392,2020-09-01
1570228202,본리교차로,101,1,128.466435,35.789527,2020-09-01
1570228300,교항교차로,101,1,128.447832,35.782385,2020-09-01
1570228400,문산리395,102,0,128.4308,35.851852,2020-09-01
1570228500,문양리432,102,0,128.437399,35.866983,2020-09-01
1570228600,세천리1709,101,0,128.473758,35.869633,2020-09-01
1570228700,세천리1607-4,101,0,128.474945,35.870058,2020-09-01
1570228800,죽곡리845,101,0,128.468338,35.851979,2020-09-01
1570228900,죽곡리산1,101,0,128.466746,35.849169,2020-09-01
1570229000,세천리1601,101,0,128.474683,35.872475,2020-09-01
1570229100,세천리1691,101,0,128.473558,35.870891,2020-09-01
1570229200,세천리1696-1,101,0,128.476545,35.872866,2020-09-01
1570229300,용리산17-1,102,0,128.50592,35.69272,2020-09-01
1570229400,유산리22-3,101,1,128.435939,35.630168,2020-09-01
1570229500,예현리768-8,101,0,128.42534,35.632726,2020-09-01
1570229600,금포리1473-2,101,0,128.426138,35.771994,2020-09-01
1570229700,금포리1099,101,0,128.425263,35.775802,2020-09-01
1570229800,금포초등학교,101,0,128.426501,35.77501,2020-09-01
1570229900,금포리1374-1,101,0,128.426938,35.775235,2020-09-01
1570230000,자모리산12,102,0,128.395467,35.691061,2020-09-01
1570230100,문산리237-3,101,0,128.434487,35.856976,2020-09-01
1570230200,부곡리552-3,101,0,128.439911,35.853135,2020-09-01
1570230300,부곡리547-2,101,0,128.439361,35.852543,2020-09-01
1570230400,대구매곡초등학교,101,0,128.468559,35.862984,2020-09-01
1570230500,매곡리1524-7,101,0,128.465721,35.864625,2020-09-01
1570230600,매곡리1523-8,101,0,128.465934,35.864942,2020-09-01
1570230700,매곡리1534-8,101,0,128.467771,35.863576,2020-09-01
1570230800,서재리1131,101,1,128.491094,35.869617,2020-09-01
1570230900,서재리1131,102,0,128.490269,35.869067,2020-09-01
1570231000,문양리927,101,0,128.424987,35.867891,2020-09-01
1570231100,문양리산94-10,102,0,128.424575,35.868166,2020-09-01
1570231200,문양리산84-1,102,0,128.426012,35.870899,2020-09-01
1570231300,서재리486,102,0,128.498456,35.868784,2020-09-01
1570231400,서재리487,101,1,128.496881,35.869183,2020-09-01
1570231500,서재리175,102,0,128.497019,35.86945,2020-09-01
1570231600,서재리179,101,0,128.495656,35.868409,2020-09-01
1570231700,서재리1068,102,0,128.495919,35.867934,2020-09-01
1570231800,서재리1048-3,101,0,128.494281,35.86775,2020-09-01
1570231900,하산리1075-9,102,0,128.399711,35.879151,2020-09-01
3600226000,백안교,104,0,128.797818,35.83169,2020-09-01
3600226100,백안교,104,0,128.79803,35.832473,2020-09-01
3600226200,당리리151-11,101,0,128.797868,35.819258,2020-09-01
3600226300,당리리331-1,101,0,128.788594,35.813842,2020-09-01
3600226400,신천동571-4,102,0,128.778357,35.819658,2020-09-01
3600226500,강서리39-4,101,0,128.796368,35.82629,2020-09-01
3600226600,신월리195,102,0,128.793006,35.826057,2020-09-01
3600226700,당리리360,102,0,128.793256,35.821149,2020-09-01
3600226800,유곡동350,101,0,128.784932,35.803768,2020-09-01
3600226900,인흥리512,101,0,128.80268,35.804426,2020-09-01
3600227000,부적리261-3,101,0,128.761321,35.845296,2020-09-01
3600227100,유곡동337,102,0,128.783132,35.801035,2020-09-01
3600227200,여천동363-20,101,1,128.788581,35.798868,2020-09-01
3600227300,상대리산15-1,102,0,128.790406,35.785828,2020-09-01
3600227400,대구한의대학교,102,0,128.789706,35.78672,2020-09-01
3600227500,점촌동234-2,101,0,128.77287,35.798952,2020-09-01
3600227600,점촌동266-3,102,0,128.77312,35.796485,2020-09-01
3600227700,유곡동290-1,101,1,128.777295,35.79701,2020-09-01
3600227800,유곡동289-6,102,0,128.779632,35.796485,2020-09-01
3600227900,인흥리250,102,0,128.799943,35.802726,2020-09-01
3600228000,인흥리376,102,0,128.805017,35.805718,2020-09-01
3600228100,속성변화점,103,0,128.838985,35.771699,2020-09-01
3600228200,안심리419,101,0,128.836227,35.769739,2020-09-01
3600228300,경리394-1,101,0,128.848964,35.791486,2020-09-01
3600228400,전지리670,101,0,128.809104,35.797377,2020-09-01
3600228500,전지리1179,101,0,128.813354,35.795469,2020-09-01
3600228600,반곡리112-1,101,0,128.809205,35.785353,2020-09-01
3600228700,반곡리224-1,101,0,128.80428,35.779687,2020-09-01
3600228800,조곡리381-1,101,0,128.813654,35.769747,2020-09-01
3600228900,조곡리37-1,101,0,128.820591,35.778154,2020-09-01
3600229000,산양리339-7,101,0,128.832665,35.789061,2020-09-01
3600229100,남산초등학교,101,0,128.835227,35.793561,2020-09-01
3600229200,영남삼육중학교,102,0,128.829703,35.78937,2020-09-01
3600229300,남산초등학교,101,0,128.835496,35.793546,2020-09-01
3600229400,산양리62-2,101,0,128.838714,35.792294,2020-09-01
3600229500,연하리459,101,0,128.834315,35.770589,2020-09-01
3600229600,연하리산7,102,0,128.829765,35.772105,2020-09-01
3600229700,연하리480,101,0,128.826053,35.761273,2020-09-01
3600229800,흥정리34-1,101,0,128.830553,35.760556,2020-09-01
3600229900,사림리308,101,0,128.823579,35.75639,2020-09-01
3600230000,사림리319,102,0,128.822266,35.755307,2020-09-01
3600230100,평기리314-1,101,0,128.850639,35.758073,2020-09-01
3600230200,평기리250-2,102,0,128.848614,35.760106,2020-09-01
3600230300,남곡리600,101,0,128.855726,35.760198,2020-09-01
3600230400,남곡리600,102,0,128.853001,35.761606,2020-09-01
3600230500,용산리445,102,0,128.870012,35.765806,2020-09-01
3600230600,송림리1066,102,0,128.906471,35.800136,2020-09-01
3600230700,외촌리695,101,0,128.884823,35.816517,2020-09-01
3600230800,내촌리1122,102,0,128.895097,35.818384,2020-09-01
3600230900,미산리478,101,0,128.872486,35.799452,2020-09-01
3600231000,당리리67-9,101,0,128.875224,35.794694,2020-09-01
3600231100,부제리1059-11,101,0,128.881911,35.785954,2020-09-01
3600231200,대종리325-1,101,0,128.906571,35.763048,2020-09-01
3600231300,부일리79-2,102,0,128.936706,35.794553,2020-09-01
3600231400,동부리491,101,0,128.823815,35.815208,2020-09-01
3600231500,속성변화점,103,0,128.812354,35.808867,2020-09-01
3600231600,신도리48-2,101,0,128.828228,35.820899,2020-09-01
3600231700,신도리267-10,101,0,128.827828,35.81875,2020-09-01
3600231800,동부리470,102,0,128.825953,35.818875,2020-09-01
3600231900,서부리260-2,101,0,128.822778,35.816208,2020-09-01
3600232000,서부리110-5,101,0,128.820478,35.816308,2020-09-01
3600232100,서부리830,101,0,128.819578,35.815383,2020-09-01
3600232200,서부리780,101,0,128.820416,35.81535,2020-09-01
3600232300,서부리780,101,0,128.820453,35.815842,2020-09-01
3600232400,서부리799,101,0,128.822153,35.815783,2020-09-01
3600232500,서부리838,101,0,128.822116,35.815275,2020-09-01
3600232600,서부리850,101,0,128.822753,35.815767,2020-09-01
3600232700,서부리850,101,0,128.822716,35.81525,2020-09-01
3600232800,동부리491,101,0,128.823853,35.815725,2020-09-01
3600232900,동부리507,101,0,128.82514,35.815158,2020-09-01
3600233000,동부리492,101,0,128.825153,35.815683,2020-09-01
3600233100,동부리492,101,0,128.825915,35.815667,2020-09-01
3600233200,동부리523,101,0,128.825903,35.815125,2020-09-01
3600233300,자인네거리,102,0,128.82649,35.8151,2020-09-01
3600233400,북사리1097,101,0,128.817353,35.827765,2020-09-01
3600233500,북사리1097,101,0,128.818741,35.827957,2020-09-01
3600233600,교촌리382,101,0,128.821691,35.828732,2020-09-01
3600233700,교촌리382,101,0,128.824515,35.82884,2020-09-01
3600233800,교촌리383,101,0,128.822465,35.827149,2020-09-01
3600233900,교촌리383,101,0,128.824578,35.82724,2020-09-01
3600234000,교촌리383,101,0,128.82684,35.827315,2020-09-01
3600234100,북사리1098,101,0,128.819928,35.826132,2020-09-01
3600234200,북사리1098,101,0,128.818703,35.825582,2020-09-01
3600234300,북사리1100,101,0,128.820703,35.825057,2020-09-01
3600234400,북사리1103,101,0,128.821553,35.823824,2020-09-01
3600234500,교촌리384,101,0,128.823053,35.825982,2020-09-01
3600234600,북사리385,101,0,128.823703,35.823674,2020-09-01
3600234700,교촌리384,101,0,128.824678,35.825907,2020-09-01
3600234800,교촌리385,101,0,128.826653,35.825791,2020-09-01
3600234900,교촌리385,101,0,128.826378,35.823474,2020-09-01
3600235000,남신리509-4,102,0,128.803167,35.835648,2020-09-01
3600235100,속초삼거리,101,0,128.834964,35.856912,2020-09-01
3600235200,대원리59,101,1,128.831127,35.857912,2020-09-01
3600235300,대원삼거리,101,1,128.827477,35.857954,2020-09-01
3600235400,속초리375-1,102,0,128.828415,35.856945,2020-09-01
3600235500,대원리360-3,101,0,128.822628,35.856545,2020-09-01
3600235600,황제리70-1,102,0,128.818041,35.85782,2020-09-01
3600235700,신제리647,101,0,128.836501,35.858929,2020-09-01
3600235800,광석리647,102,0,128.837814,35.858945,2020-09-01
3600235900,광석리649,102,0,128.837639,35.857054,2020-09-01
3600236000,신상리1218,101,0,128.82664,35.870944,2020-09-01
3600236100,신상리1218,101,0,128.826652,35.869644,2020-09-01
3600236200,신상리1218,101,0,128.82764,35.869644,2020-09-01
3600236300,진량읍사무소,101,0,128.81729,35.874268,2020-09-01
3600236400,신상리186-1,101,0,128.817878,35.87371,2020-09-01
3600236500,신상리186-1,101,0,128.81829,35.873743,2020-09-01
3600236600,신상리186-1,101,0,128.817853,35.874352,2020-09-01
3600236700,신상중학교,101,0,128.821315,35.875427,2020-09-01
3600236800,신상리492-1,101,0,128.820015,35.874968,2020-09-01
3600236900,신상리492-1,101,0,128.819553,35.874243,2020-09-01
3600237000,신상리492-2,101,0,128.820003,35.874243,2020-09-01
3600237100,신상리492-2,102,0,128.820578,35.874243,2020-09-01
3600237200,신상중학교,101,0,128.822003,35.87566,2020-09-01
3600237300,신상리492-5,101,0,128.822552,35.87586,2020-09-01
3600237400,신상리492-5,101,0,128.823477,35.875918,2020-09-01
3600237500,신상리492-5,101,0,128.824327,35.875102,2020-09-01
3600237600,신상리492-3,101,0,128.822552,35.875102,2020-09-01
3600237700,신상리492-2,101,0,128.822003,35.874243,2020-09-01
3600237800,신상중학교,102,0,128.821203,35.874243,2020-09-01
3600237900,신상리492-3,101,0,128.822552,35.874243,2020-09-01
3600238000,신상리492-5,101,0,128.823477,35.875102,2020-09-01
3600238100,신상리492-4,101,0,128.823465,35.874235,2020-09-01
3600238200,신상리689,101,0,128.819703,35.876693,2020-09-01
1510191600,숙천동12,101,0,128.748184,35.882942,2020-09-01
1510191700,숙천동386,101,0,128.752159,35.881759,2020-09-01
1510191800,숙천동386,101,0,128.752921,35.882092,2020-09-01
1510191900,숙천동383-1,101,0,128.751846,35.882825,2020-09-01
1510192000,숙천동381,101,0,128.752584,35.883192,2020-09-01
1510192100,숙천동408,101,0,128.751084,35.882817,2020-09-01
1510192200,숙천동404,101,0,128.751346,35.883025,2020-09-01
1510192300,숙천동380-5,101,0,128.752096,35.883667,2020-09-01
1510192400,숙천동378,101,0,128.751784,35.8839,2020-09-01
1510192500,숙천동376-3,101,0,128.751346,35.8841,2020-09-01
1510192600,숙천동374-6,101,0,128.750834,35.884308,2020-09-01
1510192700,숙천동372-6,101,0,128.750346,35.884492,2020-09-01
1510192800,숙천동370-5,101,0,128.749934,35.884658,2020-09-01
1510192900,숙천동368-1,101,0,128.749696,35.884775,2020-09-01
1510193000,숙천동362-1,101,0,128.748446,35.884583,2020-09-01
1510193100,숙천동361-6,101,0,128.748171,35.884158,2020-09-01
1510193200,숙천동360-4,101,0,128.747921,35.883775,2020-09-01
1510193300,숙천동15-3,101,0,128.748009,35.8831,2020-09-01
1510193400,숙천동384,101,0,128.749334,35.883917,2020-09-01
1510193500,숙천동401,101,0,128.748396,35.8834,2020-09-01
1510193600,숙천동401,101,0,128.749146,35.88405,2020-09-01
1510193700,숙천동401,101,0,128.748784,35.883709,2020-09-01
1510193800,숙천동362-4,101,0,128.748784,35.884325,2020-09-01
1510193900,숙천동401,101,0,128.749459,35.884392,2020-09-01
1510194000,숙천동408,101,0,128.749821,35.883734,2020-09-01
1510194100,숙천동384-5,101,0,128.750221,35.883592,2020-09-01
1510194200,숙천동408,101,0,128.750496,35.88335,2020-09-01
1510194300,숙천동408,101,0,128.750796,35.883075,2020-09-01
1510194400,동내동1119-3,101,0,128.73721,35.878042,2020-09-01
1510194500,동내동1129,101,0,128.73726,35.878876,2020-09-01
1510194600,동내동1118-4,101,0,128.738185,35.879451,2020-09-01
1510194700,동내동1128,102,0,128.738885,35.879351,2020-09-01
1510194800,동내동1115-1,101,0,128.73651,35.88185,2020-09-01
1510194900,동내동1140,101,0,128.739822,35.882409,2020-09-01
1510195000,동내동1115,101,0,128.737772,35.88325,2020-09-01
1510195100,신서동1179,101,0,128.726473,35.876643,2020-09-01
1510195200,동내동1140,101,0,128.740935,35.884717,2020-09-01
1510195300,속성변화점,103,0,128.735235,35.882642,2020-09-01
1510195400,동내동1123,102,0,128.742847,35.886958,2020-09-01
1510195500,신서동1139,102,0,128.728186,35.888724,2020-09-01
1510195600,신서동1173,101,0,128.728611,35.885517,2020-09-01
1510195700,신서동1189,101,0,128.730086,35.878959,2020-09-01
1510195800,신서동1150,101,0,128.73076,35.878901,2020-09-01
1510195900,신서동1150,101,0,128.732535,35.878751,2020-09-01
1510196000,신서동1149-2,101,0,128.730748,35.878501,2020-09-01
1510196100,신서동1190,101,0,128.733148,35.878692,2020-09-01
1510196200,각산동1159,101,0,128.717949,35.878067,2020-09-01
1510196300,각산동1084-2,101,0,128.717887,35.877601,2020-09-01
1510196400,각산동1160,101,0,128.718224,35.877567,2020-09-01
1510196500,각산동1107,101,1,128.718499,35.877526,2020-09-01
1510196600,각산동1168,101,0,128.718999,35.877367,2020-09-01
1510196700,각산동1092-4,101,0,128.719112,35.877851,2020-09-01
1510196800,각산동1168,101,0,128.719661,35.877284,2020-09-01
1510196900,각산동1168,101,0,128.721549,35.877117,2020-09-01
1510197000,각산동1168,101,0,128.722161,35.877059,2020-09-01
1510197100,각산동1168,101,0,128.722624,35.877009,2020-09-01
1510197200,각산동1099-2,101,0,128.722049,35.877509,2020-09-01
1510197300,각산동1100-2,101,0,128.722436,35.877692,2020-09-01
1510197400,각산동1165,101,0,128.722724,35.877317,2020-09-01
1510197500,신서동1106-1,101,0,128.723686,35.877726,2020-09-01
1510197600,신서동1175,101,0,128.724686,35.877617,2020-09-01
1510197700,신서동1176,101,0,128.725473,35.877534,2020-09-01
1510197800,신서동1177,101,0,128.726598,35.877409,2020-09-01
1510197900,신서동1177,101,0,128.726673,35.877834,2020-09-01
1510198000,신서동1176,101,0,128.725523,35.877934,2020-09-01
1510198100,신서동1156-5,101,0,128.727323,35.877334,2020-09-01
1510198200,신서동1156-5,101,0,128.727123,35.876984,2020-09-01
1510198300,신서동1165-7,101,0,128.726536,35.877042,2020-09-01
1510198400,신서동1176,101,0,128.725411,35.877151,2020-09-01
1510198500,신서동1175,101,0,128.724624,35.877217,2020-09-01
1510198600,신서동1179,101,0,128.725348,35.876734,2020-09-01
1510198700,각산동1137,102,0,128.713024,35.887991,2020-09-01
1510198800,각산동1030,101,0,128.713262,35.882683,2020-09-01
1510198900,각산동1136,101,0,128.713074,35.881867,2020-09-01
1510199000,각산동산113-2,102,0,128.712425,35.882058,2020-09-01
1510199100,각산동1136,101,0,128.7129,35.880575,2020-09-01
1510199200,각산동1154,101,0,128.716699,35.879167,2020-09-01
1510199300,각산동1154,101,0,128.716749,35.879567,2020-09-01
1510199400,각산동1154,101,0,128.716812,35.879942,2020-09-01
1510199500,각산동1154,101,0,128.716837,35.880192,2020-09-01
1510199600,각산동1078-8,101,0,128.718074,35.879034,2020-09-01
1510199700,각산동1078-12,102,0,128.718562,35.878984,2020-09-01
1510199800,각산동1075-6,101,0,128.717749,35.879692,2020-09-01
1510199900,각산동1074-3,101,0,128.717437,35.880009,2020-09-01
1510200000,각산동1073-2,101,0,128.717212,35.880225,2020-09-01
1510200100,각산동1070,101,0,128.717612,35.880484,2020-09-01
1510200200,각산동1069-1,101,0,128.717349,35.880834,2020-09-01
1510200300,각산동1071,101,0,128.718162,35.879967,2020-09-01
1510200400,각산동1071-3,101,0,128.718537,35.880217,2020-09-01
1510200500,각산동1068-2,101,0,128.717874,35.880884,2020-09-01
1510200600,속성변화점,103,0,128.717449,35.878001,2020-09-01
1510200700,속성변화점,103,0,128.718912,35.880459,2020-09-01
1510200800,각산동1054-1,101,0,128.719974,35.88605,2020-09-01
1510200900,각산동1145,101,0,128.720136,35.8857,2020-09-01
1510201000,각산동1150,101,0,128.720324,35.8853,2020-09-01
1510201100,각산동1145,101,0,128.720699,35.885858,2020-09-01
1510201200,각산동1138,101,0,128.716187,35.888658,2020-09-01
1510201300,각산동1138,101,0,128.716024,35.889633,2020-09-01
1510201400,각산동1138,102,0,128.715724,35.891532,2020-09-01
1510201500,속성변화점,103,0,128.64053,35.922228,2020-09-01
1510201600,속성변화점,103,0,128.716949,35.888758,2020-09-01
1510201700,각산동1035-3,101,0,128.712587,35.878192,2020-09-01
1510201800,각산동1035-6,101,1,128.713524,35.878117,2020-09-01
1510201900,각산동1157,101,0,128.712625,35.878584,2020-09-01
1510202000,각산동1082-1,101,0,128.714612,35.878034,2020-09-01
1510202100,각산동1082-3,101,0,128.715387,35.877959,2020-09-01
1510202200,속성변화점,103,0,128.715412,35.878309,2020-09-01
1510202300,율암동524-405,102,0,128.704388,35.8804,2020-09-01
1510202400,율암동1153,102,0,128.703475,35.883867,2020-09-01
1510202500,율암동1147-2,102,0,128.705088,35.8863,2020-09-01
1510202600,상매동526,102,0,128.702675,35.893099,2020-09-01
1510202700,지묘동246-4,101,0,128.642605,35.941735,2020-09-01
1510202800,속성변화점,103,0,128.705963,35.887716,2020-09-01
1510202900,매여동275,102,0,128.722261,35.913847,2020-09-01
1510203000,도동978-104,102,0,128.670315,35.929653,2020-09-01
1510203100,지묘동215,102,0,128.643517,35.942276,2020-09-01
1510203200,봉무동898-6,101,0,128.645008,35.921381,2020-09-01
1510203300,봉무동산142-2,102,0,128.644955,35.920495,2020-09-01
1510191500,숙천동12,102,0,128.748034,35.882825,2020-09-01
1510203400,봉무동523-4,102,0,128.647367,35.92042,2020-09-01
1510203500,봉무동393-1,102,0,128.646392,35.92237,2020-09-01
1510203600,봉무동1591,101,0,128.637481,35.92207,2020-09-01
1550102700,대구육상진흥센터앞,101,0,128.680129,35.82927,2020-09-01
1550102800,시민생활스포츠센터앞,102,0,128.681487,35.825404,2020-09-01
1550102900,대흥동558,101,1,128.684101,35.829264,2020-09-01
1550103000,수성구노변동422-2,101,0,128.693463,35.832327,2020-09-01
1550103100,지하차도,104,0,128.614034,35.812716,2020-09-01
1550103200,파동236-3,102,0,128.619808,35.812807,2020-09-01
1550103300,파동50-4,101,0,128.611809,35.824348,2020-09-01
1550103400,파동70-3,101,0,128.613721,35.822165,2020-09-01
1550103500,두산동828-1,102,0,128.621333,35.823548,2020-09-01
1550103600,두산동689-3,102,0,128.623483,35.82269,2020-09-01
1550103700,수성고등학교,101,0,128.62562,35.822015,2020-09-01
1550103800,수성고등학교,102,0,128.626233,35.821231,2020-09-01
1550103900,두산동789,101,0,128.624908,35.822223,2020-09-01
1550104000,수성고등학교,102,0,128.624995,35.821615,2020-09-01
1550104100,지산동1288,101,0,128.640981,35.823515,2020-09-01
1550104200,두산동270-6,102,0,128.627395,35.82938,2020-09-01
1550104300,범물동630,102,0,128.646993,35.814574,2020-09-01
1550104400,무학터널,104,0,128.635352,35.828115,2020-09-01
1550104500,무학터널,104,0,128.642444,35.827839,2020-09-01
1550104600,범물동1354-3,101,0,128.638419,35.817657,2020-09-01
1550104700,범물동1354,102,0,128.638007,35.817599,2020-09-01
1550104800,범물동1347,101,0,128.638607,35.818248,2020-09-01
1550104900,범물동1343-20,102,0,128.638244,35.818457,2020-09-01
1550105000,범물역(대구3호선),101,0,128.640257,35.820098,2020-09-01
1550105100,동아백화점,101,0,128.640931,35.82084,2020-09-01
1550105200,동아백화점,101,0,128.641094,35.821023,2020-09-01
1550105300,동아백화점,101,0,128.641269,35.821223,2020-09-01
1550105400,범물동1274,101,0,128.641431,35.821398,2020-09-01
1550105500,범물동1359-4,101,0,128.638607,35.816649,2020-09-01
1550105600,범물동1275-8,101,0,128.641894,35.820548,2020-09-01
1550105700,범물동1277-9,101,0,128.642231,35.820923,2020-09-01
1550105800,범물동1276,101,0,128.642069,35.820732,2020-09-01
1550105900,범물동1382-1,101,0,128.643231,35.816246,2020-09-01
1550106000,범물2동행정복지센터,101,0,128.643045,35.817257,2020-09-01
1550106100,범물동1381,101,0,128.643406,35.816082,2020-09-01
1550106200,범물동550-5,102,0,128.641844,35.813941,2020-09-01
1550106300,범물1동행정복지센터,101,0,128.646493,35.817699,2020-09-01
1550106400,대구복명초등학교,101,0,128.646643,35.816882,2020-09-01
1550106500,범물동1311-5,102,0,128.646743,35.81649,2020-09-01
1550106600,범물동산208,102,0,128.662367,35.815316,2020-09-01
1550106700,대구복명초등학교,102,0,128.647818,35.817874,2020-09-01
1550106800,범물동1286,101,0,128.647181,35.820057,2020-09-01
1550106900,범물동134,102,0,128.649656,35.821057,2020-09-01
1550107000,수성동1가671-73,101,0,128.611159,35.858535,2020-09-01
1550107100,수성동1가825,101,0,128.610684,35.856019,2020-09-01
1550107200,수성동4가1000-7,102,0,128.619945,35.860619,2020-09-01
1550107300,수성동4가1009-2,101,0,128.619708,35.860885,2020-09-01
1550107400,수성동4가1119-46,102,0,128.615221,35.864343,2020-09-01
1550107500,수성동4가1067-4,102,0,128.612871,35.861468,2020-09-01
1550107600,수성동4가1031,101,0,128.616696,35.861293,2020-09-01
1550107700,수성동4가1085-19,101,0,128.616846,35.860335,2020-09-01
1550107800,수성동4가1085-33,101,0,128.616396,35.860352,2020-09-01
1550107900,수성동4가1085-33,101,0,128.615296,35.860319,2020-09-01
1550108000,범어3동행정복지센터,102,0,128.617808,35.866285,2020-09-01
1550108100,범어3동행정복지센터,102,0,128.617483,35.866301,2020-09-01
1550108200,범어동1031,101,0,128.61942,35.865351,2020-09-01
1550108300,범어동2073,101,0,128.621733,35.865451,2020-09-01
1550108400,범어동2148,102,0,128.622545,35.863193,2020-09-01
1550108500,범어동1031,102,0,128.620995,35.864343,2020-09-01
1550108600,범어동856,102,0,128.628557,35.864377,2020-09-01
1550108700,범어동833,102,0,128.62532,35.861069,2020-09-01
1550108800,범어동854,101,0,128.627882,35.861419,2020-09-01
1550108900,범어동854,101,0,128.627882,35.860677,2020-09-01
1550109000,범어동380,102,0,128.627345,35.857194,2020-09-01
1550109100,수성2가3가동주민센터,101,0,128.618746,35.854828,2020-09-01
1550109200,범어동2248,102,0,128.623758,35.855011,2020-09-01
1550109300,범어동661-8,102,0,128.627132,35.851486,2020-09-01
1550109400,범어동614-7,101,0,128.626357,35.853486,2020-09-01
1550109500,범어동900,102,0,128.629032,35.853294,2020-09-01
1550109600,범어동614-100,101,1,128.627595,35.85222,2020-09-01
1550109700,범어동360-24,101,0,128.628732,35.851395,2020-09-01
1550109800,범어동900,102,0,128.629632,35.852086,2020-09-01
1550109900,범어동682-18,102,0,128.626882,35.848603,2020-09-01
1550110000,황금동365,101,0,128.630882,35.841462,2020-09-01
1550110100,황금동산143-1,102,0,128.631832,35.84462,2020-09-01
1550110200,대구성동초등학교,101,0,128.632747,35.842105,2020-09-01
1550110300,황금동366,101,0,128.634407,35.842379,2020-09-01
1550110400,황금동162,101,0,128.636207,35.843229,2020-09-01
1550110500,범어동850-20,101,0,128.635594,35.855969,2020-09-01
1550110600,범어동259-11,101,0,128.633994,35.855936,2020-09-01
1550110700,범어동327,101,0,128.637006,35.850878,2020-09-01
1550110800,황금동114-1,102,0,128.635819,35.850195,2020-09-01
1550110900,황금동113,101,0,128.636694,35.850861,2020-09-01
1550111000,범어동314-4,101,0,128.635519,35.850828,2020-09-01
1550111100,황금동99-1,101,0,128.637119,35.848703,2020-09-01
1550111200,황금동100-4,102,0,128.636019,35.848712,2020-09-01
1550111300,범어동77-41,102,0,128.6416,35.854889,2020-09-01
1550111400,수성대학교,102,0,128.648943,35.854961,2020-09-01
1550111500,범어동63-1,102,0,128.642806,35.857944,2020-09-01
1550111600,만촌동1046-10,102,0,128.648468,35.856211,2020-09-01
1550111700,만촌동산207,102,0,128.659154,35.856844,2020-09-01
1550111800,만촌동1316,101,0,128.633069,35.869368,2020-09-01
1550111900,만촌동1316,101,0,128.633557,35.868493,2020-09-01
1550112000,만촌동1356-3,101,0,128.634619,35.871217,2020-09-01
1550112100,만촌동1356-5,101,0,128.636931,35.871842,2020-09-01
1550112200,만촌동1429,101,0,128.637806,35.870884,2020-09-01
1550112300,만촌동1341,102,0,128.636819,35.868534,2020-09-01
1550112400,만촌동1417,102,0,128.639719,35.871909,2020-09-01
1550112500,만촌동615-10,102,0,128.645381,35.871884,2020-09-01
1550112600,만촌동63-3,101,0,128.655655,35.873534,2020-09-01
1550112700,고모동산3-1,102,0,128.672566,35.870201,2020-09-01
1550112800,고모동373-3,102,0,128.675816,35.857611,2020-09-01
1550112900,가천동476-9,102,0,128.683652,35.853945,2020-09-01
1550113000,가천동440-1,102,0,128.68664,35.852853,2020-09-01
1550113100,이천동134-1,102,0,128.665954,35.845696,2020-09-01
1550113200,연호동154-5,101,0,128.676091,35.845321,2020-09-01
1550113300,대흥동868,102,0,128.685986,35.840428,2020-09-01
1550113400,삼덕동865,102,0,128.680815,35.839146,2020-09-01
1550113500,삼덕동106,102,0,128.677978,35.834355,2020-09-01
1550113600,삼덕동860,101,0,128.679003,35.834272,2020-09-01
1550113700,대흥동858-4,101,0,128.681003,35.834122,2020-09-01
1550113800,대흥동859,101,0,128.682778,35.834789,2020-09-01
1550113900,대흥동859,101,0,128.68114,35.83498,2020-09-01
1550114000,삼덕동855-10,101,0,128.679415,35.835055,2020-09-01
1550114100,대흥동863,101,0,128.681453,35.836647,2020-09-01
1550114200,대흥동863,101,0,128.68129,35.835772,2020-09-01
1550114300,대흥동854,101,0,128.68294,35.835572,2020-09-01
1550114400,대흥동854,101,0,128.683115,35.836413,2020-09-01
1550114500,대흥동846,101,0,128.681953,35.836572,2020-09-01
1550114600,삼덕동863,101,1,128.681628,35.837405,2020-09-01
1570232000,하산리교차로,101,0,128.400587,35.879015,2020-09-01
1570232100,서재리1068-29,102,0,128.494719,35.867075,2020-09-01
1570232200,서재리1113,101,0,128.491344,35.86635,2020-09-01
1570232300,서재리산39-25,102,0,128.490907,35.866209,2020-09-01
1570232400,서재리1068-17,102,0,128.492369,35.865967,2020-09-01
1570232500,하산리708-5,101,0,128.407467,35.879016,2020-09-01
1570232600,서재리568,102,0,128.496081,35.876749,2020-09-01
1570232700,하산리947-111,101,0,128.407551,35.882156,2020-09-01
1570232800,하산리919-1,101,0,128.401968,35.878986,2020-09-01
1570232900,묘리산50,102,0,128.416275,35.908487,2020-09-01
1570233000,고봉리446-1,101,0,128.434781,35.651933,2020-09-01
1570233100,속성변화점,103,0,128.372869,35.700418,2020-09-01
1570233300,징리709-1,101,0,128.377793,35.668014,2020-09-01
1570233400,수리리1217,101,0,128.386343,35.666864,2020-09-01
1570233500,현내리990-2,101,0,128.441623,35.900488,2020-09-01
1570233600,현내리806-19,101,0,128.438336,35.898905,2020-09-01
1570233700,오산리10-1,101,0,128.418215,35.689453,2020-09-01
1570233800,원교리910-1,102,0,128.419065,35.691211,2020-09-01
1570233900,원교리897-5,101,0,128.414615,35.692103,2020-09-01
1570234000,오산리514-2,101,0,128.405016,35.693011,2020-09-01
1570234100,현내리704-2,101,0,128.441111,35.902113,2020-09-01
1570234200,현내리895-6,101,1,128.443847,35.901029,2020-09-01
1570234300,현내리906,102,0,128.444298,35.900021,2020-09-01
1570234400,속성변화점,103,0,128.459749,35.680163,2020-09-01
1570234500,속성변화점,103,0,128.461311,35.683312,2020-09-01
1570234600,상리970,101,0,128.460186,35.687045,2020-09-01
1570234700,중리546,101,0,128.451084,35.688491,2020-09-01
1570234800,중리506-3,101,1,128.455311,35.689803,2020-09-01
1570234900,중리506,101,0,128.455736,35.691387,2020-09-01
1570235000,중리652,101,1,128.457086,35.691787,2020-09-01
1570235100,봉리652,101,1,128.458489,35.691776,2020-09-01
1570235200,봉리620,101,0,128.460848,35.691812,2020-09-01
1570235300,봉리620,101,1,128.462098,35.691812,2020-09-01
1570235400,중리507-1,101,0,128.454712,35.689787,2020-09-01
1570235500,중리543,101,0,128.455374,35.691695,2020-09-01
1570235600,중리494-2,101,0,128.454737,35.692236,2020-09-01
1570235700,중리649,101,0,128.457086,35.692228,2020-09-01
1570235800,죽곡리152,101,0,128.461222,35.857826,2020-09-01
1570235900,봉리620,101,0,128.460836,35.692236,2020-09-01
1570236000,대구죽곡초등학교,101,0,128.462309,35.855626,2020-09-01
1570236100,죽곡리373,101,0,128.463584,35.855201,2020-09-01
1570236200,봉리619,101,0,128.460836,35.692986,2020-09-01
1570236300,죽곡리815,102,0,128.465971,35.854652,2020-09-01
1570236400,봉리620,101,0,128.462098,35.692253,2020-09-01
1570236500,대구죽곡초등학교,101,0,128.463634,35.856968,2020-09-01
1570236600,봉리649,101,0,128.458461,35.692253,2020-09-01
1570236700,봉리602,101,0,128.460836,35.69507,2020-09-01
1570236800,봉리602,101,0,128.460036,35.695061,2020-09-01
1570236900,죽곡리210,101,0,128.463659,35.857626,2020-09-01
1570237000,죽곡리808-5,101,0,128.464659,35.857218,2020-09-01
1570237100,중리529,101,0,128.454536,35.697453,2020-09-01
1570237200,대실역(대구2호선),102,0,128.464921,35.85746,2020-09-01
1570237300,중리461-5,101,1,128.454236,35.698252,2020-09-01
1570237400,죽곡리811-1,101,0,128.464247,35.856826,2020-09-01
1570237500,죽곡리823-6,101,0,128.468359,35.85226,2020-09-01
1570237600,죽곡리822-1,101,0,128.467046,35.852269,2020-09-01
1570237700,대구대실초등학교,102,0,128.468459,35.853568,2020-09-01
1570237800,죽곡리826-6,101,0,128.468284,35.851227,2020-09-01
1570237900,죽곡리827-6,101,0,128.468259,35.850777,2020-09-01
1570238000,죽곡리828-6,101,1,128.468221,35.850352,2020-09-01
1570238100,죽곡리822-1,101,0,128.467046,35.851994,2020-09-01
1570238200,죽곡리822,101,0,128.467046,35.851244,2020-09-01
1570238300,죽곡리822,101,0,128.467046,35.850794,2020-09-01
1570238400,죽곡리822,101,0,128.467034,35.850369,2020-09-01
1570238500,죽곡리826-4,101,0,128.467946,35.851235,2020-09-01
1570238600,죽곡리824-4,101,0,128.467971,35.851985,2020-09-01
1570238700,죽곡리853-8,101,0,128.466259,35.849694,2020-09-01
1570238800,죽곡리852-1,101,0,128.465771,35.849685,2020-09-01
1570238900,죽곡리850-1,102,0,128.465484,35.849677,2020-09-01
1570239000,죽곡리855-1,101,0,128.466734,35.849702,2020-09-01
1570239100,죽곡리858-1,101,0,128.467796,35.849177,2020-09-01
1570239200,죽곡리산1,101,0,128.466984,35.849169,2020-09-01
1570239300,죽곡리산9,101,0,128.466271,35.849161,2020-09-01
1570239400,죽곡리산2-1,101,0,128.467934,35.848011,2020-09-01
1570239500,죽곡리572-1,101,0,128.468271,35.847611,2020-09-01
1570239600,죽곡리724-12,101,0,128.465684,35.843128,2020-09-01
1570239700,죽곡리765-10,102,0,128.463872,35.842803,2020-09-01
1570239800,죽곡리806,102,0,128.465797,35.841103,2020-09-01
1570239900,세천리1689-2,101,0,128.473208,35.872816,2020-09-01
1570240000,세천리1709,101,0,128.473046,35.872275,2020-09-01
1570240100,세천리1709,101,0,128.473221,35.871558,2020-09-01
1570240200,세천리1709,101,0,128.473521,35.870483,2020-09-01
1570240300,세천리1709,101,0,128.473646,35.870042,2020-09-01
1570240400,세천리1606-15,101,0,128.47492,35.870283,2020-09-01
1570240500,세천리1606-5,101,0,128.474895,35.870475,2020-09-01
1570240600,세천리1605-8,101,0,128.474858,35.870883,2020-09-01
1570240700,세천리1603-2,101,0,128.474758,35.871783,2020-09-01
1570240800,세천리1645,101,0,128.474695,35.872316,2020-09-01
1570240900,세천리1599-3,101,0,128.47462,35.873,2020-09-01
1570241000,세천리1605-1,101,0,128.474133,35.870891,2020-09-01
1570241100,세천리1709,101,0,128.473408,35.870891,2020-09-01
1570241200,세천리1603-1,101,0,128.474408,35.871791,2020-09-01
1570241300,세천리1600-6,101,0,128.473858,35.871808,2020-09-01
1570241400,세천리1696-2,101,0,128.477045,35.872708,2020-09-01
1570241500,세천리1637,101,0,128.47642,35.873291,2020-09-01
1570241600,세천리1636,101,0,128.476752,35.873753,2020-09-01
1570241700,세천리1725,101,0,128.472821,35.876774,2020-09-01
1570241800,세천리1725,101,0,128.473096,35.874883,2020-09-01
1570241900,음리594-1,102,0,128.476447,35.692045,2020-09-01
1570242000,음리115,101,0,128.482509,35.697194,2020-09-01
1570242100,유산리산21-45,102,0,128.434814,35.629168,2020-09-01
1570242200,유산리102-1,101,0,128.430189,35.622519,2020-09-01
1570242300,목단리산43,102,0,128.411141,35.617936,2020-09-01
1570242400,유산리518,101,0,128.42274,35.628568,2020-09-01
1570242500,목단리158-5,102,0,128.419103,35.622961,2020-09-01
1570242600,유산리262,101,0,128.429139,35.626985,2020-09-01
1570242700,평촌리460-1,102,0,128.447288,35.645067,2020-09-01
1570242800,예현리771-6,101,0,128.427527,35.633385,2020-09-01
1570242900,금포리1468-3,101,0,128.426438,35.771594,2020-09-01
1570243000,금포리1601-2,101,0,128.426751,35.771186,2020-09-01
1570243100,금포리1601-3,101,0,128.427013,35.770819,2020-09-01
1570243200,금포리1627-1,101,0,128.427276,35.770494,2020-09-01
1570243300,금포리1625-1,101,0,128.427538,35.770161,2020-09-01
1570243400,금포리1596,101,0,128.426538,35.769661,2020-09-01
1570243500,금포리1594-2,101,0,128.426288,35.769994,2020-09-01
1570243600,금포리1593-8,101,0,128.426026,35.770302,2020-09-01
1570243700,금포리1587,101,0,128.425726,35.770644,2020-09-01
1570243800,금포리1582,101,0,128.425388,35.771036,2020-09-01
1570243900,금포리1579-4,101,0,128.425051,35.771436,2020-09-01
1570244000,금포리1445-2,101,0,128.426638,35.772127,2020-09-01
1570244100,금포리1604-4,101,0,128.427413,35.771027,2020-09-01
1570244200,금포초등학교,101,0,128.425351,35.773777,2020-09-01
3600238300,신상리689,101,0,128.81969,35.876018,2020-09-01
3600238400,신상리689,101,0,128.820465,35.876285,2020-09-01
3610008302,둔산교(남측),104,0,,,2025-01-15
3610142002,경북대학교자연사박물관,102,0,128.595553,37.022439,2025-01-15
3610004902,군위IC,106,1,128.576301,37.097302,2025-01-15
3610007515,대북리산92-6,101,0,128.573352,37.153456,2025-01-15
3610137701,서부리161-1,102,0,128.583762,37.131958,2025-01-15
3610131402,내량리648-2,102,0,128.558603,37.147368,2025-01-15
3610001118,거매리230-3,101,0,128.617866,37.045682,2025-01-15
3610134602,내리리973-4,102,0,128.581854,37.058911,2025-01-15
3610001637,중구리726-1,101,0,128.60879,37.052044,2025-01-15
3610005603,군위IC앞,101,1,128.581923,37.102626,2025-01-15
3610006412,사직교,101,0,128.581927,37.132581,2025-01-15
3610145500,남천3교(남측),104,0,128.684202,36.990267,2025-01-15
3610150400,상곡교(남측),104,0,128.6165,37.133957,2025-01-15
3610156400,화본교(동측),104,0,128.711944,37.023295,2025-01-15
3610519500,소보면 복성리 848,101,0,128.48953,37.201232,2025-01-15
3610166400,군위읍 동부리 514-3,101,0,128.589026,37.134849,2025-01-15
3610184900,군위읍 동부리 942-2,101,0,128.58677,37.143032,2025-01-15
3610607600,의흥면 읍내리 787-1,101,0,128.738477,37.074425,2025-01-15
3610689400,최소노드배치점,107,0,128.69994,37.012541,2025-01-15
3610699400,최소노드배치점,107,0,128.639239,37.085962,2025-01-15
3610699800,최소노드배치점,107,0,128.460735,37.162397,2025-01-15
3610213200,부계면 신화리 605-7,101,0,128.664679,37.011649,2025-01-15
3610611900,삼국유사면 화수리 1051-5,101,0,128.778718,37.029215,2025-01-15
3610530000,군위읍 대흥리 0-7,101,0,128.557258,37.173865,2025-01-15
3610230200,우보면 달산리 1768,101,0,128.68246,37.038039,2025-01-15
3610616300,의흥면 읍내리 433-9,101,0,128.735122,37.076151,2025-01-15
3610536900,소보면 달산리 1201-2,101,0,128.481615,37.165654,2025-01-15
3610252800,효령면 금매리 1275-1,101,0,128.634031,37.033032,2025-01-15
3610541600,군위읍 대흥리 190-4,101,0,128.558869,37.173095,2025-01-15
3610275400,산성면 화본리 856-1,101,0,128.715473,37.02717,2025-01-15
3610627600,산성면 화본리 1278,101,0,128.733801,37.024265,2025-01-15
3610316900,효령면 중구리 140-7,101,0,128.603451,37.054983,2025-01-15
3610559600,소보면 내의리 996,101,0,128.499442,37.177408,2025-01-15
3610350200,효령면 매곡리 1264-2,101,0,128.612159,36.987226,2025-01-15
3610360100,부계면 동산리 1483-1,101,0,128.6701,36.951537,2025-01-15
3610362600,우보면 나호리 481-4,101,0,128.666874,37.089887,2025-01-15
3610370700,부계면 창평리 1048-1,101,0,128.683831,36.999681,2025-01-15
3610566600,소보면 봉황리 1372-1,101,0,128.521758,37.172987,2025-01-15
3610515800,소보면 사리리 809,101,0,128.486507,37.213672,2025-01-15
3610432800,우보면 미성리 982-3,101,0,128.688307,37.079005,2025-01-15
3610583200,소보면 봉황리 1055,101,0,128.503852,37.167036,2025-01-15
3610459100,최소노드배치점,107,0,128.645488,36.925094,2025-01-15
3610587900,최소노드배치점,107,0,128.467076,37.202015,2025-01-15
3610665800,최소노드배치점,107,0,128.776068,37.018652,2025-01-15
3610474200,최소노드배치점,107,0,128.685123,36.995341,2025-01-15
3610588500,최소노드배치점,107,0,128.582247,37.098234,2025-01-15
3610589100,최소노드배치점,107,0,128.581229,37.147335,2025-01-15
3610484400,최소노드배치점,107,0,128.622611,37.015594,2025-01-15
3610485900,최소노드배치점,107,0,128.641515,37.020152,2025-01-15
3610668300,최소노드배치점,107,0,128.835022,37.054347,2025-01-15
3610508800,최소노드배치점,107,0,128.696428,37.010593,2025-01-15
3610141303,신화수교(북측),104,0,128.774313,37.028053,2025-01-15
3610599600,지호2교(북측),104,0,128.771174,37.066332,2025-01-15
3610134901,거매리487-11,102,0,128.610511,37.052174,2025-01-15
3610004311,간동삼거리,101,0,128.599721,37.081185,2025-01-15
3610157300,광현교(서측),104,0,128.629415,37.140293,2025-01-15
3610131504,내량리20-1,101,0,128.577265,37.147356,2025-01-15
3610003602,의흥면 읍내리 785-20,101,0,128.740245,37.073732,2025-01-15
3610004203,수서리683,101,0,128.705349,37.079643,2025-01-15
3610006617,서부리5-3,101,0,128.586307,37.141836,2025-01-15
3610006618,서부리5-3,101,0,128.586176,37.141862,2025-01-15
3610008208,달산삼거리,101,0,128.486255,37.168244,2025-01-15
3610089302,효령터널(북측),104,0,128.598967,37.050641,2025-01-15
3610002801,효령초등학교,101,0,128.605214,37.05698,2025-01-15
3610004706,백양삼거리,101,0,128.685573,37.092146,2025-01-15
3610135203,장기리89-1,101,0,128.610712,37.040501,2025-01-15
3610090601,속성변화점,103,0,128.499353,37.145041,2025-01-15
3610113504,가호교,101,0,128.684406,36.98772,2025-01-15
3610132601,수서리486-1,101,0,128.576241,37.114278,2025-01-15
3610128602,낙전리730-2,101,0,128.838292,37.098622,2025-01-15
3610090501,서군위IC,106,0,128.498206,37.146258,2025-01-15
3610149500,마시교(북측),104,0,128.653374,37.016033,2025-01-15
3610153300,신화교(북측),104,0,128.66587,37.010304,2025-01-15
3610154300,동천교(동측),104,0,128.588767,37.141744,2025-01-15
3610168200,효령면 매곡리 936-1,101,0,128.607723,36.991596,2025-01-15
3610523100,군위읍 수서리 1556-6,101,0,128.564819,37.083712,2025-01-15
3610682000,최소노드배치점,107,0,128.760264,37.050321,2025-01-15
3610690200,최소노드배치점,107,0,128.710881,37.076621,2025-01-15
3610200600,우보면 이화리 577-11,101,0,128.692098,37.083631,2025-01-15
3610608400,의흥면 수북리 1380-1,101,0,128.725244,37.073961,2025-01-15
3610615200,의흥면 연계리 166-5,101,0,128.772701,37.055215,2025-01-15
3610233200,부계면 동산리 1723-1,101,0,128.671413,36.95006,2025-01-15
3610536100,소보면 봉황리 309-1,101,0,128.524755,37.174947,2025-01-15
3610619400,의흥면 이지리 1600,101,0,128.727815,37.066274,2025-01-15
3610540500,군위읍 서부리 555-5,101,0,128.58471,37.133728,2025-01-15
3610279700,부계면 동산리 1533-7,101,0,128.667255,36.949869,2025-01-15
3610279800,효령면 오천리 34-2,101,0,128.630933,37.090969,2025-01-15
3610280200,군위읍 하곡리 116-2,101,0,128.611022,37.132051,2025-01-15
3610285000,효령면 오천리 557-1,101,0,128.623106,37.088156,2025-01-15
3610287800,효령면 거매리 579-66,101,0,128.609467,37.041832,2025-01-15
3610296600,효령면 중구리 266,101,0,128.604591,37.056983,2025-01-15
3610548200,소보면 봉황리 1294-2,101,0,128.504865,37.17124,2025-01-15
3610301900,효령면 금매리 741,101,0,128.625887,37.037773,2025-01-15
3610355400,효령면 금매리 1276-21,101,0,128.633643,37.033225,2025-01-15
3610643000,의흥면 읍내리 787-1,101,0,128.738162,37.074583,2025-01-15
3610569700,군위읍 사직리 226,101,0,128.575098,37.130592,2025-01-15
3610570500,소보면 신계리 432-8,101,0,128.498799,37.147585,2025-01-15
3610572200,소보면 서경리 720-2,101,0,128.504143,37.140846,2025-01-15
3610572900,소보면 달산리 698-5,101,0,128.468619,37.159809,2025-01-15
3610646200,의흥면 연계리 1159-28,101,0,128.76965,37.062113,2025-01-15
3610425400,부계면 남산리 산109-1,101,0,128.652681,36.930441,2025-01-15
3610431000,우보면 이화리 1479-2,101,0,128.679891,37.095129,2025-01-15
3610583900,소보면 신계리 432-23,101,0,128.495997,37.15003,2025-01-15
3610584500,소보면 봉황리 산128-3,101,0,128.532076,37.170839,2025-01-15
3610663500,최소노드배치점,107,0,128.812761,37.053472,2025-01-15
3610462000,최소노드배치점,107,0,128.661142,36.941244,2025-01-15
3610462200,최소노드배치점,107,0,128.66054,36.94464,2025-01-15
3610665200,최소노드배치점,107,0,128.729277,36.974044,2025-01-15
3610516500,최소노드배치점,107,0,128.470641,37.203033,2025-01-15
3610472500,최소노드배치점,107,0,128.596814,37.068174,2025-01-15
3610474800,최소노드배치점,107,0,128.672849,37.094231,2025-01-15
3610589200,최소노드배치점,107,0,128.576511,37.139375,2025-01-15
3610483500,최소노드배치점,107,0,128.65176,36.931773,2025-01-15
3610496500,최소노드배치점,107,0,128.677189,37.031567,2025-01-15
3610497700,최소노드배치점,107,0,128.693388,37.056248,2025-01-15
3610131201,상곡리784,102,0,128.624202,37.148959,2025-01-15
3610004501,이화리1710,101,0,128.692898,37.087108,2025-01-15
3610000405,동산리1579-3,101,0,128.665504,36.950703,2025-01-15
3610002204,화수리1275,101,0,128.771181,37.036402,2025-01-15
3610003403,가암삼거리,101,0,128.862239,37.071488,2025-01-15
3610089402,효령터널(남측),104,0,128.607562,37.045103,2025-01-15
3610133001,수서리1660,101,0,128.57744,37.112559,2025-01-15
3610133002,수서리1660,101,0,128.577504,37.112458,2025-01-15
3610006527,군위신문사,101,0,128.588048,37.136904,2025-01-15
3610135703,마시리1199-3,101,0,128.621783,37.01344,2025-01-15
3610135603,마시리산131-3,101,0,128.621648,37.013138,2025-01-15
3610001706,화북리30-6,101,0,128.813834,37.021962,2025-01-15
3610001710,삼국유사면사무소,101,0,128.815355,37.024909,2025-01-15
3610136201,고곡리1409-4,101,0,128.602716,36.995924,2025-01-15
3610136904,이화리1230-2,101,0,128.68467,37.094962,2025-01-15
3610008402,봉황교(동측),104,0,128.533549,37.169167,2025-01-15
3610006231,동부리517,101,0,128.589874,37.13471,2025-01-15
3610601700,의흥면 수북리 918-3,101,0,128.721365,37.08012,2025-01-15
3610522400,소보면 신계리 506,101,0,128.497897,37.141687,2025-01-15
3610605700,의흥면 연계리 1181-12,101,0,128.767525,37.064262,2025-01-15
3610207000,효령면 장기리 912-1,101,0,128.601056,37.020184,2025-01-15
3610528400,군위읍 대흥리 338-7,101,0,128.552624,37.177616,2025-01-15
3610237600,군위읍 동부리 948-1,101,0,128.590773,37.141644,2025-01-15
3610239500,효령면 마시리 1181,101,0,128.63709,37.016506,2025-01-15
3610242000,삼국유사면 낙전리 510,101,0,128.841807,37.094396,2025-01-15
3610538300,군위읍 서부리 255-1,101,0,128.583989,37.136861,2025-01-15
3610279400,부계면 남산리 산143-3,101,0,128.643716,36.93254,2025-01-15
3610625300,삼국유사면 화북리 1127-38,101,0,128.791421,37.019558,2025-01-15
3610295700,효령면 고곡리 1408-128,101,0,128.595543,37.011125,2025-01-15
3610548000,소보면 내의리 649-1,101,0,128.509544,37.180379,2025-01-15
3610548800,소보면 도산리 1287-5,101,0,128.477076,37.138977,2025-01-15
3610554500,소보면 내의리 289-1,101,0,128.514875,37.177061,2025-01-15
3610561000,군위읍 대북리 산92-7,101,0,128.572666,37.154136,2025-01-15
3610573200,소보면 봉황리 1232-3,101,0,128.505413,37.172085,2025-01-15
3610579000,소보면 도산리 1289,101,0,128.489128,37.138947,2025-01-15
3610656900,의흥면 읍내리 263-2,101,0,128.737611,37.07496,2025-01-15
3610658400,삼국유사면 학암리 454-1,101,0,128.900942,37.065245,2025-01-15
3610662500,최소노드배치점,107,0,128.824837,37.0431,2025-01-15
3610586500,최소노드배치점,107,0,128.563211,37.140987,2025-01-15
3610664400,최소노드배치점,107,0,128.810636,37.022021,2025-01-15
3610669000,최소노드배치점,107,0,128.760563,37.055616,2025-01-15
3610592700,최소노드배치점,107,0,128.49511,37.141189,2025-01-15
3610596600,최소노드배치점,107,0,128.545308,37.180082,2025-01-15
3610141405,화수리973-1,101,0,128.772219,37.030722,2025-01-15
3610000102,금성한티휴게소,101,0,128.649722,36.920979,2025-01-15
3610002002,화수삼거리,101,0,128.775641,37.026544,2025-01-15
3610006612,대구지방법원의성지원군위군법원,101,0,128.586736,37.141774,2025-01-15
3610136601,서부리364-10,101,0,128.584369,37.136937,2025-01-15
3610002212,연계리622-2,101,0,128.768732,37.063025,2025-01-15
3610007523,외량리905-10,101,0,128.56293,37.16194,2025-01-15
3610112403,현창교차로,101,0,128.675512,36.979173,2025-01-15
3610006539,서부리555-5,101,0,128.585625,37.138141,2025-01-15
3610006540,서부리555-5,101,0,128.585496,37.138173,2025-01-15
3610065604,화수교차로,101,0,128.773294,37.014316,2025-01-15
3610137804,군위일보,101,0,128.586379,37.13114,2025-01-15
3610112301,남천1교(서측),104,0,128.673549,36.953788,2025-01-15
3610006212,동부리875,101,0,128.585962,37.124914,2025-01-15
3610090302,서군위하이패스IC,106,0,128.495245,37.148215,2025-01-15
3610686800,최소노드배치점,107,0,128.567164,37.143284,2025-01-15
3610689700,최소노드배치점,107,0,128.725972,36.975353,2025-01-15
3610698300,최소노드배치점,107,0,128.729184,37.044621,2025-01-15
3610527300,소보면 송원리 1110,101,0,128.493183,37.155281,2025-01-15
3610533300,효령면 내리리 643,101,0,128.582995,37.059308,2025-01-15
3610228400,우보면 이화리 521-4,101,0,128.692454,37.084349,2025-01-15
3610262200,군위읍 하곡리 680-2,101,0,128.60431,37.135903,2025-01-15
3610263900,효령면 금매리 1295-7,101,0,128.635136,37.0325,2025-01-15
3610540700,소보면 달산리 717-8,101,0,128.471196,37.159435,2025-01-15
3610551600,소보면 달산리 산63-2,101,0,128.441242,37.168556,2025-01-15
3610355000,효령면 매곡리 374-3,101,0,128.617692,36.982926,2025-01-15
3610563300,소보면 내의리 1316-3,101,0,128.494544,37.174098,2025-01-15
3610357500,군위읍 동부리 807-1,101,0,128.587118,37.129229,2025-01-15
3610638400,의흥면 읍내리 784-15,101,0,128.731886,37.072953,2025-01-15
3610639500,부계면 창평리 136-7,101,0,128.717768,36.984192,2025-01-15
3610366700,군위읍 동부리 558-1,101,0,128.588167,37.136207,2025-01-15
3610568600,소보면 달산리 376-2,101,0,128.4774,37.160318,2025-01-15
3610572600,소보면 내의리 618-1,101,0,128.507684,37.180555,2025-01-15
3610391800,효령면 거매리 219-2,101,0,128.616703,37.045139,2025-01-15
3610399900,효령면 성리 894,101,0,128.615438,37.082251,2025-01-15
3610579500,군위읍 내량리 1344-7,101,0,128.570408,37.146381,2025-01-15
3610439500,효령면 고곡리 902-1,101,0,128.599923,36.99789,2025-01-15
3610585600,최소노드배치점,107,0,128.455693,37.135107,2025-01-15
3610662900,최소노드배치점,107,0,128.814763,37.042468,2025-01-15
3610471400,최소노드배치점,107,0,128.58964,37.088983,2025-01-15
3610668200,최소노드배치점,107,0,128.834524,37.020176,2025-01-15
3610486600,최소노드배치점,107,0,128.657474,37.085503,2025-01-15
3610670100,최소노드배치점,107,0,128.748634,37.03304,2025-01-15
3610493400,최소노드배치점,107,0,128.707788,37.015901,2025-01-15
3610496600,최소노드배치점,107,0,128.681538,37.051084,2025-01-15
3610597800,최소노드배치점,107,0,128.565772,37.065069,2025-01-15
3610004314,간동삼거리,101,0,128.602572,37.081492,2025-01-15
3610135802,속성변화점,103,0,128.620434,37.014799,2025-01-15
3610138303,동부리964-10,101,0,128.586931,37.13856,2025-01-15
3610008105,봉황리947-12,101,0,128.510367,37.163818,2025-01-15
3610133003,수서리1660,101,0,128.577364,37.112439,2025-01-15
3610133901,무성리1072-2,101,0,128.583886,37.089931,2025-01-15
3610137404,서부리114-2,101,0,128.586699,37.133323,2025-01-15
3610008203,달산삼거리,101,0,128.486439,37.168204,2025-01-15
3610131801,군위종합운동장,102,0,128.575051,37.148807,2025-01-15
3610132602,수서리486-1,101,0,128.576132,37.114214,2025-01-15
3610128604,낙전리730-2,101,0,128.838083,37.098683,2025-01-15
3610129703,금양삼거리,101,0,128.767207,37.038351,2025-01-15
3610598100,파전교(서측),104,0,128.759476,37.073146,2025-01-15
3610517900,도산2교(서측),104,0,128.462164,37.13448,2025-01-15
3610675100,최소노드배치점,107,0,128.698738,37.061767,2025-01-15
3610676500,최소노드배치점,107,0,128.539365,37.119027,2025-01-15
3610676900,최소노드배치점,107,0,128.527512,37.127826,2025-01-15
3610691800,최소노드배치점,107,0,128.506766,37.165438,2025-01-15
3610696200,최소노드배치점,107,0,128.613838,37.042527,2025-01-15
3610235900,효령면 장기리 1046,101,0,128.61399,37.042484,2025-01-15
3610240400,효령면 화계리 159-1,101,0,128.673483,37.026321,2025-01-15
3610618700,산성면 무암리 1037-78,101,0,128.724421,37.008,2025-01-15
3610542500,군위읍 수서리 791-1,101,0,128.559717,37.114437,2025-01-15
3610299100,의흥면 수서리 583-7,101,0,128.713741,37.080342,2025-01-15
3610300600,삼국유사면 낙전리 산90-1,101,0,128.837684,37.099538,2025-01-15
3610301700,부계면 창평리 1345-11,101,0,128.684262,36.998668,2025-01-15
3610630100,의흥면 원산리 1319-4,101,0,128.750652,37.064371,2025-01-15
3610550700,소보면 신계리 112-5,101,0,128.503607,37.14268,2025-01-15
3610315200,효령면 장군리 1078-1,101,0,128.595337,37.02081,2025-01-15
3610332500,부계면 남산리 508-2,101,0,128.655628,36.948066,2025-01-15
3610337000,부계면 남산리 499-2,101,0,128.658557,36.947003,2025-01-15
3610563900,소보면 산법리 산46-9,101,0,128.547562,37.118044,2025-01-15
3610373900,부계면 남산리 317-7,101,0,128.662404,36.948983,2025-01-15
3610643300,의흥면 지호리 1301-1,101,0,128.782309,37.069812,2025-01-15
3610381400,군위읍 동부리 948-1,101,0,128.590473,37.138616,2025-01-15
3610388500,효령면 화계리 1373-17,101,0,128.659957,37.016991,2025-01-15
3610647200,의흥면 이지리 1599,101,0,128.728366,37.068312,2025-01-15
3610395700,효령면 노행리 378-5,101,0,128.646532,37.110209,2025-01-15
3610648800,의흥면 연계리 578-3,101,0,128.76942,37.06343,2025-01-15
3610579600,군위읍 수서리 7-2,101,0,128.577476,37.115325,2025-01-15
3610435200,우보면 문덕리 385-1,101,0,128.710393,37.045394,2025-01-15
3610437900,우보면 문덕리 24-4,101,0,128.716102,37.03522,2025-01-15
3610440800,우보면 미성리 339-19,101,0,128.691708,37.071116,2025-01-15
3610456000,최소노드배치점,107,0,128.677832,36.964908,2025-01-15
3610459300,최소노드배치점,107,0,128.836523,37.101772,2025-01-15
3610663600,최소노드배치점,107,0,128.812636,37.053514,2025-01-15
3610478100,최소노드배치점,107,0,128.610441,37.046301,2025-01-15
3610589800,최소노드배치점,107,0,128.523343,37.131138,2025-01-15
3610591200,최소노드배치점,107,0,128.573379,37.09089,2025-01-15
3610482900,최소노드배치점,107,0,128.681768,37.092369,2025-01-15
3610483700,최소노드배치점,107,0,128.648016,36.930042,2025-01-15
3610670600,최소노드배치점,107,0,128.756338,37.034184,2025-01-15
3610496200,최소노드배치점,107,0,128.676565,37.028286,2025-01-15
3610509500,최소노드배치점,107,0,128.714126,37.016923,2025-01-15
3610006510,군위국민체육센터,101,0,128.591648,37.13865,2025-01-15
3610137604,서부리558,101,0,128.585264,37.132691,2025-01-15
3610138301,동부리964-10,101,0,128.586989,37.1387,2025-01-15
3610112602,춘산리133-1,101,0,128.67694,36.978994,2025-01-15
3610130302,부계교차로,101,0,128.684989,36.999378,2025-01-15
3610001302,화본사거리,101,0,128.714424,37.023141,2025-01-15
3610006004,군위읍 금구리 616,101,0,128.583801,37.116965,2025-01-15
3610128401,용아교(북측),104,0,128.82211,37.039381,2025-01-15
3610129802,원산리1313-49,102,0,128.73814,37.07189,2025-01-15
3610136004,고곡리1408-135,101,0,128.596058,37.01261,2025-01-15
3610004708,백양삼거리,101,0,128.685387,37.092196,2025-01-15
3610006211,동부리678-5,101,0,128.587372,37.130077,2025-01-15
3610135602,마시리산131-3,101,0,128.621776,37.013104,2025-01-15
3610134804,중구리17-10,101,0,128.609625,37.052819,2025-01-15
3610008902,보현2리마을회관,101,0,128.44728,37.197222,2025-01-15
3610001634,중구리726-1,101,0,128.608886,37.051968,2025-01-15
3610089202,중구터널(남측),104,0,128.59748,37.05159,2025-01-15
3610133102,수서리1660,101,0,128.578635,37.1099,2025-01-15
3610112901,대율교차로,101,0,128.678356,36.969407,2025-01-15
3610143700,갈뫼교(서측),104,0,128.608367,37.044583,2025-01-15
3610193900,우보면 이화리 766-7,101,0,128.689125,37.090853,2025-01-15
3610678300,최소노드배치점,107,0,128.675811,37.053994,2025-01-15
3610694200,최소노드배치점,107,0,128.627713,37.128392,2025-01-15
3610697800,최소노드배치점,107,0,128.751725,37.07361,2025-01-15
3610203900,효령면 고곡리 1408-118,101,0,128.59918,37.001079,2025-01-15
3610613000,의흥면 읍내리 226-4,101,0,128.739166,37.074126,2025-01-15
3610616500,삼국유사면 화북리 147-14,101,0,128.806472,37.022896,2025-01-15
3610258900,우보면 봉산리 1428,101,0,128.65649,37.073252,2025-01-15
3610620800,의흥면 지호리 1187-5,101,0,128.783195,37.069978,2025-01-15
3610542100,소보면 내의리 1325,101,0,128.493467,37.172872,2025-01-15
3610543800,군위읍 서부리 161-1,101,0,128.58403,37.133091,2025-01-15
3610631600,의흥면 수서리 399-3,101,0,128.72331,37.073987,2025-01-15
3610557300,소보면 복성리 273-3,101,0,128.491475,37.198571,2025-01-15
3610342500,우보면 달산리 860-1,101,0,128.669263,37.061269,2025-01-15
3610344200,군위읍 동부리 405-7,101,0,128.587493,37.13787,2025-01-15
3610344700,부계면 대율리 1357-7,101,0,128.674772,36.962061,2025-01-15
3610367000,우보면 두북리 산12-1,101,0,128.675545,37.112067,2025-01-15
3610566100,군위읍 외량리 930,101,0,128.553115,37.155439,2025-01-15
3610642200,산성면 삼산리 1069-43,101,0,128.726617,36.994781,2025-01-15
3610382800,의흥면 수북리 1212-1,101,0,128.724421,37.093198,2025-01-15
3610581500,군위읍 서부리 161-1,101,0,128.58436,37.132167,2025-01-15
3610459200,최소노드배치점,107,0,128.836397,37.101733,2025-01-15
3610663000,최소노드배치점,107,0,128.81464,37.042422,2025-01-15
3610466900,최소노드배치점,107,0,128.677622,36.957038,2025-01-15
3610667300,최소노드배치점,107,0,128.826643,37.023612,2025-01-15
3610592300,최소노드배치점,107,0,128.486236,37.171541,2025-01-15
3610593300,최소노드배치점,107,0,128.465404,37.184019,2025-01-15
3610671900,최소노드배치점,107,0,128.732846,37.050934,2025-01-15
3610672500,최소노드배치점,107,0,128.802978,37.02501,2025-01-15
3610089702,동군위IC,106,0,128.680729,36.998652,2025-01-15
3610007104,군위교교차로,101,0,128.58266,37.14716,2025-01-15
3610001009,부계교차로,101,0,128.684632,36.9991,2025-01-15
3610008501,봉황교(서측),104,0,128.532432,37.169873,2025-01-15
3610111204,부계면 남산리 729-5,101,0,128.659061,36.93548,2025-01-15
3610135601,마시리산131-3,101,0,128.621819,37.013206,2025-01-15
3610131302,대북리240-3,102,0,128.580832,37.165773,2025-01-15
3610134702,중구리319-9,102,0,128.601207,37.05527,2025-01-15
3610138102,동부리626-7,102,0,128.587559,37.135113,2025-01-15
3610136903,이화리1230-2,101,0,128.68471,37.094859,2025-01-15
3610129702,금양삼거리,101,0,128.767337,37.038379,2025-01-15
3610137802,군위일보,101,0,128.586564,37.131097,2025-01-15
3610006218,군위팔공신문,101,0,128.588551,37.13326,2025-01-15
3610516900,달산1교(서측),104,0,128.476023,37.157251,2025-01-15
3610148200,대율천교(북측),104,0,128.678128,36.960537,2025-01-15
3610598500,백학교(남측),104,0,128.723415,36.978336,2025-01-15
3610606100,의흥면 수북리 1375-1,101,0,128.720322,37.081176,2025-01-15
3610193400,군위읍 서부리 558,101,0,128.585638,37.132171,2025-01-15
3610690700,최소노드배치점,107,0,128.701309,37.059127,2025-01-15
3610695500,최소노드배치점,107,0,128.448426,37.19915,2025-01-15
3610204200,효령면 성리 910-5,101,0,128.6067,37.082051,2025-01-15
3610609600,삼국유사면 괴산리 131-1,101,0,128.840267,37.015497,2025-01-15
3610614200,의흥면 금양리 439-4,101,0,128.764993,37.042533,2025-01-15
3610223600,효령면 화계리 1373-31,101,0,128.640769,37.022914,2025-01-15
3610223900,효령면 중구리 730-1,101,0,128.605956,37.057182,2025-01-15
3610617600,삼국유사면 석산리 526-13,101,0,128.878126,37.075606,2025-01-15
3610541100,소보면 내의리 996,101,0,128.497724,37.176293,2025-01-15
3610271100,군위읍 정리 255-2,101,0,128.587957,37.145849,2025-01-15
3610513900,소보면 사리리 130-2,101,0,128.482559,37.210408,2025-01-15
3610633100,의흥면 연계리 518-3,101,0,128.765988,37.066223,2025-01-15
3610363100,우보면 모산리 1210-1,101,0,128.703005,37.055184,2025-01-15
3610567500,소보면 내의리 1249-3,101,0,128.49575,37.175266,2025-01-15
3610653200,산성면 삼산리 1069-43,101,0,128.725892,36.993263,2025-01-15
3610418800,부계면 창평리 산220,101,0,128.714668,36.98616,2025-01-15
3610420100,효령면 화계리 1339-4,101,0,128.646225,37.018252,2025-01-15
3610420600,군위읍 동부리 418,101,0,128.58748,37.136815,2025-01-15
3610453400,효령면 매곡리 689-4,101,0,128.610414,36.988542,2025-01-15
3610585800,최소노드배치점,107,0,128.579309,37.10955,2025-01-15
3610663300,최소노드배치점,107,0,128.811501,37.049723,2025-01-15
3610468200,최소노드배치점,107,0,128.682187,36.98454,2025-01-15
3610471100,최소노드배치점,107,0,128.595685,37.084457,2025-01-15
3610667400,최소노드배치점,107,0,128.826711,37.023705,2025-01-15
3610477600,최소노드배치점,107,0,128.602212,37.040388,2025-01-15
3610495200,최소노드배치점,107,0,128.626494,37.137967,2025-01-15
3610671100,최소노드배치점,107,0,128.791663,37.02293,2025-01-15
3610009301,수서교(서측),101,0,128.579369,37.102919,2025-01-15
3610009202,사리2교,101,0,128.484185,37.209406,2025-01-15
3610004402,의흥면 수북리 866-6,101,0,128.720019,37.080342,2025-01-15
3610131001,용대리736,101,0,128.623669,37.129296,2025-01-15
3610131002,용대리736,101,0,128.623735,37.129235,2025-01-15
3610004105,병천교(북측),103,0,128.601539,37.079005,2025-01-15
3610112401,현창교차로,101,0,128.675686,36.979248,2025-01-15
3610000416,동산리1708-4,101,0,128.668057,36.951066,2025-01-15
3610113502,가호교,101,0,128.684505,36.987564,2025-01-15
3610000301,남산리산128-8,101,0,128.647423,36.931351,2025-01-15
3610132401,사리리산60-6,102,0,128.477843,37.218059,2025-01-15
3610136401,속성변화점,103,0,128.604615,36.994943,2025-01-15
3610003903,의흥삼거리,101,0,128.731157,37.07787,2025-01-15
3610089901,동군위IC,106,0,128.68257,36.996552,2025-01-15
3610144300,장기교(서측),104,0,128.61139,37.04278,2025-01-15
3610598200,파전교(서측),104,0,128.7594,37.073056,2025-01-15
3610511900,소보면 사리리 236-2,101,0,128.48554,37.211827,2025-01-15
3610604700,의흥면 연계리 1161,101,0,128.771787,37.067311,2025-01-15
3610695200,최소노드배치점,107,0,128.858811,37.069262,2025-01-15
3610698800,최소노드배치점,107,0,128.599065,37.000992,2025-01-15
3610699700,최소노드배치점,107,0,128.785607,37.07032,2025-01-15
3610223500,효령면 금매리 357-7,101,0,128.637299,37.02822,2025-01-15
3610233400,효령면 노행리 1264,101,0,128.637385,37.102457,2025-01-15
3610233600,군위읍 동부리 403-7,101,0,128.587707,37.138915,2025-01-15
3610238000,군위읍 광현리 58-2,101,0,128.649391,37.147404,2025-01-15
3610536700,소보면 평호리 549,101,0,128.505981,37.131806,2025-01-15
3610336400,효령면 장군리 208-1,101,0,128.59291,37.023345,2025-01-15
3610633400,삼국유사면 화수리 1262,101,0,128.777565,37.02805,2025-01-15
3610635000,의흥면 이지리 561-1,101,0,128.731969,37.053946,2025-01-15
3610357900,우보면 이화리 1230-1,101,0,128.685846,37.097492,2025-01-15
3610368500,군위읍 동부리 825-1,101,0,128.586798,37.128087,2025-01-15
3610577900,소보면 도산리 1287-14,101,0,128.486774,37.139037,2025-01-15
3610578400,군위읍 서부리 390-6,101,0,128.584601,37.137548,2025-01-15
3610424300,삼국유사면 낙전리 118-1,101,0,128.850097,37.090957,2025-01-15
3610472300,최소노드배치점,107,0,128.597874,37.071439,2025-01-15
3610475500,최소노드배치점,107,0,128.59081,37.163875,2025-01-15
3610477500,최소노드배치점,107,0,128.613253,37.016283,2025-01-15
3610479600,최소노드배치점,107,0,128.708285,36.982438,2025-01-15
3610667900,최소노드배치점,107,0,128.816842,37.029118,2025-01-15
3610594900,최소노드배치점,107,0,128.489428,37.196339,2025-01-15
3610004315,간동삼거리,101,0,128.602548,37.081598,2025-01-15
3610007201,군위군-의성군,105,0,128.659037,37.144513,2025-01-15
3610130201,모산리663-4,101,0,128.703227,37.05477,2025-01-15
3610001002,부계교차로,101,0,128.684836,36.999141,2025-01-15
3610004707,백양삼거리,101,0,128.685441,37.092097,2025-01-15
3610006530,군위초등학교,101,0,128.586052,37.13925,2025-01-15
3610137301,서부리555-5,101,0,128.584847,37.133491,2025-01-15
3610130704,봉산리1441,101,0,128.644996,37.080108,2025-01-15
3610133401,수서리1660,101,0,128.574667,37.112325,2025-01-15
3610005009,선곡리880-1,101,0,128.691743,37.103154,2025-01-15
3610008110,송원리1062-7,101,0,128.498429,37.158541,2025-01-15
3610132502,수서리428-1,101,0,128.574383,37.113474,2025-01-15
3610007002,서군위IC교차로,106,1,128.500827,37.144305,2025-01-15
3610005602,군위IC앞,101,0,128.582058,37.10262,2025-01-15
3610143900,갈뫼교(동측),104,0,128.609373,37.043934,2025-01-15
3610154400,동천교(동측),104,0,128.588761,37.141852,2025-01-15
3610600200,고로2교(동측),104,0,128.840025,37.058077,2025-01-15
3610521500,소보면 복성리 348-4,101,0,128.490735,37.200453,2025-01-15
3610604500,삼국유사면 학암리 661-1,101,0,128.900218,37.065675,2025-01-15
3610138601,서부리489-1,101,0,128.58414,37.140442,2025-01-15
3610003902,의흥삼거리,101,0,128.731283,37.077827,2025-01-15
3610006543,동부사거리,101,1,128.591521,37.136987,2025-01-15
3610153000,남산교(동측),104,0,128.659776,36.932421,2025-01-15
3610603700,의흥면 연계리 417-3,101,0,128.773811,37.068371,2025-01-15
3610673500,최소노드배치점,107,0,128.531659,37.122828,2025-01-15
3610689000,최소노드배치점,107,0,128.620467,37.047382,2025-01-15
3610695700,최소노드배치점,107,0,128.656035,37.144098,2025-01-15
3610610300,의흥면 이지리 331-1,101,0,128.727894,37.065206,2025-01-15
3610233700,군위읍 동부리 403-7,101,0,128.587733,37.138808,2025-01-15
3610266800,우보면 달산리 산373,101,0,128.681115,37.032664,2025-01-15
3610623000,산성면 화본리 46-2,101,0,128.740223,37.024017,2025-01-15
3610541900,소보면 도산리 1271,101,0,128.473409,37.137881,2025-01-15
3610279600,부계면 동산리 1739-1,101,0,128.66734,36.949786,2025-01-15
3610282600,효령면 노행리 1290,101,0,128.644486,37.117848,2025-01-15
3610627800,의흥면 읍내리 433-9,101,0,128.734477,37.076469,2025-01-15
3610317700,군위읍 서부리 111-2,101,0,128.585752,37.133422,2025-01-15
3610336800,효령면 불로리 665,101,0,128.585923,37.067669,2025-01-15
3610635600,의흥면 읍내리 429-2,101,0,128.73524,37.07596,2025-01-15
3610359100,부계면 창평리 1415-5,101,0,128.678695,37.004768,2025-01-15
3610515200,소보면 보현리 668-1,101,0,128.474054,37.204461,2025-01-15
3610640900,의흥면 원산리 1360,101,0,128.741009,37.070714,2025-01-15
3610393800,효령면 화계리 1148-10,101,0,128.652737,37.0181,2025-01-15
3610647800,의흥면 매성리 798-3,101,0,128.771384,37.04492,2025-01-15
3610648900,산성면 백학리 531-3,101,0,128.725123,36.975575,2025-01-15
3610587600,최소노드배치점,107,0,128.563357,37.164351,2025-01-15
3610595700,최소노드배치점,107,0,128.450953,37.190698,2025-01-15
3610112801,남천2교(남측),104,0,128.677865,36.9721,2025-01-15
3610139202,군위군청,102,0,128.590495,37.143979,2025-01-15
3610145000,가호교(서측),104,0,128.684958,36.994536,2025-01-15
3610006513,군위국민체육센터,101,1,128.591513,37.138659,2025-01-15
3610145600,남천3교(남측),104,0,128.684314,36.990206,2025-01-15
3610000411,남산1리서원마을회관,101,0,128.66017,36.945869,2025-01-15
3610004603,오천교,101,0,128.624372,37.088414,2025-01-15
3610008006,소보교,101,0,128.492961,37.158243,2025-01-15
3610003502,이지교,101,0,128.729619,37.073182,2025-01-15
3610008201,달산삼거리,101,0,128.486318,37.168253,2025-01-15
3610088002,불로터널(남측),104,0,128.574351,37.070118,2025-01-15
3610511100,사리교(북측),104,0,128.485292,37.211658,2025-01-15
3610135701,마시리1199-3,101,0,128.621903,37.01353,2025-01-15
3610137303,서부리555-5,101,0,128.584784,37.133355,2025-01-15
3610137304,서부리555-5,101,0,128.584722,37.133451,2025-01-15
3610129301,학성리394-8,102,0,128.815284,37.023231,2025-01-15
3610130702,봉산리1441,101,0,128.645226,37.080103,2025-01-15
3610132604,수서리486-1,101,0,128.576148,37.114356,2025-01-15
3610137003,선곡리892-8,101,0,128.68946,37.103383,2025-01-15
3610141605,이화리774-5,101,0,128.690731,37.090025,2025-01-15
3610006229,동부리517,101,1,128.589882,37.134546,2025-01-15
3610150100,상곡교(북측),104,0,128.616251,37.134154,2025-01-15
3610599700,지호2교(남측),104,0,128.771039,37.066016,2025-01-15
3610172000,우보면 이화리 800-1,101,0,128.686766,37.094475,2025-01-15
3610187000,우보면 모산리 492-25,101,0,128.702734,37.057663,2025-01-15
3610693900,최소노드배치점,107,0,128.616482,36.984118,2025-01-15
3610694100,최소노드배치점,107,0,128.643958,37.085808,2025-01-15
3610529000,소보면 송원리 615-4,101,0,128.492747,37.156204,2025-01-15
3610229500,군위읍 하곡리 36-4,101,0,128.616094,37.134949,2025-01-15
3610535400,군위읍 수서리 1270-7,101,0,128.575971,37.098456,2025-01-15
3610262100,군위읍 하곡리 57-2,101,0,128.612459,37.131623,2025-01-15
3610280700,우보면 미성리 982-3,101,0,128.690221,37.077278,2025-01-15
3610296300,효령면 중구리 734,101,0,128.605452,37.056285,2025-01-15
3610547300,소보면 송원리 1076-16,101,0,128.487834,37.169626,2025-01-15
3610553200,소보면 달산리 696-3,101,0,128.469327,37.159448,2025-01-15
3610554100,소보면 평호리 571-1,101,0,128.507487,37.132809,2025-01-15
3610326700,군위읍 동부리 106-2,101,0,128.590556,37.137021,2025-01-15
3610632800,삼국유사면 화수리 915-1,101,0,128.776544,37.02742,2025-01-15
3610558300,군위읍 수서리 1675-7,101,0,128.577382,37.101122,2025-01-15
3610559300,군위읍 대북리 752-4,101,0,128.576275,37.15415,2025-01-15
3610347800,산성면 화본리 812-10,101,0,128.715309,37.029343,2025-01-15
3610560200,소보면 위성리 1234,101,0,128.485758,37.174707,2025-01-15
3610560700,군위읍 외량리 906-2,101,0,128.563153,37.161657,2025-01-15
3610368300,군위읍 동부리 62-1,101,0,128.593576,37.136879,2025-01-15
3610369500,효령면 불로리 657-65,101,0,128.589934,37.067091,2025-01-15
3610566400,소보면 복성리 1094,101,0,128.491384,37.199842,2025-01-15
3610643900,의흥면 수북리 1375-1,101,0,128.721868,37.081736,2025-01-15
3610402400,군위읍 동부리 440-5,101,0,128.58913,37.136957,2025-01-15
3610579300,소보면 봉황리 1232-4,101,0,128.504715,37.170133,2025-01-15
3610580000,군위읍 외량리 362-2,101,0,128.560831,37.163245,2025-01-15
3610664000,최소노드배치점,107,0,128.81311,37.057117,2025-01-15
3610587800,최소노드배치점,107,0,128.46713,37.201916,2025-01-15
3610471600,최소노드배치점,107,0,128.587407,37.008471,2025-01-15
3610475100,최소노드배치점,107,0,128.619838,37.016055,2025-01-15
3610589600,최소노드배치점,107,0,128.527173,37.124702,2025-01-15
3610485500,최소노드배치점,107,0,128.626546,37.033826,2025-01-15
3610488400,최소노드배치점,107,0,128.651643,36.95797,2025-01-15
3610492200,최소노드배치점,107,0,128.641513,36.933648,2025-01-15
3610595500,최소노드배치점,107,0,128.450552,37.187366,2025-01-15
3610505600,최소노드배치점,107,0,128.587301,37.062989,2025-01-15
3610597200,최소노드배치점,107,0,128.537815,37.170811,2025-01-15
3610510300,최소노드배치점,107,0,128.694515,37.009606,2025-01-15
3610004504,이화리1710,101,0,128.692777,37.087054,2025-01-15
3610006604,군위교교차로,101,0,128.582157,37.145404,2025-01-15
3610088902,군위JC,106,0,128.583774,37.05669,2025-01-15
3610002004,화수삼거리,101,0,128.775617,37.026697,2025-01-15
3610134102,무성리1247,102,0,128.579719,37.090233,2025-01-15
3610137102,선곡리928,102,0,128.68912,37.104052,2025-01-15
3610007516,대북리산92-6,101,0,128.573448,37.153529,2025-01-15
3610089002,군위JC,106,0,128.589799,37.056334,2025-01-15
3610139307,정리1157-1,101,0,128.586344,37.146821,2025-01-15
3610141103,화수육교(북측),104,0,128.77717,37.022504,2025-01-15
3610002302,산성면 화전리 1134,101,0,128.71726,37.034123,2025-01-15
3610131101,용대리715,102,0,128.6242,37.126422,2025-01-15
3610139102,동부리288-3,101,0,128.589946,37.143519,2025-01-15
3610087402,군위JC,106,1,128.56587,37.060315,2025-01-15
3610112902,대율교차로,101,1,128.678346,36.9693,2025-01-15
3610154600,우보교(서측),104,0,128.677372,37.093493,2025-01-15
3610520000,군위읍 외량리 산8-5,101,0,128.567364,37.156947,2025-01-15
3610602400,의흥면 연계리 1159-2,101,0,128.771399,37.058464,2025-01-15
3610172300,우보면 이화리 1096-2,101,0,128.687332,37.098447,2025-01-15
3610605000,산성면 화본리 922-2,101,0,128.717503,37.023296,2025-01-15
3610605600,산성면 삼산리 842-1,101,0,128.724609,36.990777,2025-01-15
3610524200,군위읍 내량리 494-1,101,0,128.564094,37.147778,2025-01-15
3610525100,소보면 서경리 760-4,101,0,128.509392,37.134378,2025-01-15
3610674100,최소노드배치점,107,0,128.450448,37.19281,2025-01-15
3610686100,최소노드배치점,107,0,128.639502,37.025249,2025-01-15
3610687200,최소노드배치점,107,0,128.815117,37.027251,2025-01-15
3610690900,최소노드배치점,107,0,128.760727,37.05811,2025-01-15
3610204300,효령면 성리 910-5,101,0,128.606685,37.081943,2025-01-15
3610527800,소보면 보현리 711,101,0,128.446445,37.197309,2025-01-15
3610530100,군위읍 대흥리 185-2,101,0,128.557335,37.173953,2025-01-15
3610533000,소보면 위성리 618,101,0,128.489051,37.187847,2025-01-15
3610535000,소보면 봉황리 946-1,101,0,128.509596,37.164136,2025-01-15
3610616600,삼국유사면 화북리 147-2,101,0,128.806535,37.022992,2025-01-15
3610617700,의흥면 파전리 124-2,101,0,128.762394,37.070675,2025-01-15
3610618300,의흥면 매성리 175-2,101,0,128.77136,37.047152,2025-01-15
3610262800,의흥면 수서리 663-34,101,0,128.717265,37.07402,2025-01-15
3610515500,소보면 사리리 산137,101,0,128.482116,37.210764,2025-01-15
3610577400,소보면 평호리 770-1,101,0,128.504641,37.130873,2025-01-15
3610654800,삼국유사면 학암리 661-3,101,0,128.899931,37.065733,2025-01-15
3610655900,산성면 화본리 53-3,101,0,128.73658,37.024163,2025-01-15
3610425000,효령면 장군리 208-1,101,0,128.592111,37.021103,2025-01-15
3610657500,의흥면 수북리 1381-3,101,0,128.729964,37.07407,2025-01-15
3610434400,효령면 장군리 697-2,101,0,128.589791,37.020697,2025-01-15
3610660400,의흥면 금양리 409-4,101,0,128.764109,37.038204,2025-01-15
3610667600,최소노드배치점,107,0,128.72213,36.975419,2025-01-15
3610498700,최소노드배치점,107,0,128.713904,37.075135,2025-01-15
3610139001,서부리391-2,102,0,128.583088,37.138477,2025-01-15
3610004306,무성리1221,101,1,128.58667,37.09129,2025-01-15
3610004102,간동삼거리,101,0,128.601549,37.079958,2025-01-15
3610065704,화수교차로,101,0,128.773666,37.014167,2025-01-15
3610137603,서부리558,101,0,128.58533,37.132597,2025-01-15
3610139502,정리248-1,102,0,128.588689,37.148063,2025-01-15
3610002702,효령교(북측),103,0,128.60225,37.056464,2025-01-15
3610006407,서부리364-10,101,0,128.581275,37.136989,2025-01-15
3610008004,소보교,101,0,128.493095,37.158135,2025-01-15
3610113204,양지말교차로,101,0,128.682589,36.988906,2025-01-15
3610139302,정리1157-1,101,0,128.58649,37.147036,2025-01-15
3610089102,중구터널(북측),104,0,128.594067,37.053736,2025-01-15
3610133602,수서리701-28,102,0,128.572753,37.108791,2025-01-15
3610005202,군위군-의성군,105,0,128.724578,37.1003,2025-01-15
3610001718,화북3리마을회관,101,0,128.807401,37.022427,2025-01-15
3610004819,호포삼거리,101,0,128.670538,37.09275,2025-01-15
3610139802,사직리20-1,102,0,128.579821,37.125628,2025-01-15
3610006549,동부리170-1,101,0,128.591599,37.139677,2025-01-15
3610006227,동부리666-5,101,0,128.58787,37.131659,2025-01-15
3610002909,불로삼거리,101,1,128.594814,37.065191,2025-01-15
3610143500,교량(북측),104,0,128.659319,36.935923,2025-01-15
3610154500,우보교(서측),104,0,128.677342,37.093387,2025-01-15
3610163800,군위읍 광현리 1153-1,101,0,128.631433,37.142283,2025-01-15
3610602700,산성면 봉림리 1396,101,0,128.735223,36.996448,2025-01-15
3610523300,소보면 서경리 491-3,101,0,128.508745,37.1361,2025-01-15
3610523600,군위읍 대흥리 221-2,101,0,128.560196,37.172344,2025-01-15
3610190100,삼국유사면 낙전리 827-1,101,0,128.829365,37.101424,2025-01-15
3610606900,의흥면 읍내리 476-9,101,0,128.73476,37.07621,2025-01-15
3610675700,최소노드배치점,107,0,128.765666,37.067298,2025-01-15
3610679100,최소노드배치점,107,0,128.83178,37.100869,2025-01-15
3610689500,최소노드배치점,107,0,128.624878,37.135847,2025-01-15
3610525800,군위읍 대북리 684-1,101,0,128.576902,37.159297,2025-01-15
3610224400,우보면 봉산리 1309,101,0,128.637727,37.081733,2025-01-15
3610614700,산성면 삼산리 871-1,101,0,128.724216,36.989436,2025-01-15
3610243400,군위읍 광현리 91-2,101,0,128.65187,37.146824,2025-01-15
3610250300,우보면 달산리 산69-1,101,0,128.684815,37.051876,2025-01-15
3610254000,효령면 성리 76-1,101,0,128.609007,37.081646,2025-01-15
3610541700,소보면 도산리 1289,101,0,128.481793,37.138893,2025-01-15
3610288700,부계면 창평리 1131-2,101,0,128.68513,36.994949,2025-01-15
3610291300,우보면 달산리 286-1,101,0,128.679666,37.043511,2025-01-15
3610628200,삼국유사면 화수리 76-1,101,0,128.777683,37.028156,2025-01-15
3610310400,부계면 동산리 1677,101,0,128.688701,36.940374,2025-01-15
3610325100,부계면 창평리 1441-1,101,0,128.673769,37.006498,2025-01-15
3610349900,효령면 마시리 910-1,101,0,128.635937,37.015234,2025-01-15
3610562200,소보면 송원리 540-25,101,0,128.492881,37.17196,2025-01-15
3610357200,군위읍 정리 227-1,101,0,128.588041,37.147111,2025-01-15
3610639200,삼국유사면 양지리 719-4,101,0,128.842104,37.060797,2025-01-15
3610363000,우보면 모산리 1210-1,101,0,128.702879,37.055146,2025-01-15
3610374000,부계면 남산리 323-4,101,0,128.662331,36.949074,2025-01-15
3610574700,소보면 송원리 724-3,101,0,128.496926,37.157156,2025-01-15
3610575300,군위읍 서부리 288-3,101,0,128.584664,37.134109,2025-01-15
3610576600,소보면 서경리 653-6,101,0,128.505898,37.138785,2025-01-15
3610402100,효령면 병수리 1185-1,101,0,128.62936,37.082933,2025-01-15
3610650800,삼국유사면 양지리 740-6,101,0,128.840312,37.058295,2025-01-15
3610410600,효령면 금매리 357-8,101,0,128.637482,37.028166,2025-01-15
3610411200,우보면 나호리 1288-1,101,0,128.639652,37.085935,2025-01-15
3610415900,부계면 대율리 474-1,101,0,128.676858,36.965904,2025-01-15
3610444600,효령면 장군리 1076-9,101,0,128.587855,37.019977,2025-01-15
3610585400,최소노드배치점,107,0,128.583422,37.11339,2025-01-15
3610461500,최소노드배치점,107,0,128.690309,36.937561,2025-01-15
3610462400,최소노드배치점,107,0,128.662779,36.947567,2025-01-15
3610462800,최소노드배치점,107,0,128.627095,37.052329,2025-01-15
3610664600,최소노드배치점,107,0,128.777312,37.024725,2025-01-15
3610477100,최소노드배치점,107,0,128.597885,37.036356,2025-01-15
3610668000,최소노드배치점,107,0,128.816966,37.029075,2025-01-15
3610505700,최소노드배치점,107,0,128.587433,37.06301,2025-01-15
3610138902,서부리391-2,101,0,128.584876,37.138263,2025-01-15
3610065603,삼국유사교차로,101,0,128.776842,37.0221,2025-01-15
3610111302,둔덕교차로,101,0,128.660677,36.937731,2025-01-15
3610130204,모산리663-4,101,0,128.703079,37.054774,2025-01-15
3610009802,도산1교(북측),104,0,128.468297,37.136216,2025-01-15
3610008804,화실교,101,0,128.481958,37.182907,2025-01-15
3610135902,속성변화점,103,0,128.623464,37.014159,2025-01-15
3610130401,동군위IC교차로,102,0,128.683888,37.000672,2025-01-15
3610134202,무성교(동측),104,0,128.586094,37.091076,2025-01-15
3610137901,동부리967-20,102,0,128.58886,37.131261,2025-01-15
3610128701,낙전리산96-1,102,0,128.836098,37.104135,2025-01-15
3610141505,이화리761-2,101,0,128.687144,37.091551,2025-01-15
3610090004,동군위IC교차로,106,0,128.683209,37.00055,2025-01-15
3610008011,송원삼거리,101,0,128.49288,37.15587,2025-01-15
3610139602,정리242,102,0,128.587927,37.146341,2025-01-15
3610006216,군위팔공신문,101,0,128.588748,37.133302,2025-01-15
3610006548,동부리170-1,101,0,128.591598,37.139568,2025-01-15
3610519400,소보면 달산리 1201-2,101,0,128.481934,37.165925,2025-01-15
3610519600,소보면 복성리 1076-6,101,0,128.489433,37.201157,2025-01-15
3610520700,군위읍 수서리 1474-2,101,0,128.570523,37.087328,2025-01-15
3610177800,우보면 문덕리 353-2,101,0,128.708932,37.047641,2025-01-15
3610196000,우보면 이화리 1023-2,101,0,128.688151,37.098938,2025-01-15
3610696900,최소노드배치점,107,0,128.442665,37.168333,2025-01-15
3610698100,최소노드배치점,107,0,128.483803,37.179668,2025-01-15
3610198900,효령면 중구리 730-1,101,0,128.605305,37.056482,2025-01-15
3610215100,우보면 모산리 1133-149,101,0,128.694092,37.066188,2025-01-15
3610535800,소보면 봉황리 78-3,101,0,128.531336,37.172884,2025-01-15
3610539300,군위읍 수서리 1675-2,101,0,128.577597,37.101079,2025-01-15
3610540200,군위읍 삽령리 61-4,101,0,128.557886,37.164663,2025-01-15
3610624600,의흥면 연계리 150-2,101,0,128.772461,37.056603,2025-01-15
3610301200,군위읍 하곡리 162-2,101,0,128.608894,37.133333,2025-01-15
3610311100,군위읍 정리 302-1,101,0,128.589246,37.144572,2025-01-15
3610315600,효령면 화계리 1123,101,0,128.652104,37.018051,2025-01-15
3610322300,우보면 봉산리 1171,101,0,128.635369,37.082096,2025-01-15
3610338000,효령면 성리 576-2,101,0,128.604914,37.081927,2025-01-15
3610558900,군위읍 외량리 841,101,0,128.552942,37.15182,2025-01-15
3610363700,군위읍 상곡리 784,101,0,128.622213,37.146118,2025-01-15
3610640400,산성면 화전리 산98-9,101,0,128.718601,37.037115,2025-01-15
3610566900,군위읍 대흥리 900-2,101,0,128.550044,37.179468,2025-01-15
3610570000,군위읍 사직리 848-6,101,0,128.578891,37.131981,2025-01-15
3610648400,산성면 화본리 63-2,101,0,128.739127,37.023713,2025-01-15
3610583100,군위읍 정리 1176-7,101,0,128.57945,37.149465,2025-01-15
3610664900,최소노드배치점,107,0,128.772074,37.011251,2025-01-15
3610587400,최소노드배치점,107,0,128.573568,37.058837,2025-01-15
3610666000,최소노드배치점,107,0,128.916832,37.062052,2025-01-15
3610477400,최소노드배치점,107,0,128.613294,37.016386,2025-01-15
3610590100,최소노드배치점,107,0,128.515631,37.134819,2025-01-15
3610671300,최소노드배치점,107,0,128.727613,37.023165,2025-01-15
3610141404,화수리973-1,101,0,128.772317,37.030586,2025-01-15
3610140004,서경리760-4,101,0,128.509034,37.134119,2025-01-15
3610004307,무성리1221,101,0,128.586574,37.091214,2025-01-15
3610007507,정동1교,101,0,128.58042,37.147502,2025-01-15
3610138803,군위초등학교,101,0,128.585476,37.140035,2025-01-15
3610140102,군위군-칠곡군,105,0,128.58373,37.007055,2025-01-15
3610007725,동천교(북측),103,0,128.583412,37.148396,2025-01-15
3610132901,서군교(동측),104,0,128.582601,37.116841,2025-01-15
3610111808,대율리1378-1,101,0,128.67352,36.950731,2025-01-15
3610134801,중구리17-10,101,0,128.609726,37.052747,2025-01-15
3610001712,삼국유사면사무소,101,0,128.815215,37.025008,2025-01-15
3610009601,구미시-군위군,105,0,128.450895,37.134511,2025-01-15
3610132402,사리리산60-6,102,0,128.477721,37.218014,2025-01-15
3610087701,군위JC,106,0,128.569406,37.062152,2025-01-15
3610146400,동군위IC교(남측),104,0,128.680731,36.998112,2025-01-15
3610152700,장기1교(동측),104,0,128.598436,37.020319,2025-01-15
3610599800,지호2교(남측),104,0,128.771174,37.066016,2025-01-15
3610601100,산성면 무암리 582-5,101,0,128.729524,37.005927,2025-01-15
3610520800,소보면 봉황리 1055,101,0,128.503998,37.166856,2025-01-15
3610171900,우보면 봉산리 825-2,101,0,128.645912,37.079634,2025-01-15
3610177500,우보면 문덕리 385-1,101,0,128.710254,37.045819,2025-01-15
3610185200,군위읍 서부리 555-5,101,0,128.585348,37.139404,2025-01-15
3610185600,우보면 두북리 797-7,101,0,128.685584,37.104673,2025-01-15
3610685900,최소노드배치점,107,0,128.713384,37.039619,2025-01-15
3610688600,최소노드배치점,107,0,128.66667,37.089896,2025-01-15
3610691900,최소노드배치점,107,0,128.491322,37.198359,2025-01-15
3610698700,최소노드배치점,107,0,128.735238,37.023774,2025-01-15
3610610500,산성면 무암리 710,101,0,128.726166,37.006943,2025-01-15
3610613100,의흥면 수북리 1369,101,0,128.724478,37.084169,2025-01-15
3610530400,군위읍 대흥리 270-1,101,0,128.555688,37.174744,2025-01-15
3610239700,부계면 동산리 0-14,101,0,128.689556,36.939866,2025-01-15
3610246900,산성면 화본리 1164-1,101,0,128.714519,37.023954,2025-01-15
3610251100,군위읍 동부리 961-1,101,0,128.59032,37.142514,2025-01-15
3610264700,부계면 가호리 1040-2,101,0,128.684572,36.987833,2025-01-15
3610621600,삼국유사면 석산리 926-2,101,0,128.869557,37.073949,2025-01-15
3610269300,군위읍 상곡리 445-3,101,0,128.62393,37.148417,2025-01-15
3610270600,효령면 매곡리 1276-2,101,0,128.609234,36.990108,2025-01-15
3610279300,효령면 장군리 696-1,101,0,128.589989,37.020821,2025-01-15
3610283400,우보면 이화리 991-6,101,0,128.690446,37.100361,2025-01-15
3610290100,효령면 성리 83-1,101,0,128.610376,37.081438,2025-01-15
3610296100,효령면 고곡리 1408-1,101,0,128.604395,36.995135,2025-01-15
3610632000,산성면 운산리 941,101,0,128.719299,37.009828,2025-01-15
3610553100,소보면 달산리 1247,101,0,128.46938,37.159547,2025-01-15
3610329000,효령면 거매리 209,101,0,128.616424,37.04483,2025-01-15
3610329800,효령면 성리 610-3,101,0,128.608093,37.081876,2025-01-15
3610336100,군위읍 서부리 86,101,0,128.585864,37.135365,2025-01-15
3610338900,의흥면 수서리 663-15,101,0,128.708137,37.07813,2025-01-15
3610356500,부계면 신화리 654-3,101,0,128.665584,37.010674,2025-01-15
3610563800,소보면 송원리 0-2,101,0,128.496133,37.15827,2025-01-15
3610640300,산성면 화전리 산98-9,101,0,128.718517,37.037157,2025-01-15
3610641800,삼국유사면 가암리 395-1,101,0,128.863557,37.080775,2025-01-15
3610567300,소보면 도산리 1287-12,101,0,128.483031,37.13901,2025-01-15
3610378600,산성면 운산리 산126-5,101,0,128.699615,37.012659,2025-01-15
3610568400,소보면 산법리 637,101,0,128.529735,37.126191,2025-01-15
3610381800,우보면 이화리 1687,101,0,128.689899,37.097745,2025-01-15
3610397000,부계면 남산리 산125-1,101,0,128.649026,36.929994,2025-01-15
3610658200,산성면 무암리 1037-1,101,0,128.732151,37.00414,2025-01-15
3610581800,소보면 산법리 637,101,0,128.530029,37.125662,2025-01-15
3610665300,최소노드배치점,107,0,128.80232,37.069266,2025-01-15
3610472900,최소노드배치점,107,0,128.673948,37.093132,2025-01-15
3610588200,최소노드배치점,107,0,128.541165,37.102926,2025-01-15
3610589300,최소노드배치점,107,0,128.576674,37.139341,2025-01-15
3610479800,최소노드배치점,107,0,128.700561,36.985804,2025-01-15
3610669500,최소노드배치점,107,0,128.743398,37.026065,2025-01-15
3610670200,최소노드배치점,107,0,128.748566,37.033133,2025-01-15
3610596200,최소노드배치점,107,0,128.453659,37.165957,2025-01-15
3610510700,최소노드배치점,107,0,128.590554,37.161869,2025-01-15
3610006902,서경교(서측),104,0,128.501066,37.144234,2025-01-15
3610128901,괴산리227,102,0,128.841262,37.014687,2025-01-15
3610006523,서부리555-5,101,0,128.585123,37.13673,2025-01-15
3610008106,봉황리947-12,101,0,128.510296,37.163726,2025-01-15
3610004205,수서리683,101,0,128.705105,37.079648,2025-01-15
3610004606,나호리1246-2,101,0,128.648883,37.085917,2025-01-15
3610005002,우보삼거리,101,0,128.690777,37.099216,2025-01-15
3610089401,효령터널(남측),104,0,128.607647,37.045187,2025-01-15
3610135901,속성변화점,103,0,128.62354,37.014018,2025-01-15
3610008502,봉황교(서측),104,0,128.532358,37.169782,2025-01-15
3610136602,서부리364-10,101,0,128.584329,37.136833,2025-01-15
3610001707,화북리30-6,101,0,128.813722,37.021899,2025-01-15
3610139308,정리1157-1,101,0,128.586295,37.147022,2025-01-15
3610007517,대북리758-1,101,0,128.576516,37.153834,2025-01-15
3610001714,화북리1127-1,101,0,128.790392,37.027799,2025-01-15
3610002503,중구삼거리,101,0,128.606064,37.053999,2025-01-15
3610144000,갈뫼교(동측),104,0,128.609457,37.044019,2025-01-15
3610004816,호포삼거리,101,0,128.670454,37.092908,2025-01-15
3610089201,중구터널(남측),104,0,128.597564,37.051675,2025-01-15
3610133103,수서리1660,101,0,128.578499,37.109891,2025-01-15
3610146200,동군위IC교(북측),104,0,128.680179,36.998581,2025-01-15
3610153200,남산교(서측),104,0,128.659654,36.932337,2025-01-15
3610153800,군위교(북측),104,0,128.586808,37.142547,2025-01-15
3610163700,군위읍 광현리 1028-8,101,0,128.631305,37.142318,2025-01-15
3610169400,부계면 창평리 1554-16,101,0,128.688192,37.001868,2025-01-15
3610690000,최소노드배치점,107,0,128.585817,37.149899,2025-01-15
3610697300,최소노드배치점,107,0,128.83611,37.017683,2025-01-15
3610608100,삼국유사면 학암리 985-5,101,0,128.892179,37.069761,2025-01-15
3610214600,효령면 장기리 509-1,101,0,128.602836,37.0199,2025-01-15
3610533100,소보면 위성리 1215,101,0,128.489176,37.187888,2025-01-15
3610236600,우보면 두북리 680,101,0,128.664257,37.114261,2025-01-15
3610250700,우보면 문덕리 287-4,101,0,128.71253,37.041111,2025-01-15
3610257900,군위읍 정리 248-7,101,0,128.586447,37.145466,2025-01-15
3610541300,군위읍 내량리 353-2,101,0,128.569685,37.145676,2025-01-15
3610543900,소보면 봉황리 1392-1,101,0,128.515178,37.167984,2025-01-15
3610626000,산성면 삼산리 1069-1,101,0,128.725359,36.991775,2025-01-15
3610626900,산성면 삼산리 276-3,101,0,128.729028,36.996749,2025-01-15
3610313900,부계면 남산리 산200,101,0,128.650075,36.961443,2025-01-15
3610514700,소보면 사리리 236-2,101,0,128.486597,37.213285,2025-01-15
3610636500,삼국유사면 석산리 1089-1,101,0,128.877758,37.075771,2025-01-15
3610397400,군위읍 용대리 402,101,0,128.614837,37.131967,2025-01-15
3610399500,우보면 나호리 1329-6,101,0,128.643512,37.085652,2025-01-15
3610400100,우보면 나호리 927-2,101,0,128.653064,37.084942,2025-01-15
3610582100,군위읍 삽령리 54-5,101,0,128.55724,37.164772,2025-01-15
3610451200,산성면 화본리 1272,101,0,128.712389,37.0233,2025-01-15
3610472800,최소노드배치점,107,0,128.673962,37.093024,2025-01-15
3610589400,최소노드배치점,107,0,128.579443,37.066435,2025-01-15
3610591500,최소노드배치점,107,0,128.568206,37.085526,2025-01-15
3610487300,최소노드배치점,107,0,128.633197,37.144868,2025-01-15
3610487400,최소노드배치점,107,0,128.635902,37.146886,2025-01-15
3610670500,최소노드배치점,107,0,128.756408,37.034092,2025-01-15
3610670800,최소노드배치점,107,0,128.782575,37.029278,2025-01-15
3610498000,최소노드배치점,107,0,128.641489,37.107038,2025-01-15
3610593800,최소노드배치점,107,0,128.457645,37.186678,2025-01-15
3610134902,거매리487-11,102,0,128.61042,37.052094,2025-01-15
3610004310,간동삼거리,101,0,128.599815,37.081089,2025-01-15
3610066502,고로교차로,101,0,128.777615,37.022494,2025-01-15
3610111304,둔덕교차로,101,0,128.660601,36.937872,2025-01-15
3610003102,동곡교(동측),104,0,128.843935,37.062344,2025-01-15
3610008008,소보교(동측),104,0,128.49368,37.15825,2025-01-15
3610112501,남천1교(동측),104,0,128.675386,36.954581,2025-01-15
3610006206,동부리678-5,101,0,128.587524,37.130095,2025-01-15
3610006209,동부리678-5,101,0,128.587276,37.129968,2025-01-15
3610131601,내량리9-1,101,0,128.575063,37.147232,2025-01-15
3610135202,장기리89-1,101,0,128.610821,37.040556,2025-01-15
3610139404,정리248-1,101,0,128.587902,37.147394,2025-01-15
3610129704,금양삼거리,101,0,128.767172,37.038455,2025-01-15
3610003701,병천교(남측),103,0,128.601617,37.077324,2025-01-15
3610132501,수서리428-1,101,0,128.574305,37.113562,2025-01-15
3610518200,평호교(동측),104,0,128.505302,37.131189,2025-01-15
3610518400,평호교(서측),104,0,128.505095,37.131094,2025-01-15
3610603000,삼국유사면 학암리 673-2,101,0,128.896796,37.067608,2025-01-15
3610512200,소보면 복성리 0-4,101,0,128.485544,37.206788,2025-01-15
3610688100,최소노드배치점,107,0,128.771015,37.041667,2025-01-15
3610204100,우보면 모산리 1222,101,0,128.706071,37.049947,2025-01-15
3610528700,군위읍 서부리 543-1,101,0,128.583279,37.144018,2025-01-15
3610528900,소보면 위성리 572-4,101,0,128.48427,37.184556,2025-01-15
3610531600,소보면 도산리 1271,101,0,128.473799,37.137894,2025-01-15
3610615400,의흥면 연계리 1181-5,101,0,128.764097,37.069072,2025-01-15
3610237900,군위읍 광현리 71-8,101,0,128.649387,37.147296,2025-01-15
3610536500,소보면 봉황리 805-1,101,0,128.516077,37.16865,2025-01-15
3610250200,우보면 달산리 산69-1,101,0,128.684922,37.05181,2025-01-15
3610545400,소보면 복성리 294-1,101,0,128.490356,37.200443,2025-01-15
3610289700,우보면 이화리 1335-2,101,0,128.684983,37.093361,2025-01-15
3610630600,의흥면 읍내리 467-2,101,0,128.734336,37.076528,2025-01-15
3610552000,소보면 서경리 604-2,101,0,128.507572,37.136945,2025-01-15
3610636100,산성면 봉림리 1382,101,0,128.741574,36.992589,2025-01-15
3610638200,의흥면 이지리 237-11,101,0,128.7289,37.071062,2025-01-15
3610358800,부계면 남산리 산126-9,101,0,128.65073,36.932078,2025-01-15
3610366200,산성면 화본리 812-14,101,0,128.715302,37.030388,2025-01-15
3610370900,군위읍 하곡리 649-1,101,0,128.612283,37.131782,2025-01-15
3610643700,산성면 무암리 1037-80,101,0,128.733121,37.003088,2025-01-15
3610575500,소보면 봉소리 630-4,101,0,128.534609,37.16875,2025-01-15
3610576500,군위읍 대북리 산102-5,101,0,128.571941,37.155322,2025-01-15
3610400000,우보면 나호리 927-2,101,0,128.653064,37.08505,2025-01-15
3610430200,효령면 내리리 118-1,101,0,128.587107,37.060626,2025-01-15
3610582700,군위읍 서부리 519-4,101,0,128.584413,37.142684,2025-01-15
3610585500,최소노드배치점,107,0,128.583287,37.113398,2025-01-15
3610461200,최소노드배치점,107,0,128.676508,36.949787,2025-01-15
3610665900,최소노드배치점,107,0,128.916919,37.06197,2025-01-15
3610487500,최소노드배치점,107,0,128.635838,37.146981,2025-01-15
3610671000,최소노드배치점,107,0,128.725407,37.042672,2025-01-15
3610595300,최소노드배치점,107,0,128.520201,37.133469,2025-01-15
3610672300,최소노드배치점,107,0,128.801686,37.028116,2025-01-15
3610111802,동산리1508-6,101,0,128.668939,36.950554,2025-01-15
3610137203,사직리226,101,0,128.574775,37.130516,2025-01-15
3610004605,나호리1246-2,101,0,128.64889,37.086025,2025-01-15
3610128201,용아교차로,101,0,128.821436,37.036816,2025-01-15
3610006616,서부리5-3,101,0,128.586339,37.141941,2025-01-15
3610089802,속성변화점,103,0,128.682055,36.99967,2025-01-15
3610001116,거매리230-3,101,0,128.618019,37.045741,2025-01-15
3610136202,고곡리1409-4,101,0,128.602855,36.99577,2025-01-15
3610000804,봉림삼거리,101,0,128.735647,36.996247,2025-01-15
3610005601,군위IC앞,101,0,128.582066,37.102728,2025-01-15
3610511300,사리교(남측),104,0,128.484432,37.21021,2025-01-15
3610150200,상곡교(북측),104,0,128.616375,37.134197,2025-01-15
3610153500,신화교(남측),104,0,128.666009,37.010129,2025-01-15
3610603200,삼국유사면 화수리 1261,101,0,128.77677,37.027445,2025-01-15
3610175900,효령면 노행리 339-4,101,0,128.645809,37.109704,2025-01-15
3610673900,최소노드배치점,107,0,128.485945,37.174276,2025-01-15
3610688800,최소노드배치점,107,0,128.69133,37.105552,2025-01-15
3610690300,최소노드배치점,107,0,128.499408,37.127047,2025-01-15
3610696500,최소노드배치점,107,0,128.69305,37.067965,2025-01-15
3610526800,소보면 봉황리 704-2,101,0,128.521718,37.172756,2025-01-15
3610277200,부계면 대율리 780-71,101,0,128.674301,36.958337,2025-01-15
3610297400,우보면 이화리 1685,101,0,128.703213,37.080386,2025-01-15
3610549100,소보면 송원리 952-1,101,0,128.494954,37.151772,2025-01-15
3610552700,소보면 산법리 255-1,101,0,128.531992,37.122423,2025-01-15
3610338500,우보면 이화리 1638-2,101,0,128.668855,37.09166,2025-01-15
3610637200,의흥면 금양리 135-1,101,0,128.767341,37.03791,2025-01-15
3610391400,군위읍 정리 1140-4,101,0,128.586397,37.146191,2025-01-15
3610576900,소보면 달산리 334-2,101,0,128.47558,37.160037,2025-01-15
3610649300,의흥면 매성리 243-1,101,0,128.771409,37.051048,2025-01-15
3610649500,의흥면 지호리 901-2,101,0,128.797971,37.06829,2025-01-15
3610649900,삼국유사면 학성리 394-8,101,0,128.814917,37.023351,2025-01-15
3610439800,부계면 춘산리 산121-3,101,0,128.677945,36.972618,2025-01-15
3610659500,산성면 백학리 684-1,101,0,128.723314,36.978759,2025-01-15
3610475400,최소노드배치점,107,0,128.590675,37.163863,2025-01-15
3610479900,최소노드배치점,107,0,128.700483,36.985715,2025-01-15
3610590700,최소노드배치점,107,0,128.450802,37.1636,2025-01-15
3610481500,최소노드배치점,107,0,128.595163,37.168292,2025-01-15
3610482800,최소노드배치점,107,0,128.681805,37.092473,2025-01-15
3610668800,최소노드배치점,107,0,128.831627,37.048461,2025-01-15
3610486800,최소노드배치점,107,0,128.66443,37.08814,2025-01-15
3610490800,최소노드배치점,107,0,128.684505,37.106931,2025-01-15
3610593400,최소노드배치점,107,0,128.470506,37.1829,2025-01-15
3610140603,삼국유사터널(서측),104,0,128.724579,37.062338,2025-01-15
3610138904,서부리391-2,101,0,128.58478,37.138381,2025-01-15
3610007202,군위군-의성군,105,0,128.659002,37.144617,2025-01-15
3610005004,우보삼거리,101,0,128.690593,37.099088,2025-01-15
3610006608,대구지방법원의성지원군위군법원,101,0,128.586876,37.141929,2025-01-15
3610006609,대구지방법원의성지원군위군법원,101,0,128.586933,37.141882,2025-01-15
3610112002,제2석굴암교차로,101,0,128.670513,36.952716,2025-01-15
3610004404,의흥면 수북리 868-4,101,0,128.719929,37.080459,2025-01-15
3610006708,중구사거리,101,0,128.590688,37.142091,2025-01-15
3610000417,동산리1708-4,101,0,128.667995,36.950967,2025-01-15
3610000801,봉림삼거리,101,0,128.73575,36.996171,2025-01-15
3610006220,동부리666-5,101,0,128.587829,37.13106,2025-01-15
3610089501,동군위IC,106,1,128.67837,37.000115,2025-01-15
3610154200,동천교(서측),104,0,128.588258,37.141836,2025-01-15
3610167300,삼국유사면 낙전리 919,101,0,128.847302,37.092097,2025-01-15
3610174400,부계면 남산리 산200,101,0,128.64966,36.959643,2025-01-15
3610604000,산성면 무암리 647,101,0,128.728921,37.006047,2025-01-15
3610604400,산성면 삼산리 1076,101,0,128.730015,36.99758,2025-01-15
3610188100,부계면 동산리 1475-2,101,0,128.67001,36.949705,2025-01-15
3610672900,최소노드배치점,107,0,128.658686,36.939693,2025-01-15
3610682800,최소노드배치점,107,0,128.735061,36.998445,2025-01-15
3610687900,최소노드배치점,107,0,128.860139,37.084589,2025-01-15
3610688200,최소노드배치점,107,0,128.523357,37.131924,2025-01-15
3610209100,효령면 화계리 357-3,101,0,128.66562,37.023773,2025-01-15
3610249700,효령면 금매리 633-41,101,0,128.631961,37.034818,2025-01-15
3610257600,우보면 달산리 860-1,101,0,128.669875,37.05908,2025-01-15
3610267400,우보면 봉산리 1434,101,0,128.654478,37.074531,2025-01-15
3610623500,삼국유사면 화북리 794-2,101,0,128.793761,37.027976,2025-01-15
3610286900,우보면 두북리 630-6,101,0,128.668089,37.112639,2025-01-15
3610628400,의흥면 원산리 1327,101,0,128.745537,37.067912,2025-01-15
3610302300,우보면 달산리 1830-6,101,0,128.672615,37.054869,2025-01-15
3610555000,군위읍 내량리 642-7,101,0,128.560565,37.147319,2025-01-15
3610327600,부계면 남산리 1489,101,0,128.659385,36.935217,2025-01-15
3610335900,부계면 남산리 산106,101,0,128.652695,36.932334,2025-01-15
3610341800,부계면 남산리 882-1,101,0,128.658829,36.932429,2025-01-15
3610343200,우보면 이화리 1479-2,101,0,128.678286,37.09513,2025-01-15
3610567400,소보면 내의리 1249-3,101,0,128.495846,37.17519,2025-01-15
3610568300,군위읍 수서리 1654-24,101,0,128.574623,37.11378,2025-01-15
3610649600,의흥면 지호리 1346,101,0,128.79796,37.068398,2025-01-15
3610581600,군위읍 수서리 1270-7,101,0,128.576152,37.100313,2025-01-15
3610658800,의흥면 읍내리 789,101,0,128.735413,37.076001,2025-01-15
3610451700,군위읍 동부리 642-12,101,0,128.588346,37.133385,2025-01-15
3610456100,최소노드배치점,107,0,128.677967,36.9649,2025-01-15
3610671400,최소노드배치점,107,0,128.727603,37.023273,2025-01-15
3610001105,화계리1009-6,101,0,128.65376,37.017987,2025-01-15
3610133504,수서리1660,101,0,128.572699,37.109644,2025-01-15
3610134501,불로리665,102,0,128.585584,37.067537,2025-01-15
3610138802,군위초등학교,101,0,128.585603,37.14,2025-01-15
3610134301,무성교(서측),104,0,128.584247,37.089988,2025-01-15
3610008206,달산삼거리,101,0,128.48624,37.168029,2025-01-15
3610001010,부계교차로,101,0,128.684684,36.999128,2025-01-15
3610129401,화북리30-1,102,0,128.814322,37.021591,2025-01-15
3610001119,거매리230-3,101,0,128.617805,37.045703,2025-01-15
3610006208,동부리678-5,101,0,128.587304,37.129882,2025-01-15
3610001124,화계리1082-92,101,0,128.659058,37.01671,2025-01-15
3610002304,우보면 문덕리 17-4,101,0,128.717167,37.034353,2025-01-15
3610136702,속성변화점,103,0,128.667509,36.950138,2025-01-15
3610005101,군위IC,106,0,128.578826,37.099958,2025-01-15
3610003901,의흥삼거리,101,0,128.731341,37.077925,2025-01-15
3610002603,효령교(남측),101,0,128.603625,37.055097,2025-01-15
3610089902,동군위IC,106,1,128.682472,36.996477,2025-01-15
3610599900,고로2교(서측),104,0,128.838168,37.056554,2025-01-15
3610166500,군위읍 동부리 964-1,101,0,128.588994,37.134744,2025-01-15
3610174600,부계면 남산리 435-1,101,0,128.652895,36.954796,2025-01-15
3610512900,소보면 사리리 180-2,101,0,128.484948,37.20769,2025-01-15
3610687300,최소노드배치점,107,0,128.726472,36.994079,2025-01-15
3610689300,최소노드배치점,107,0,128.655142,37.14492,2025-01-15
3610199700,군위읍 하곡리 719,101,0,128.604327,37.136077,2025-01-15
3610609400,의흥면 연계리 616-3,101,0,128.768268,37.06342,2025-01-15
3610612500,삼국유사면 학암리 984-2,101,0,128.891929,37.069767,2025-01-15
3610221900,부계면 대율리 1381-7,101,0,128.674212,36.957716,2025-01-15
3610534900,군위읍 수서리 1248-22,101,0,128.578409,37.100943,2025-01-15
3610535600,군위읍 내량리 6-2,101,0,128.574928,37.147598,2025-01-15
3610237700,우보면 봉산리 110-5,101,0,128.653124,37.076413,2025-01-15
3610254200,군위읍 서부리 16-5,101,0,128.585153,37.140111,2025-01-15
3610270900,부계면 창평리 1554-17,101,0,128.693736,36.995779,2025-01-15
3610543100,소보면 복성리 산29-5,101,0,128.487463,37.193988,2025-01-15
3610513600,소보면 복성리 산94,101,0,128.487472,37.203814,2025-01-15
3610305300,효령면 매곡리 1276-2,101,0,128.609309,36.990034,2025-01-15
3610345500,군위읍 동부리 406-11,101,0,128.58731,37.137912,2025-01-15
3610367900,효령면 금매리 656-11,101,0,128.623859,37.039364,2025-01-15
3610568000,소보면 송원리 678-5,101,0,128.49451,37.156346,2025-01-15
3610378300,부계면 동산리 1637-3,101,0,128.664771,36.950928,2025-01-15
3610380200,효령면 거매리 562-1,101,0,128.616454,37.048773,2025-01-15
3610569600,군위읍 사직리 230-9,101,0,128.575098,37.130484,2025-01-15
3610647400,의흥면 지호리 1058-5,101,0,128.789244,37.070744,2025-01-15
3610652100,의흥면 이지리 산227,101,0,128.730975,37.055146,2025-01-15
3610580300,군위읍 외량리 915-2,101,0,128.558836,37.160348,2025-01-15
3610654000,의흥면 지호리 1355-4,101,0,128.794006,37.069812,2025-01-15
3610451000,우보면 달산리 102-1,101,0,128.676702,37.051276,2025-01-15
3610458400,최소노드배치점,107,0,128.585071,37.121625,2025-01-15
3610587000,최소노드배치점,107,0,128.578867,37.106298,2025-01-15
3610587300,최소노드배치점,107,0,128.507547,37.160904,2025-01-15
3610671600,최소노드배치점,107,0,128.743527,37.069564,2025-01-15
3610128501,정리930-1,101,0,128.579831,37.147522,2025-01-15
3610006607,군위교교차로,101,0,128.581732,37.14596,2025-01-15
3610129101,학성교(남측),104,0,128.824788,37.033523,2025-01-15
3610128202,용아교차로,101,0,128.821403,37.036687,2025-01-15
3610008204,달산삼거리,101,0,128.48645,37.168091,2025-01-15
3610008802,화실교,101,0,128.482115,37.182776,2025-01-15
3610009502,도산2교(서측),104,0,128.460648,37.134415,2025-01-15
3610135704,마시리1199-3,101,0,128.621828,37.013542,2025-01-15
3610085102,구미시-군위군,105,0,128.438783,37.169955,2025-01-15
3610130503,창평리1557-1,101,0,128.685707,36.999856,2025-01-15
3610000704,백학삼거리,101,0,128.721458,36.98243,2025-01-15
3610002504,중구삼거리,101,0,128.606229,37.054006,2025-01-15
3610129302,학성리394-8,102,0,128.815177,37.023297,2025-01-15
3610130701,봉산리1441,101,0,128.645111,37.080171,2025-01-15
3610132102,삽령리31-3,101,0,128.55861,37.16431,2025-01-15
3610001719,화북3리마을회관,101,0,128.807178,37.022427,2025-01-15
3610147700,신화교(서측),104,0,128.668229,37.006984,2025-01-15
3610600500,의흥면 읍내리 785-10,101,0,128.73585,37.075675,2025-01-15
3610520100,군위읍 서부리 276-1,101,0,128.584607,37.134638,2025-01-15
3610184000,효령면 마시리 872,101,0,128.637068,37.016664,2025-01-15
3610607400,의흥면 이지리 1585-43,101,0,128.730101,37.073219,2025-01-15
3610673700,최소노드배치점,107,0,128.492219,37.139802,2025-01-15
3610699500,최소노드배치점,107,0,128.567364,37.148742,2025-01-15
3610608900,산성면 화전리 923-3,101,0,128.722237,37.040808,2025-01-15
3610249800,부계면 창평리 산12-9,101,0,128.68739,37.001046,2025-01-15
3610257000,효령면 중구리 726-1,101,0,128.605452,37.054963,2025-01-15
3610258600,우보면 나호리 1246-4,101,0,128.647576,37.086029,2025-01-15
3610266400,부계면 남산리 1483,101,0,128.659301,36.942447,2025-01-15
3610288200,부계면 남산리 1477-4,101,0,128.658593,36.93916,2025-01-15
3610288600,부계면 창평리 1131-3,101,0,128.685,36.994921,2025-01-15
3610317800,군위읍 동부리 669,101,0,128.587263,37.131448,2025-01-15
3610636900,의흥면 원산리 1328-2,101,0,128.749297,37.0656,2025-01-15
3610641300,의흥면 지호리 845-2,101,0,128.793538,37.070251,2025-01-15
3610384400,효령면 화계리 1373-17,101,0,128.668209,37.024516,2025-01-15
3610571900,소보면 송원리 1109,101,0,128.492967,37.155667,2025-01-15
3610385500,의흥면 수서리 663-15,101,0,128.710866,37.076753,2025-01-15
3610407500,우보면 달산리 704-4,101,0,128.666377,37.06623,2025-01-15
3610445900,효령면 노행리 1326,101,0,128.635243,37.096416,2025-01-15
3610465800,최소노드배치점,107,0,128.716835,37.080513,2025-01-15
3610468100,최소노드배치점,107,0,128.678978,36.982163,2025-01-15
3610587700,최소노드배치점,107,0,128.563223,37.164358,2025-01-15
3610665500,최소노드배치점,107,0,128.775429,37.016354,2025-01-15
3610592500,최소노드배치점,107,0,128.544056,37.118185,2025-01-15
3610493100,최소노드배치점,107,0,128.696076,37.064386,2025-01-15
3610498600,최소노드배치점,107,0,128.713975,37.075227,2025-01-15
3610504700,최소노드배치점,107,0,128.853974,37.088548,2025-01-15
3610000408,남산1리서원마을회관,101,0,128.660297,36.945824,2025-01-15
3610111301,둔덕교차로,101,0,128.660726,36.937832,2025-01-15
3610136301,고곡리1008,101,0,128.60477,36.994047,2025-01-15
3610130202,모산리663-4,101,0,128.703299,37.05466,2025-01-15
3610001304,화본사거리,101,0,128.714258,37.023067,2025-01-15
3610007510,외량리906-2,101,0,128.563317,37.161331,2025-01-15
3610136501,군위군-칠곡군,105,0,128.64961,36.962228,2025-01-15
3610136003,고곡리1408-135,101,0,128.595982,37.012521,2025-01-15
3610089301,효령터널(북측),104,0,128.599051,37.050726,2025-01-15
3610088501,속성변화점,103,0,128.57816,37.056142,2025-01-15
3610131602,내량리9-1,101,0,128.575072,37.147124,2025-01-15
3610132802,서군교(서측),104,0,128.580728,37.116925,2025-01-15
3610130502,창평리1557-1,101,0,128.685809,36.999929,2025-01-15
3610139701,군위군청,102,0,128.592459,37.143529,2025-01-15
3610152600,장기1교(서측),104,0,128.597429,37.020526,2025-01-15
3610130101,미성리892,102,0,128.685195,37.079488,2025-01-15
3610157500,광현교(동측),104,0,128.629644,37.140461,2025-01-15
3610130002,미성리551,101,0,128.690372,37.079093,2025-01-15
3610005006,선곡리880-1,101,0,128.691895,37.103082,2025-01-15
3610004818,호포삼거리,101,0,128.670554,37.092836,2025-01-15
3610085201,군위터널(남측),104,0,128.443632,37.168111,2025-01-15
3610139103,속성변화점,103,0,128.589821,37.143478,2025-01-15
3610002902,효령삼거리,101,0,128.600637,37.058252,2025-01-15
3610002905,효령삼거리,101,1,128.600554,37.058166,2025-01-15
3610006225,동부리666-5,101,1,128.587962,37.131502,2025-01-15
3610600400,의흥면 이지리 429-1,101,0,128.728101,37.063564,2025-01-15
3610160600,효령면 성리 763-1,101,0,128.602208,37.081548,2025-01-15
3610163500,우보면 모산리 617-4,101,0,128.700379,37.060087,2025-01-15
3610521700,소보면 도산리 1010-6,101,0,128.466023,37.134337,2025-01-15
3610682500,최소노드배치점,107,0,128.636782,37.030521,2025-01-15
3610689900,최소노드배치점,107,0,128.85081,37.090472,2025-01-15
3610690100,최소노드배치점,107,0,128.466291,37.134161,2025-01-15
3610692900,최소노드배치점,107,0,128.592065,37.066231,2025-01-15
3610693600,최소노드배치점,107,0,128.517842,37.170009,2025-01-15
3610527200,소보면 송원리 1110,101,0,128.493303,37.155331,2025-01-15
3610204900,군위읍 상곡리 761,101,0,128.624248,37.148594,2025-01-15
3610528000,소보면 달산리 1258,101,0,128.458824,37.162867,2025-01-15
3610613300,의흥면 수북리 934-8,101,0,128.723539,37.07964,2025-01-15
3610218300,산성면 화본리 산5-2,101,0,128.71106,37.022496,2025-01-15
3610533800,소보면 달산리 696-3,101,0,128.469431,37.159412,2025-01-15
3610229900,효령면 매곡리 1276-2,101,0,128.609264,36.990261,2025-01-15
3610615600,의흥면 금양리 946,101,0,128.766184,37.038263,2025-01-15
3610275800,군위읍 하곡리 701,101,0,128.616558,37.13537,2025-01-15
3610280400,군위읍 하곡리 682,101,0,128.602608,37.13678,2025-01-15
3610286700,우보면 문덕리 527-9,101,0,128.709281,37.047108,2025-01-15
3610297000,우보면 달산리 799-2,101,0,128.668238,37.064304,2025-01-15
3610297900,의흥면 수서리 663-53,101,0,128.706783,37.078892,2025-01-15
3610305700,부계면 대율리 780-74,101,0,128.674478,36.958392,2025-01-15
3610308600,부계면 창평리 산91-1,101,0,128.713959,36.987066,2025-01-15
3610560000,소보면 달산리 986-5,101,0,128.464252,37.161129,2025-01-15
3610563600,소보면 달산리 1230,101,0,128.475803,37.159938,2025-01-15
3610357100,부계면 창평리 1557-1,101,0,128.684744,36.999734,2025-01-15
3610368800,군위읍 서부리 64-2,101,0,128.586053,37.136108,2025-01-15
3610381200,효령면 노행리 1301,101,0,128.636442,37.099402,2025-01-15
3610410900,효령면 고곡리 375-5,101,0,128.595763,37.020629,2025-01-15
3610412400,우보면 이화리 1301-8,101,0,128.68302,37.095746,2025-01-15
3610655700,산성면 화본리 1284,101,0,128.730791,37.024022,2025-01-15
3610444400,효령면 마시리 1195,101,0,128.633647,37.012657,2025-01-15
3610661500,산성면 무암리 682-2,101,0,128.727236,37.006726,2025-01-15
3610450900,부계면 창평리 1017,101,0,128.685305,36.999607,2025-01-15
3610663200,최소노드배치점,107,0,128.812993,37.046128,2025-01-15
3610589900,최소노드배치점,107,0,128.523251,37.131059,2025-01-15
3610594600,최소노드배치점,107,0,128.551667,37.117963,2025-01-15
3610501600,최소노드배치점,107,0,128.68204,36.946883,2025-01-15
3610672800,최소노드배치점,107,0,128.721117,37.02343,2025-01-15
3610004309,무성리1221,101,0,128.586575,37.091367,2025-01-15
3610003302,이지교(남측),101,0,128.72907,37.071896,2025-01-15
3610005302,군위TG,104,0,128.58133,37.10126,2025-01-15
3610006522,서부리555-5,101,0,128.585155,37.136838,2025-01-15
3610002003,화수삼거리,101,0,128.775534,37.026611,2025-01-15
3610006615,대구지방법원의성지원군위군법원,101,0,128.586743,37.141914,2025-01-15
3610002501,중구삼거리,101,0,128.606346,37.053902,2025-01-15
3610003001,동곡교(서측),104,0,128.84356,37.061868,2025-01-15
3610130003,미성리551,101,0,128.69024,37.079116,2025-01-15
3610005102,군위IC,106,0,128.57882,37.09985,2025-01-15
3610137803,군위일보,101,0,128.586447,37.131043,2025-01-15
3610007003,서군위IC교차로,106,0,128.500701,37.144348,2025-01-15
3610090504,서군위IC,106,1,128.498071,37.146258,2025-01-15
3610155400,수서교(서측),104,0,128.708663,37.080061,2025-01-15
3610518700,소보면 평호리 808,101,0,128.501199,37.129074,2025-01-15
3610164700,군위읍 서부리 16-7,101,0,128.586302,37.140305,2025-01-15
3610174300,효령면 장기리 1045-127,101,0,128.610201,37.041036,2025-01-15
3610521800,소보면 서경리 720-2,101,0,128.505445,37.139184,2025-01-15
3610177000,부계면 대율리 1357-75,101,0,128.673877,36.954123,2025-01-15
3610695800,최소노드배치점,107,0,128.652322,37.113502,2025-01-15
3610698900,최소노드배치점,107,0,128.679731,37.108431,2025-01-15
3610215300,군위읍 서부리 81,101,0,128.58552,37.134797,2025-01-15
3610229700,군위읍 동부리 967-15,101,0,128.586837,37.130472,2025-01-15
3610240600,우보면 달산리 116-1,101,0,128.676546,37.051343,2025-01-15
3610538700,군위읍 서부리 520-3,101,0,128.584187,37.142932,2025-01-15
3610289000,산성면 화본리 825-2,101,0,128.715431,37.027539,2025-01-15
3610547000,군위읍 수서리 5-6,101,0,128.580438,37.116925,2025-01-15
3610300000,효령면 매곡리 1264-2,101,0,128.61244,36.986975,2025-01-15
3610549800,소보면 도산리 1287-1,101,0,128.475033,37.138634,2025-01-15
3610337400,부계면 창평리 533-1,101,0,128.693158,36.996608,2025-01-15
3610340300,산성면 화본리 1272,101,0,128.715639,37.022832,2025-01-15
3610560600,군위읍 수서리 473-2,101,0,128.575841,37.114235,2025-01-15
3610644700,의흥면 연계리 207-2,101,0,128.771459,37.058371,2025-01-15
3610395400,부계면 창평리 1396-2,101,0,128.681041,37.003697,2025-01-15
3610650600,우보면 문덕리 18-10,101,0,128.717114,37.034091,2025-01-15
3610404600,부계면 남산리 산102-1,101,0,128.655489,36.931823,2025-01-15
3610651000,산성면 봉림리 1384,101,0,128.741889,36.992467,2025-01-15
3610653300,산성면 화본리 635-2,101,0,128.724247,37.023495,2025-01-15
3610447100,효령면 화계리 1404-67,101,0,128.640188,37.018173,2025-01-15
3610586400,최소노드배치점,107,0,128.563296,37.140904,2025-01-15
3610466800,최소노드배치점,107,0,128.677746,36.956995,2025-01-15
3610666700,최소노드배치점,107,0,128.72949,37.057938,2025-01-15
3610669600,최소노드배치점,107,0,128.743411,37.026172,2025-01-15
3610595900,최소노드배치점,107,0,128.445376,37.167969,2025-01-15
3610139201,군위군청,102,0,128.590574,37.143891,2025-01-15
3610008108,봉황리947-12,101,0,128.510252,37.163875,2025-01-15
3610133004,수서리1660,101,0,128.577302,37.11254,2025-01-15
3610133902,무성리1072-2,101,0,128.583958,37.089839,2025-01-15
3610133202,수서리1660,101,0,128.576565,37.11233,2025-01-15
3610133204,수서리1660,101,0,128.576422,37.112425,2025-01-15
3610139306,정리1157-1,101,0,128.586456,37.146812,2025-01-15
3610001715,화북리1127-1,101,0,128.790285,37.027733,2025-01-15
3610003002,동곡교(서측),104,0,128.843468,37.061946,2025-01-15
3610132603,수서리486-1,101,0,128.57607,37.11431,2025-01-15
3610131102,용대리715,102,0,128.624069,37.126394,2025-01-15
3610006219,군위팔공신문,101,1,128.588636,37.133363,2025-01-15
3610149600,마시교(북측),104,0,128.65324,37.016047,2025-01-15
3610597900,파전교(동측),104,0,128.75965,37.073051,2025-01-15
3610164500,군위읍 동부리 964-1,101,0,128.58772,37.137504,2025-01-15
3610601000,의흥면 금양리 산1-1,101,0,128.760861,37.058099,2025-01-15
3610183800,군위읍 서부리 258-4,101,0,128.584873,37.136346,2025-01-15
3610676300,최소노드배치점,107,0,128.896404,37.067957,2025-01-15
3610692300,최소노드배치점,107,0,128.732731,36.997665,2025-01-15
3610694700,최소노드배치점,107,0,128.690942,37.101274,2025-01-15
3610531200,군위읍 수서리 1652-4,101,0,128.57743,37.115163,2025-01-15
3610223800,효령면 중구리 730-1,101,0,128.605974,37.057075,2025-01-15
3610532200,소보면 봉황리 1122-2,101,0,128.506674,37.166224,2025-01-15
3610532400,소보면 신계리 108,101,0,128.501886,37.144123,2025-01-15
3610535300,소보면 송원리 696-8,101,0,128.495944,37.156822,2025-01-15
3610617100,의흥면 원산리 1019-3,101,0,128.739793,37.071336,2025-01-15
3610262500,군위읍 동부리 967-15,101,0,128.586595,37.126909,2025-01-15
3610264800,효령면 화계리 1373-8,101,0,128.654573,37.017776,2025-01-15
3610624000,삼국유사면 양지리 752-1,101,0,128.841854,37.060381,2025-01-15
3610283700,군위읍 광현리 360-2,101,0,128.642977,37.148277,2025-01-15
3610552600,소보면 달산리 1201-2,101,0,128.481519,37.165554,2025-01-15
3610553000,소보면 봉소리 683-11,101,0,128.533846,37.169018,2025-01-15
3610324100,우보면 미성리 590-3,101,0,128.690668,37.076426,2025-01-15
3610556800,소보면 위성리 1191-70,101,0,128.485862,37.177067,2025-01-15
3610342900,효령면 노행리 1327,101,0,128.634736,37.095077,2025-01-15
3610560300,소보면 위성리 872-11,101,0,128.482008,37.183429,2025-01-15
3610561800,소보면 달산리 1258-1,101,0,128.462183,37.162125,2025-01-15
3610360600,군위읍 광현리 47-1,101,0,128.647938,37.147439,2025-01-15
3610639900,산성면 화전리 산2-12,101,0,128.731551,37.04809,2025-01-15
3610564700,군위읍 서부리 275-8,101,0,128.584708,37.135313,2025-01-15
3610565700,소보면 내의리 289-1,101,0,128.510289,37.175075,2025-01-15
3610660100,산성면 삼산리 1069-1,101,0,128.727513,36.99674,2025-01-15
3610660800,의흥면 읍내리 591-33,101,0,128.736532,37.075358,2025-01-15
3610461800,최소노드배치점,107,0,128.629832,37.012053,2025-01-15
3610664300,최소노드배치점,107,0,128.810576,37.021924,2025-01-15
3610586800,최소노드배치점,107,0,128.459382,37.19933,2025-01-15
3610667000,최소노드배치점,107,0,128.824982,37.029949,2025-01-15
3610589000,최소노드배치점,107,0,128.581077,37.147393,2025-01-15
3610481100,최소노드배치점,107,0,128.673904,37.003751,2025-01-15
3610591600,최소노드배치점,107,0,128.486334,37.152999,2025-01-15
3610484500,최소노드배치점,107,0,128.622482,37.015562,2025-01-15
3610492900,최소노드배치점,107,0,128.606089,37.019204,2025-01-15
3610496300,최소노드배치점,107,0,128.676442,37.02833,2025-01-15
3610671800,최소노드배치점,107,0,128.858014,37.086119,2025-01-15
3610597400,최소노드배치점,107,0,128.578528,37.163017,2025-01-15
3610000101,금성한티휴게소,101,0,128.649817,36.921056,2025-01-15
3610000407,동산리1579-3,101,0,128.665508,36.950821,2025-01-15
3610150800,미성교(북측),104,0,128.692061,37.083541,2025-01-15
3610090201,군위영천휴게소,104,0,128.728947,36.972522,2025-01-15
3610004901,군위IC,106,0,128.57646,37.097257,2025-01-15
3610005701,군위IC앞교차로,106,0,128.581533,37.102763,2025-01-15
3610131503,내량리20-1,101,0,128.577275,37.147248,2025-01-15
3610129901,지호리23-1,102,0,128.805111,37.069042,2025-01-15
3610001111,화계리산1-6,101,0,128.642974,37.019375,2025-01-15
3610112001,제2석굴암교차로,101,0,128.670459,36.952815,2025-01-15
3610129501,화북리50,102,0,128.809666,37.022021,2025-01-15
3610001001,부계교차로,101,0,128.684744,36.999148,2025-01-15
3610001114,부계초등학교병설유치원,101,0,128.682236,37.001953,2025-01-15
3610004705,백양삼거리,101,0,128.685512,37.092242,2025-01-15
3610135301,장기리242-4,102,0,128.609725,37.039968,2025-01-15
3610001636,중구리726-1,101,0,128.608695,37.051967,2025-01-15
3610008112,송원리1062-7,101,0,128.498602,37.158688,2025-01-15
3610284600,부계면 동산리 629-1,101,0,128.678523,36.947929,2025-01-15
3610004813,이화리1007-4,101,0,128.689261,37.099005,2025-01-15
3610003702,병천교(남측),103,0,128.601483,37.077327,2025-01-15
3610008010,송원삼거리,101,0,128.493006,37.155907,2025-01-15
3610517000,달산1교(서측),104,0,128.476069,37.157353,2025-01-15
3610144200,장기교(동측),104,0,128.613076,37.041562,2025-01-15
3610175200,산성면 화본리 1272,101,0,128.71227,37.023278,2025-01-15
3610187900,효령면 중구리 189-4,101,0,128.608011,37.05627,2025-01-15
3610188300,부계면 동산리 1563-2,101,0,128.666428,36.949773,2025-01-15
3610687100,최소노드배치점,107,0,128.622136,37.087193,2025-01-15
3610688300,최소노드배치점,107,0,128.53652,37.168811,2025-01-15
3610697500,최소노드배치점,107,0,128.666081,37.066695,2025-01-15
3610204500,군위읍 하곡리 516-8,101,0,128.605849,37.134466,2025-01-15
3610610900,삼국유사면 화북리 796-8,101,0,128.793571,37.02784,2025-01-15
3610242900,효령면 오천리 557-6,101,0,128.628215,37.087985,2025-01-15
3610263500,효령면 장군리 212,101,0,128.593228,37.021128,2025-01-15
3610288400,부계면 가호리 982-3,101,0,128.685018,36.99298,2025-01-15
3610550400,군위읍 수서리 1421,101,0,128.570912,37.088742,2025-01-15
3610315800,우보면 모산리 492-31,101,0,128.702933,37.056225,2025-01-15
3610316200,삼국유사면 낙전리 947,101,0,128.832478,37.100246,2025-01-15
3610558500,소보면 위성리 1251-1,101,0,128.48219,37.182149,2025-01-15
3610567800,소보면 송원리 330-1,101,0,128.491878,37.162195,2025-01-15
3610569100,소보면 도산리 1287-7,101,0,128.479996,37.138988,2025-01-15
3610381700,우보면 이화리 959-1,101,0,128.689808,37.097825,2025-01-15
3610384000,효령면 매곡리 1277-3,101,0,128.609773,36.989537,2025-01-15
3610655200,의흥면 원산리 1333-2,101,0,128.750665,37.064046,2025-01-15
3610445100,부계면 대율리 1357-5,101,0,128.676155,36.964906,2025-01-15
3610454300,군위읍 서부리 49,101,0,128.585446,37.136838,2025-01-15
3610479300,최소노드배치점,107,0,128.588031,37.059126,2025-01-15
3610486700,최소노드배치점,107,0,128.657515,37.0854,2025-01-15
3610669400,최소노드배치점,107,0,128.885067,37.073194,2025-01-15
3610670300,최소노드배치점,107,0,128.752566,37.033716,2025-01-15
3610504600,최소노드배치점,107,0,128.854049,37.088638,2025-01-15
3610141403,화수리973-1,101,0,128.77245,37.030656,2025-01-15
3610140903,삼국유사교차로,101,0,128.776678,37.018748,2025-01-15
3610004103,간동삼거리,101,0,128.601418,37.079931,2025-01-15
3610111805,동산리1508-6,101,0,128.668833,36.950622,2025-01-15
3610112601,춘산리133-1,101,0,128.677006,36.979088,2025-01-15
3610001201,제1무암교(동측),104,0,128.725174,37.007601,2025-01-15
3610001303,화본사거리,101,0,128.714388,37.023036,2025-01-15
3610003604,의흥면 읍내리 245-1,101,0,128.739883,37.073708,2025-01-15
3610004608,나호리1246-2,101,0,128.648754,37.086031,2025-01-15
3610006611,대구지방법원의성지원군위군법원,101,0,128.58687,37.141755,2025-01-15
3610112003,제2석굴암교차로,101,0,128.67039,36.952673,2025-01-15
3610112004,제2석굴암교차로,101,0,128.670335,36.952772,2025-01-15
3610128204,용아교차로,101,0,128.821326,37.036926,2025-01-15
3610133701,수서리1660,101,0,128.574881,37.109759,2025-01-15
3610004403,의흥면 수북리 865-1,101,0,128.71988,37.080354,2025-01-15
3610128802,서부리573-1,102,0,128.579569,37.144168,2025-01-15
3610001117,거매리230-3,101,0,128.617999,37.045713,2025-01-15
3610004704,백양삼거리,101,0,128.68568,37.092307,2025-01-15
3610134803,중구리17-10,101,0,128.609537,37.052737,2025-01-15
3610135302,장기리242-4,102,0,128.609647,37.040057,2025-01-15
3610007519,대북리758-1,101,0,128.576424,37.1537,2025-01-15
3610001713,화북리1127-1,101,0,128.790298,37.027895,2025-01-15
3610139402,정리248-1,101,0,128.588038,37.14731,2025-01-15
3610154100,동천교(서측),104,0,128.588256,37.141728,2025-01-15
3610008012,송원삼거리,101,0,128.492833,37.15597,2025-01-15
3610090503,서군위IC,106,0,128.498077,37.146134,2025-01-15
3610511200,사리교(북측),104,0,128.485414,37.211612,2025-01-15
3610600100,고로2교(동측),104,0,128.840116,37.057997,2025-01-15
3610518900,소보면 위성리 872-15,101,0,128.483446,37.184224,2025-01-15
3610168700,효령면 중구리 183-5,101,0,128.606909,37.056969,2025-01-15
3610185300,군위읍 서부리 16-5,101,0,128.58522,37.139439,2025-01-15
3610524000,소보면 산법리 408-2,101,0,128.528056,37.127129,2025-01-15
3610188500,군위읍 서부리 79-1,101,0,128.585405,37.134512,2025-01-15
3610190800,삼국유사면 낙전리 502-7,101,0,128.840625,37.09574,2025-01-15
3610681300,최소노드배치점,107,0,128.617973,37.13985,2025-01-15
3610526200,서군위ＩＣ교차로,101,0,128.500759,37.144161,2025-01-15
3610527100,소보면 달산리 374-2,101,0,128.476726,37.160169,2025-01-15
3610249400,효령면 고곡리 843-4,101,0,128.59937,37.000353,2025-01-15
3610537900,군위읍 외량리 913-2,101,0,128.567124,37.156931,2025-01-15
3610253200,우보면 달산리 376,101,0,128.681515,37.039194,2025-01-15
3610254500,효령면 노행리 1292,101,0,128.643785,37.108396,2025-01-15
3610257300,부계면 남산리 산22-1,101,0,128.65941,36.942595,2025-01-15
3610620200,의흥면 이지리 343-4,101,0,128.728051,37.067171,2025-01-15
3610282200,군위읍 동부리 109-11,101,0,128.592081,37.136944,2025-01-15
3610322100,효령면 불로리 657-84,101,0,128.588077,37.065781,2025-01-15
3610514400,소보면 사리리 451-2,101,0,128.487935,37.217789,2025-01-15
3610329700,부계면 창평리 1372-1,101,0,128.679408,37.004509,2025-01-15
3610635200,의흥면 금양리 693-1,101,0,128.75907,37.047553,2025-01-15
3610353400,군위읍 하곡리 647,101,0,128.617128,37.137319,2025-01-15
3610355200,효령면 금매리 1295-9,101,0,128.635537,37.032071,2025-01-15
3610638800,의흥면 원산리 1331,101,0,128.748458,37.06625,2025-01-15
3610370300,효령면 화계리 1066-13,101,0,128.656874,37.017453,2025-01-15
3610641500,삼국유사면 화수리 424-2,101,0,128.771844,37.012364,2025-01-15
3610642700,삼국유사면 괴산리 435,101,0,128.836588,37.016908,2025-01-15
3610572500,소보면 송원리 985,101,0,128.494114,37.153421,2025-01-15
3610394100,우보면 선곡리 1097-4,101,0,128.691007,37.103376,2025-01-15
3610578300,소보면 내의리 1069-1,101,0,128.497916,37.176287,2025-01-15
3610420200,우보면 달산리 587,101,0,128.670637,37.056062,2025-01-15
3610420500,부계면 창평리 297-3,101,0,128.708839,36.988598,2025-01-15
3610425100,효령면 고곡리 442-1,101,0,128.592133,37.020997,2025-01-15
3610657400,의흥면 지호리 1356,101,0,128.790917,37.070676,2025-01-15
3610585000,최소노드배치점,107,0,128.582221,37.106514,2025-01-15
3610586200,최소노드배치점,107,0,128.572586,37.123159,2025-01-15
3610467200,최소노드배치점,107,0,128.675548,36.97593,2025-01-15
3610666600,최소노드배치점,107,0,128.905078,37.063642,2025-01-15
3610667700,최소노드배치점,107,0,128.81934,37.032872,2025-01-15
3610669900,최소노드배치점,107,0,128.747218,37.030187,2025-01-15
3610497600,최소노드배치점,107,0,128.693354,37.056143,2025-01-15
3610593600,최소노드배치점,107,0,128.474931,37.182897,2025-01-15
3610594300,최소노드배치점,107,0,128.451019,37.198269,2025-01-15
3610595600,최소노드배치점,107,0,128.45107,37.190644,2025-01-15
3610597000,최소노드배치점,107,0,128.538682,37.174704,2025-01-15
3610003801,석산교,101,0,128.875787,37.076589,2025-01-15
3610005704,군위IC앞교차로,106,0,128.581398,37.102773,2025-01-15
3610112603,춘산리133-1,101,0,128.676823,36.979047,2025-01-15
3610137402,서부리114-2,101,0,128.586823,37.133201,2025-01-15
3610138001,서부리109-1,102,0,128.585398,37.133752,2025-01-15
3610134002,무성리1071-4,102,0,128.583577,37.089423,2025-01-15
3610089101,중구터널(북측),104,0,128.594148,37.053822,2025-01-15
3610006541,서부리555-5,101,0,128.585537,37.138277,2025-01-15
3610133601,수서리701-28,102,0,128.572888,37.108796,2025-01-15
3610138201,동부리964-1,102,0,128.587964,37.135616,2025-01-15
3610004817,호포삼거리,101,0,128.670535,37.092858,2025-01-15
3610090301,서군위하이패스IC,106,1,128.495323,37.148303,2025-01-15
3610148300,대율천교(남측),104,0,128.678036,36.960046,2025-01-15
3610157200,낙전2교(남측),104,0,128.838063,37.099041,2025-01-15
3610164300,군위읍 서부리 288-3,101,0,128.58474,37.134624,2025-01-15
3610168800,부계면 남산리 산113-2,101,0,128.648999,36.922571,2025-01-15
3610177200,효령면 마시리 1138-1,101,0,128.652,37.011127,2025-01-15
3610194500,효령면 화계리 1373-40,101,0,128.653403,37.016175,2025-01-15
3610675300,최소노드배치점,107,0,128.570127,37.155674,2025-01-15
3610700000,최소노드배치점,107,0,128.759173,37.047716,2025-01-15
3610608800,산성면 화본리 46-2,101,0,128.740416,37.024098,2025-01-15
3610610200,의흥면 원산리 1330,101,0,128.750044,37.06464,2025-01-15
3610528200,군위읍 수서리 1270-4,101,0,128.576618,37.100858,2025-01-15
3610528300,군위읍 수서리 1241-2,101,0,128.576522,37.100934,2025-01-15
3610224500,우보면 봉산리 1309,101,0,128.637694,37.081629,2025-01-15
3610616800,삼국유사면 학암리 1439,101,0,128.892685,37.069412,2025-01-15
3610243000,효령면 오천리 557-1,101,0,128.628123,37.087906,2025-01-15
3610256100,군위읍 동부리 665-11,101,0,128.588122,37.132474,2025-01-15
3610265100,우보면 달산리 182-1,101,0,128.67869,37.04673,2025-01-15
3610288900,부계면 창평리 1171-3,101,0,128.684942,36.993928,2025-01-15
3610545800,군위읍 대흥리 334-1,101,0,128.551545,37.17827,2025-01-15
3610628700,산성면 봉림리 1387,101,0,128.737597,36.994172,2025-01-15
3610550800,소보면 신계리 112-5,101,0,128.503477,37.14265,2025-01-15
3610328600,우보면 두북리 797-7,101,0,128.686964,37.104033,2025-01-15
3610344400,부계면 남산리 산123-1,101,0,128.651841,36.92965,2025-01-15
3610349600,효령면 고곡리 902-9,101,0,128.60019,36.997777,2025-01-15
3610562000,소보면 달산리 374-2,101,0,128.477121,37.160254,2025-01-15
3610353700,우보면 선곡리 1025-3,101,0,128.691495,37.105207,2025-01-15
3610562400,군위읍 수서리 1359-3,101,0,128.574449,37.093306,2025-01-15
3610373600,부계면 남산리 112,101,0,128.659423,36.934729,2025-01-15
3610571300,소보면 서경리 361-1,101,0,128.511214,37.132546,2025-01-15
3610573100,소보면 달산리 1201-2,101,0,128.482439,37.166227,2025-01-15
3610391000,군위읍 정리 226,101,0,128.587915,37.146591,2025-01-15
3610656100,의흥면 지호리 1316-5,101,0,128.780075,37.069386,2025-01-15
3610440700,군위읍 동부리 579-3,101,0,128.588435,37.134969,2025-01-15
3610586700,최소노드배치점,107,0,128.580856,37.140365,2025-01-15
3610467300,최소노드배치점,107,0,128.67568,36.975953,2025-01-15
3610471300,최소노드배치점,107,0,128.59258,37.086653,2025-01-15
3610666100,최소노드배치점,107,0,128.912909,37.062892,2025-01-15
3610480000,최소노드배치점,107,0,128.692971,36.989416,2025-01-15
3610668100,최소노드배치점,107,0,128.834465,37.020079,2025-01-15
3610669100,최소노드배치점,107,0,128.726723,37.087042,2025-01-15
3610496400,최소노드배치점,107,0,128.677295,37.0315,2025-01-15
3610138302,동부리964-10,101,0,128.587054,37.138606,2025-01-15
3610006524,서부리555-5,101,0,128.584987,37.136739,2025-01-15
3610134502,불로리665,102,0,128.585572,37.067644,2025-01-15
3610003601,의흥면 읍내리 201-3,101,0,128.740192,37.073836,2025-01-15
3610003606,의흥면 읍내리 787-8,101,0,128.739994,37.073875,2025-01-15
3610002207,화수교(서측),104,0,128.774341,37.027475,2025-01-15
3610001113,부계초등학교병설유치원,101,0,128.682348,37.002009,2025-01-15
3610006207,동부리678-5,101,0,128.587425,37.12982,2025-01-15
3610006536,용대리374-2,101,0,128.616796,37.133,2025-01-15
3610135204,장기리89-1,101,0,128.610638,37.040591,2025-01-15
3610141503,이화리761-2,101,0,128.687693,37.091467,2025-01-15
3610147900,신화교(동측),104,0,128.668914,37.006752,2025-01-15
3610153400,신화교(북측),104,0,128.665984,37.010362,2025-01-15
3610599100,망대교(서측),104,0,128.830112,37.021138,2025-01-15
3610600000,고로2교(서측),104,0,128.838076,37.056633,2025-01-15
3610522300,군위읍 서부리 143-1,101,0,128.583253,37.124713,2025-01-15
3610194400,효령면 화계리 1373-40,101,0,128.65327,37.01619,2025-01-15
3610691000,최소노드배치점,107,0,128.762059,37.052909,2025-01-15
3610693700,최소노드배치점,107,0,128.668731,37.062833,2025-01-15
3610694500,최소노드배치점,107,0,128.621498,37.130982,2025-01-15
3610695000,최소노드배치점,107,0,128.595173,37.009695,2025-01-15
3610526500,소보면 내의리 1466,101,0,128.505482,37.180216,2025-01-15
3610615800,삼국유사면 가암리 1043,101,0,128.86283,37.077574,2025-01-15
3610235600,삼국유사면 낙전리 936,101,0,128.833171,37.099868,2025-01-15
3610253600,산성면 화본리 867-13,101,0,128.714793,37.025483,2025-01-15
3610280100,효령면 오천리 164-6,101,0,128.62689,37.08846,2025-01-15
3610290200,우보면 이화리 1230-2,101,0,128.684242,37.095838,2025-01-15
3610630400,산성면 무암리 421-3,101,0,128.732868,37.003513,2025-01-15
3610551800,소보면 신계리 396-5,101,0,128.500247,37.143521,2025-01-15
3610631700,삼국유사면 학암리 727-4,101,0,128.895091,37.068454,2025-01-15
3610328400,군위읍 동부리 99-1,101,0,128.590773,37.13565,2025-01-15
3610335800,부계면 남산리 산106-3,101,0,128.652628,36.93224,2025-01-15
3610637500,삼국유사면 가암리 433,101,0,128.862122,37.08296,2025-01-15
3610363200,효령면 성리 19,101,0,128.613112,37.081191,2025-01-15
3610389900,우보면 이화리 1707-6,101,0,128.695484,37.08458,2025-01-15
3610653600,의흥면 금양리 969-2,101,0,128.765488,37.041464,2025-01-15
3610424100,삼국유사면 낙전리 502-1,101,0,128.841491,37.094847,2025-01-15
3610425600,부계면 남산리 산174-7,101,0,128.652795,36.955859,2025-01-15
3610581300,소보면 봉황리 694-3,101,0,128.520671,37.171768,2025-01-15
3610582400,소보면 송원리 1069-2,101,0,128.497713,37.157685,2025-01-15
3610662600,최소노드배치점,107,0,128.824735,37.04317,2025-01-15
3610459000,최소노드배치점,107,0,128.645367,36.925045,2025-01-15
3610491900,최소노드배치점,107,0,128.619866,37.085847,2025-01-15
3610497500,최소노드배치점,107,0,128.689239,37.057577,2025-01-15
3610594000,최소노드배치점,107,0,128.490106,37.164974,2025-01-15
3610510200,최소노드배치점,107,0,128.69454,37.009499,2025-01-15
3610132001,외량리934-4,102,0,128.552213,37.150038,2025-01-15
3610007506,정동1교,101,0,128.580564,37.147523,2025-01-15
3610134101,무성리1247,102,0,128.579732,37.090341,2025-01-15
3610128402,용아교(북측),104,0,128.821978,37.039403,2025-01-15
3610133903,무성리1072-2,101,0,128.58387,37.089785,2025-01-15
3610135501,마시리1138-1,102,0,128.651927,37.010884,2025-01-15
3610134402,불로리657-82,101,0,128.589099,37.067176,2025-01-15
3610006533,군위초등학교,101,0,128.585923,37.139281,2025-01-15
3610006537,용대리374-2,101,0,128.616749,37.133105,2025-01-15
3610006704,중구사거리,101,0,128.59068,37.141824,2025-01-15
3610008109,송원리1062-7,101,0,128.498654,37.158588,2025-01-15
3610004814,이화리1007-4,101,0,128.689086,37.098986,2025-01-15
3610009602,구미시-군위군,105,0,128.450878,37.134618,2025-01-15
3610007004,서군위IC교차로,106,0,128.500751,37.144448,2025-01-15
3610006546,동부리170-1,101,0,128.591734,37.139676,2025-01-15
3610006226,동부리666-5,101,1,128.587831,37.131528,2025-01-15
3610161800,우보면 나호리 927-2,101,0,128.651412,37.085344,2025-01-15
3610512000,소보면 사리리 236-2,101,0,128.485418,37.211875,2025-01-15
3610176600,군위읍 서부리 120,101,0,128.58756,37.133193,2025-01-15
3610190700,삼국유사면 낙전리 551-2,101,0,128.843136,37.093516,2025-01-15
3610687700,최소노드배치점,107,0,128.620878,37.042479,2025-01-15
3610694000,최소노드배치점,107,0,128.744014,37.074181,2025-01-15
3610698600,최소노드배치점,107,0,128.644645,37.117886,2025-01-15
3610199500,효령면 병수리 1187,101,0,128.629169,37.082927,2025-01-15
3610200800,우보면 이화리 1725-6,101,0,128.680988,37.095096,2025-01-15
3610614900,의흥면 파전리 552-3,101,0,128.755701,37.074034,2025-01-15
3610615000,의흥면 파전리 484-6,101,0,128.755723,37.074141,2025-01-15
3610236100,군위읍 정리 242,101,0,128.58717,37.146301,2025-01-15
3610239800,부계면 동산리 산61-2,101,0,128.689454,36.939794,2025-01-15
3610626700,산성면 화본리 1285,101,0,128.724342,37.023277,2025-01-15
3610552100,소보면 산법리 산4-9,101,0,128.522994,37.132156,2025-01-15
3610337300,효령면 화계리 597-4,101,0,128.662466,37.013481,2025-01-15
3610561200,군위읍 사직리 9-19,101,0,128.580245,37.125379,2025-01-15
3610368200,부계면 창평리 808-1,101,0,128.690558,37.006253,2025-01-15
3610575600,소보면 송원리 678-5,101,0,128.494975,37.156478,2025-01-15
3610411000,효령면 화계리 1373-24,101,0,128.651472,37.018198,2025-01-15
3610413800,우보면 이화리 1710,101,0,128.693892,37.085948,2025-01-15
3610414000,우보면 봉산리 1428,101,0,128.65669,37.07329,2025-01-15
3610442800,군위읍 용대리 404,101,0,128.615876,37.132506,2025-01-15
3610469500,최소노드배치점,107,0,128.594967,37.062138,2025-01-15
3610588300,최소노드배치점,107,0,128.541064,37.102854,2025-01-15
3610477900,최소노드배치점,107,0,128.59579,37.029124,2025-01-15
3610590400,최소노드배치점,107,0,128.44939,37.195664,2025-01-15
3610487700,최소노드배치점,107,0,128.726264,37.090283,2025-01-15
3610504800,최소노드배치점,107,0,128.634635,37.084902,2025-01-15
3610597300,최소노드배치점,107,0,128.537948,37.170791,2025-01-15
3610001107,화계리1009-6,101,0,128.653613,37.017892,2025-01-15
3610113202,양지말교차로,101,0,128.68278,36.988896,2025-01-15
3610132701,수서리503-1,101,0,128.576947,37.113372,2025-01-15
3610137202,사직리226,101,0,128.574932,37.130485,2025-01-15
3610130402,동군위IC교차로,102,0,128.68378,37.000608,2025-01-15
3610001306,제1무암교(서측),104,0,128.724662,37.007888,2025-01-15
3610090102,삼국유사군위휴게소,104,0,128.716105,36.979288,2025-01-15
3610000418,동산리1708-4,101,0,128.667862,36.950996,2025-01-15
3610133402,수서리1660,101,0,128.574677,37.112217,2025-01-15
3610132201,삽령리261-3,102,0,128.552957,37.165149,2025-01-15
3610138602,서부리489-1,101,0,128.584106,37.140338,2025-01-15
3610139601,정리242,102,0,128.588062,37.146346,2025-01-15
3610002904,효령삼거리,101,0,128.600696,37.058019,2025-01-15
3610090502,서군위IC,106,0,128.498211,37.146147,2025-01-15
3610517800,도산2교(동측),104,0,128.462531,37.134374,2025-01-15
3610599000,삼산교(동측),104,0,128.727309,36.996772,2025-01-15
3610164900,군위읍 서부리 558,101,0,128.585827,37.131913,2025-01-15
3610602600,의흥면 연계리 1146-3,101,0,128.765299,37.067684,2025-01-15
3610174900,효령면 화계리 1404-25,101,0,128.653138,37.015237,2025-01-15
3610603300,의흥면 금양리 637-1,101,0,128.762105,37.053287,2025-01-15
3610696000,최소노드배치점,107,0,128.563049,37.167996,2025-01-15
3610527500,군위읍 외량리 220-1,101,0,128.562206,37.170699,2025-01-15
3610611300,의흥면 매성리 805-3,101,0,128.771768,37.052378,2025-01-15
3610264900,효령면 화계리 1373-8,101,0,128.654602,37.017882,2025-01-15
3610266700,부계면 동산리 1637-3,101,0,128.665106,36.951672,2025-01-15
3610547100,소보면 송원리 540-11,101,0,128.49187,37.171174,2025-01-15
3610629900,의흥면 지호리 1356,101,0,128.786888,37.070668,2025-01-15
3610554700,군위읍 수서리 1421,101,0,128.572229,37.089896,2025-01-15
3610363900,군위읍 정리 183-1,101,0,128.586572,37.143724,2025-01-15
3610407700,우보면 미성리 산1-5,101,0,128.690884,37.081169,2025-01-15
3610408900,우보면 나호리 927-2,101,0,128.65179,37.08535,2025-01-15
3610579800,소보면 내의리 996,101,0,128.506734,37.18048,2025-01-15
3610580100,군위읍 외량리 362-3,101,0,128.560754,37.163156,2025-01-15
3610416500,우보면 봉산리 613,101,0,128.651402,37.077522,2025-01-15
3610584200,소보면 봉황리 1135-1,101,0,128.507042,37.16532,2025-01-15
3610662400,산성면 화본리 산109-1,101,0,128.717795,37.023541,2025-01-15
3610584600,소보면 내의리 1176-1,101,0,128.500603,37.178081,2025-01-15
3610663700,최소노드배치점,107,0,128.861505,37.074593,2025-01-15
3610465900,최소노드배치점,107,0,128.716842,37.080405,2025-01-15
3610468300,최소노드배치점,107,0,128.682108,36.984627,2025-01-15
3610666900,최소노드배치점,107,0,128.824847,37.029956,2025-01-15
3610478000,최소노드배치점,107,0,128.610546,37.046233,2025-01-15
3610485700,최소노드배치점,107,0,128.619883,37.03776,2025-01-15
3610486300,최소노드배치점,107,0,128.659971,37.012241,2025-01-15
3610489400,최소노드배치점,107,0,128.634801,37.127417,2025-01-15
3610592800,최소노드배치점,107,0,128.526022,37.130068,2025-01-15
3610492300,최소노드배치점,107,0,128.641641,36.933683,2025-01-15
3610493300,최소노드배치점,107,0,128.708887,37.019437,2025-01-15
3610495100,최소노드배치점,107,0,128.682299,37.035327,2025-01-15
3610139002,서부리391-2,102,0,128.583078,37.138369,2025-01-15
3610001108,화계리1009-6,101,0,128.653633,37.017999,2025-01-15
3610133502,수서리1660,101,0,128.572841,37.109543,2025-01-15
3610006511,군위국민체육센터,101,0,128.591638,37.138543,2025-01-15
3610005502,속성변화점,103,0,128.581907,37.102325,2025-01-15
3610006525,서부리555-5,101,0,128.585018,37.136845,2025-01-15
3610003503,이지교,101,0,128.729485,37.073203,2025-01-15
3610135002,거매리487-5,102,0,128.610428,37.053561,2025-01-15
3610137702,서부리161-1,102,0,128.58371,37.132057,2025-01-15
3610129001,학성교(북측),104,0,128.822046,37.036299,2025-01-15
3610006534,용대리374-2,101,0,128.616863,37.13317,2025-01-15
3610001709,삼국유사면사무소,101,0,128.815349,37.025017,2025-01-15
3610000903,부계삼거리,101,0,128.689719,36.997886,2025-01-15
3610137001,선곡리892-8,101,0,128.689553,37.103501,2025-01-15
3610137502,군위서부LH천년나무1단지,102,0,128.58684,37.132953,2025-01-15
3610004809,우보삼거리,101,0,128.684081,37.096192,2025-01-15
3610147800,신화교(서측),104,0,128.66828,37.007084,2025-01-15
3610153900,군위교(남측),104,0,128.586698,37.142235,2025-01-15
3610599400,망대교(동측),104,0,128.830894,37.02085,2025-01-15
3610157100,낙전2교(남측),104,0,128.837935,37.099007,2025-01-15
3610605200,산성면 삼산리 261-10,101,0,128.728691,36.99677,2025-01-15
3610607700,삼국유사면 석산리 418-6,101,0,128.889736,37.071489,2025-01-15
3610674900,최소노드배치점,107,0,128.661021,37.086711,2025-01-15
3610675500,최소노드배치점,107,0,128.610642,37.055328,2025-01-15
3610681000,최소노드배치점,107,0,128.676545,37.00542,2025-01-15
3610691100,최소노드배치점,107,0,128.61463,37.052743,2025-01-15
3610691500,최소노드배치점,107,0,128.632152,37.034403,2025-01-15
3610695300,최소노드배치점,107,0,128.846923,37.064323,2025-01-15
3610699100,최소노드배치점,107,0,128.724225,37.073888,2025-01-15
3610699200,최소노드배치점,107,0,128.563141,37.113545,2025-01-15
3610699900,최소노드배치점,107,0,128.691619,37.072141,2025-01-15
3610530800,소보면 봉황리 947-11,101,0,128.510432,37.163903,2025-01-15
3610513400,소보면 보현리 82,101,0,128.480599,37.206852,2025-01-15
3610267000,군위읍 동부리 964-1,101,0,128.589478,37.134124,2025-01-15
3610269500,우보면 두북리 685-1,101,0,128.665331,37.113858,2025-01-15
3610622400,산성면 삼산리 787-3,101,0,128.724105,36.989131,2025-01-15
3610284500,효령면 중구리 205-6,101,0,128.604033,37.05715,2025-01-15
3610628000,의흥면 읍내리 785-10,101,0,128.73467,37.072752,2025-01-15
3610629500,삼국유사면 가암리 1063,101,0,128.861552,37.083306,2025-01-15
3610558100,군위읍 수서리 1555-4,101,0,128.564162,37.083618,2025-01-15
3610514900,소보면 사리리 180-3,101,0,128.484634,37.20861,2025-01-15
3610634800,산성면 화본리 206-6,101,0,128.732442,37.023982,2025-01-15
3610356400,부계면 신화리 1496-9,101,0,128.665699,37.01073,2025-01-15
3610411900,부계면 남산리 722-4,101,0,128.658365,36.936964,2025-01-15
3610660200,산성면 삼산리 1069-1,101,0,128.727469,36.996842,2025-01-15
3610584000,소보면 도산리 1287-3,101,0,128.475846,37.13896,2025-01-15
3610663100,최소노드배치점,107,0,128.813128,37.046128,2025-01-15
3610663400,최소노드배치점,107,0,128.811366,37.049721,2025-01-15
3610666500,최소노드배치점,107,0,128.905181,37.063713,2025-01-15
3610588100,최소노드배치점,107,0,128.570265,37.11196,2025-01-15
3610478300,최소노드배치점,107,0,128.611268,37.049426,2025-01-15
3610488900,최소노드배치점,107,0,128.641033,37.124697,2025-01-15
3610140003,서경리760-4,101,0,128.509126,37.134039,2025-01-15
3610088801,군위JC,106,0,128.583801,37.062191,2025-01-15
3610000413,동산리산127,101,0,128.663502,36.949453,2025-01-15
3610003401,가암삼거리,101,0,128.862313,37.071629,2025-01-15
3610141003,화수육교(남측),104,0,128.777228,37.021986,2025-01-15
3610136002,고곡리1408-135,101,0,128.596095,37.012451,2025-01-15
3610137902,동부리967-20,102,0,128.588728,37.131284,2025-01-15
3610001121,거매리230-3,101,0,128.617772,37.045812,2025-01-15
3610001705,화북리30-6,101,0,128.813758,37.02205,2025-01-15
3610004104,병천교(북측),103,0,128.601674,37.079009,2025-01-15
3610006535,용대리374-2,101,0,128.616911,37.133065,2025-01-15
3610001126,화계리1082-92,101,0,128.658785,37.016742,2025-01-15
3610004808,우보삼거리,101,0,128.684194,37.09626,2025-01-15
3610133104,수서리1660,101,0,128.578469,37.109998,2025-01-15
3610140201,군위군-의성군,105,0,128.599737,37.180166,2025-01-15
3610006544,동부사거리,101,0,128.591387,37.136999,2025-01-15
3610148400,대율천교(남측),104,0,128.678171,36.960054,2025-01-15
3610150700,미성교(북측),104,0,128.692187,37.083503,2025-01-15
3610517700,도산2교(동측),104,0,128.46253,37.134482,2025-01-15
3610157600,광현교(동측),104,0,128.629551,37.140539,2025-01-15
3610177600,우보면 모산리 482-69,101,0,128.705883,37.050575,2025-01-15
3610188600,군위읍 서부리 126-13,101,0,128.586337,37.131424,2025-01-15
3610193700,우보면 봉산리 산56-1,101,0,128.648642,37.078427,2025-01-15
3610693500,최소노드배치점,107,0,128.566467,37.112116,2025-01-15
3610609900,의흥면 금양리 946,101,0,128.767206,37.038765,2025-01-15
3610614000,삼국유사면 괴산리 123,101,0,128.839202,37.016264,2025-01-15
3610237400,군위읍 정리 242,101,0,128.587377,37.146313,2025-01-15
3610255700,부계면 대율리 1357-23,101,0,128.67476,36.96164,2025-01-15
3610539600,소보면 평호리 549,101,0,128.505793,37.131505,2025-01-15
3610543700,군위읍 서부리 161-1,101,0,128.583974,37.13319,2025-01-15
3610553700,소보면 달산리 1282,101,0,128.451035,37.166302,2025-01-15
3610635700,산성면 운산리 105-2,101,0,128.720846,37.0091,2025-01-15
3610564100,군위읍 대북리 683-2,101,0,128.576671,37.159035,2025-01-15
3610377400,우보면 문덕리 1098-7,101,0,128.707124,37.048275,2025-01-15
3610569200,소보면 서경리 760-1,101,0,128.508856,37.135737,2025-01-15
3610572300,소보면 서경리 720-2,101,0,128.504273,37.140877,2025-01-15
3610645400,의흥면 파전리 518-3,101,0,128.758426,37.073644,2025-01-15
3610397500,군위읍 용대리 401,101,0,128.614773,37.132062,2025-01-15
3610402300,효령면 노행리 1302,101,0,128.636892,37.098394,2025-01-15
3610580900,소보면 내의리 1457,101,0,128.509885,37.180354,2025-01-15
3610591900,최소노드배치점,107,0,128.583744,37.128702,2025-01-15
3610592200,최소노드배치점,107,0,128.48636,37.171584,2025-01-15
3610592400,최소노드배치점,107,0,128.5441,37.118083,2025-01-15
3610595800,최소노드배치점,107,0,128.4454,37.168075,2025-01-15
3610004502,이화리1710,101,0,128.693,37.086981,2025-01-15
3610006520,사라온이야기마을,101,0,128.586353,37.136729,2025-01-15
3610006521,사라온이야기마을,101,0,128.586353,37.136838,2025-01-15
3610135102,중구리17-10,102,0,128.60764,37.054077,2025-01-15
3610000501,가호교(남측),104,0,128.676363,36.96504,2025-01-15
3610138304,동부리964-10,101,0,128.586885,37.13863,2025-01-15
3610137201,사직리226,101,0,128.574967,37.130593,2025-01-15
3610007520,대북리758-1,101,0,128.576387,37.153804,2025-01-15
3610000419,동산리1708-4,101,0,128.667924,36.951094,2025-01-15
3610519200,소보면 도산리 1287-6,101,0,128.477733,37.138975,2025-01-15
3610192800,효령면 중구리 326-3,101,0,128.601213,37.0549,2025-01-15
3610674500,최소노드배치점,107,0,128.609644,37.017704,2025-01-15
3610695100,최소노드배치점,107,0,128.6618,37.018859,2025-01-15
3610697900,최소노드배치점,107,0,128.49889,37.147385,2025-01-15
3610224300,우보면 달산리 1391-1,101,0,128.664261,37.068116,2025-01-15
3610531400,군위읍 서부리 526-4,101,0,128.584637,37.142327,2025-01-15
3610617200,의흥면 원산리 1360,101,0,128.739732,37.071239,2025-01-15
3610250000,우보면 모산리 1133-3,101,0,128.692719,37.068461,2025-01-15
3610250900,군위읍 동부리 946-1,101,0,128.589737,37.143906,2025-01-15
3610546500,소보면 산법리 산2-5,101,0,128.516919,37.133377,2025-01-15
3610325300,삼국유사면 낙전리 242-1,101,0,128.845479,37.092598,2025-01-15
3610556600,소보면 위성리 1191-1,101,0,128.480934,37.18306,2025-01-15
3610332900,우보면 두북리 827,101,0,128.667301,37.112614,2025-01-15
3610564800,군위읍 내량리 456,101,0,128.565987,37.148517,2025-01-15
3610644400,의흥면 이지리 1590,101,0,128.728877,37.061293,2025-01-15
3610569500,군위읍 수서리 1685-1,101,0,128.564123,37.11276,2025-01-15
3610382400,우보면 이화리 557-2,101,0,128.70333,37.08031,2025-01-15
3610573500,소보면 봉황리 1115,101,0,128.505218,37.166751,2025-01-15
3610578100,소보면 달산리 279-2,101,0,128.480773,37.164585,2025-01-15
3610654400,삼국유사면 양지리 191-1,101,0,128.849947,37.066633,2025-01-15
3610439900,부계면 춘산리 88-3,101,0,128.677816,36.972587,2025-01-15
3610453800,우보면 문덕리 487-3,101,0,128.706405,37.048875,2025-01-15
3610499300,최소노드배치점,107,0,128.687275,36.942354,2025-01-15
3610504900,최소노드배치점,107,0,128.634635,37.08501,2025-01-15
3610597100,최소노드배치점,107,0,128.538815,37.174684,2025-01-15
3610130602,달산리188-1,101,0,128.677941,37.050333,2025-01-15
3610065602,삼국유사교차로,101,0,128.776948,37.022027,2025-01-15
3610065703,화수교차로,101,0,128.773599,37.014073,2025-01-15
3610000410,남산1리서원마을회관,101,0,128.660146,36.945759,2025-01-15
3610008104,송원교,104,0,128.49357,37.156183,2025-01-15
3610132703,수서리503-1,101,0,128.57687,37.113259,2025-01-15
3610000412,동산리산127,101,0,128.663591,36.949539,2025-01-15
3610138801,군위초등학교,101,0,128.585646,37.140107,2025-01-15
3610004607,나호리1246-2,101,0,128.648746,37.085924,2025-01-15
3610134403,불로리657-82,101,0,128.588965,37.067207,2025-01-15
3610001115,거매리230-3,101,0,128.617998,37.045848,2025-01-15
3610111201,부계면 남산리 117-3,101,0,128.659175,36.935536,2025-01-15
3610111203,부계면 남산리 114-1,101,0,128.659132,36.935384,2025-01-15
3610112701,남천2교(북측),104,0,128.677134,36.972963,2025-01-15
3610140802,삼국유사터널,101,0,128.728867,37.061037,2025-01-15
3610112404,현창교차로,101,0,128.675559,36.979283,2025-01-15
3610004815,이화리1007-4,101,0,128.68918,37.099106,2025-01-15
3610149400,마시교(남측),104,0,128.653151,37.015339,2025-01-15
3610159400,부계면 대율리 673-4,101,0,128.674748,36.96064,2025-01-15
3610159900,군위읍 서부리 16-7,101,0,128.585741,37.140355,2025-01-15
3610169300,부계면 창평리 산13-2,101,0,128.688688,37.003628,2025-01-15
3610186800,부계면 창평리 산55-11,101,0,128.697386,36.994611,2025-01-15
3610195800,우보면 봉산리 837,101,0,128.64625,37.08076,2025-01-15
3610196300,군위읍 광현리 1153-1,101,0,128.647051,37.147399,2025-01-15
3610679300,최소노드배치점,107,0,128.614751,36.984816,2025-01-15
3610697100,최소노드배치점,107,0,128.762645,37.048319,2025-01-15
3610697600,최소노드배치점,107,0,128.633381,37.093553,2025-01-15
3610699300,최소노드배치점,107,0,128.513752,37.167153,2025-01-15
3610207100,효령면 장기리 901-5,101,0,128.601041,37.020076,2025-01-15
3610612200,의흥면 원산리 428-1,101,0,128.759045,37.060252,2025-01-15
3610529800,군위읍 수서리 530,101,0,128.576354,37.114381,2025-01-15
3610230000,효령면 화계리 715-2,101,0,128.660264,37.015496,2025-01-15
3610615500,의흥면 금양리 152-3,101,0,128.766192,37.038155,2025-01-15
3610616000,의흥면 매성리 798,101,0,128.770879,37.048608,2025-01-15
3610537400,군위읍 외량리 219-13,101,0,128.561753,37.171463,2025-01-15
3610538600,소보면 도산리 1287-13,101,0,128.485649,37.139029,2025-01-15
3610264300,효령면 화계리 1373-37,101,0,128.642261,37.018997,2025-01-15
3610308900,효령면 매곡리 61,101,0,128.622982,36.977225,2025-01-15
3610371100,우보면 이화리 산234,101,0,128.700295,37.08222,2025-01-15
3610656400,산성면 무암리 609,101,0,128.7312,37.005071,2025-01-15
3610444500,효령면 마시리 1195,101,0,128.633737,37.012577,2025-01-15
3610468700,최소노드배치점,107,0,128.676631,36.975781,2025-01-15
3610667200,최소노드배치점,107,0,128.824321,37.026279,2025-01-15
3610590500,최소노드배치점,107,0,128.449524,37.195678,2025-01-15
3610591100,최소노드배치점,107,0,128.467004,37.157913,2025-01-15
3610086702,평호터널(북측),104,0,128.536069,37.107324,2025-01-15
3610141402,화수리973-1,101,0,128.77235,37.030785,2025-01-15
3610004313,간동삼거리,101,0,128.59879,37.082266,2025-01-15
3610128902,괴산리227,102,0,128.841156,37.01462,2025-01-15
3610136302,고곡리1008,101,0,128.604677,36.993969,2025-01-15
3610009203,사리2교,101,0,128.484093,37.209515,2025-01-15
3610004202,수서리683,101,0,128.705352,37.079647,2025-01-15
3610136001,고곡리1408-135,101,0,128.59618,37.012534,2025-01-15
3610133203,수서리1660,101,0,128.576431,37.112317,2025-01-15
3610140806,삼국유사터널,101,0,128.728662,37.06102,2025-01-15
3610112302,남천1교(서측),104,0,128.673493,36.953887,2025-01-15
3610002908,불로삼거리,101,0,128.59476,37.065092,2025-01-15
3610145300,남천3교(북측),104,0,128.685108,36.991722,2025-01-15
3610149300,마시교(남측),104,0,128.653286,37.015328,2025-01-15
3610195100,부계면 창평리 439-1,101,0,128.700806,36.992542,2025-01-15
3610525700,소보면 봉황리 315-3,101,0,128.523223,37.174257,2025-01-15
3610682100,최소노드배치점,107,0,128.614516,37.052686,2025-01-15
3610692500,최소노드배치점,107,0,128.507095,37.17315,2025-01-15
3610696600,최소노드배치점,107,0,128.665555,37.023595,2025-01-15
3610618100,삼국유사면 석산리 1066,101,0,128.880257,37.07482,2025-01-15
3610618900,산성면 화전리 1126,101,0,128.7287,37.043773,2025-01-15
3610252000,효령면 매곡리 393-4,101,0,128.618583,36.981025,2025-01-15
3610619600,삼국유사면 화북리 1168-1,101,0,128.796219,37.028231,2025-01-15
3610253900,산성면 화본리 812-10,101,0,128.715185,37.029543,2025-01-15
3610267100,군위읍 동부리 586-5,101,0,128.58937,37.134189,2025-01-15
3610625400,삼국유사면 화북리 1127-38,101,0,128.791288,37.019544,2025-01-15
3610627100,삼국유사면 화수리 1284,101,0,128.774465,37.015398,2025-01-15
3610547700,소보면 위성리 1249-19,101,0,128.480072,37.182848,2025-01-15
3610630900,의흥면 금양리 723-1,101,0,128.759559,37.046908,2025-01-15
3610323900,우보면 이화리 1230-2,101,0,128.683495,37.095861,2025-01-15
3610332700,우보면 이화리 산121-4,101,0,128.676003,37.095147,2025-01-15
3610639000,의흥면 매성리 66-2,101,0,128.771405,37.046287,2025-01-15
3610567000,군위읍 서부리 161-1,101,0,128.583284,37.132817,2025-01-15
3610407200,부계면 가호리 1248-1,101,0,128.684354,36.98751,2025-01-15
3610435000,부계면 신화리 산242,101,0,128.668701,37.007314,2025-01-15
3610583700,군위읍 내량리 1348,101,0,128.56659,37.142723,2025-01-15
3610471200,최소노드배치점,107,0,128.592675,37.086731,2025-01-15
3610474300,최소노드배치점,107,0,128.685253,36.99537,2025-01-15
3610478800,최소노드배치점,107,0,128.585891,37.155329,2025-01-15
3610590300,최소노드배치점,107,0,128.508739,37.139482,2025-01-15
3610481800,최소노드배치점,107,0,128.622704,37.13404,2025-01-15
3610481900,최소노드배치점,107,0,128.622609,37.134117,2025-01-15
3610486200,최소노드배치점,107,0,128.659859,37.012181,2025-01-15
3610668900,최소노드배치점,107,0,128.760434,37.055587,2025-01-15
3610489500,최소노드배치점,107,0,128.634728,37.127326,2025-01-15
3610593200,최소노드배치점,107,0,128.46544,37.183915,2025-01-15
3610672000,최소노드배치점,107,0,128.732941,37.050928,2025-01-15
3610672600,최소노드배치점,107,0,128.803097,37.025061,2025-01-15
3610596700,최소노드배치점,107,0,128.545336,37.179976,2025-01-15
3610086701,평호터널(북측),104,0,128.53617,37.107397,2025-01-15
3610112604,춘산리133-1,101,0,128.676889,36.979141,2025-01-15
3610003504,이지교,101,0,128.729513,37.073309,2025-01-15
3610137101,선곡리928,102,0,128.68924,37.104102,2025-01-15
3610137403,서부리114-2,101,0,128.586679,37.133216,2025-01-15
3610001003,부계교차로,101,0,128.684911,36.999109,2025-01-15
3610006526,군위신문사,101,0,128.588006,37.13701,2025-01-15
3610129402,화북리30-1,102,0,128.81424,37.021506,2025-01-15
3610140803,삼국유사터널,101,0,128.728855,37.060887,2025-01-15
3610134001,무성리1071-4,102,0,128.583712,37.089415,2025-01-15
3610139301,정리1157-1,101,0,128.586421,37.147061,2025-01-15
3610141504,이화리761-2,101,0,128.687618,37.091351,2025-01-15
3610000901,부계삼거리,101,0,128.690082,36.997971,2025-01-15
3610137002,선곡리892-8,101,0,128.689596,37.103396,2025-01-15
3610152500,장기1교(서측),104,0,128.597409,37.02042,2025-01-15
3610155500,수서교(동측),104,0,128.708925,37.079988,2025-01-15
3610598300,백학교(북측),104,0,128.723337,36.978468,2025-01-15
3610159100,효령면 거매리 230-4,101,0,128.617354,37.046651,2025-01-15
3610605300,의흥면 금양리 949,101,0,128.765564,37.040835,2025-01-15
3610512800,소보면 사리리 88-3,101,0,128.487269,37.203998,2025-01-15
3610673800,최소노드배치점,107,0,128.492121,37.139877,2025-01-15
3610676700,최소노드배치점,107,0,128.83552,37.098683,2025-01-15
3610677700,최소노드배치점,107,0,128.630488,37.090239,2025-01-15
3610698400,최소노드배치점,107,0,128.713506,37.039665,2025-01-15
3610211600,부계면 창평리 777-2,101,0,128.686213,36.999682,2025-01-15
3610230600,우보면 두북리 369-4,101,0,128.671792,37.112137,2025-01-15
3610250400,산성면 화본리 1163,101,0,128.71449,37.023531,2025-01-15
3610282000,부계면 가호리 1248-4,101,0,128.683353,36.988257,2025-01-15
3610544200,소보면 달산리 794,101,0,128.4503,37.166393,2025-01-15
3610544900,군위읍 서부리 364-10,101,0,128.582294,37.136953,2025-01-15
3610300500,삼국유사면 낙전리 733,101,0,128.83781,37.099577,2025-01-15
3610514200,소보면 보현리 82,101,0,128.479914,37.206437,2025-01-15
3610329500,부계면 대율리 1357-7,101,0,128.675132,36.962792,2025-01-15
3610514500,소보면 사리리 189-1,101,0,128.484428,37.209973,2025-01-15
3610345800,우보면 미성리 1114,101,0,128.691342,37.072775,2025-01-15
3610564300,군위읍 외량리 산23-5,101,0,128.559166,37.160265,2025-01-15
3610565600,소보면 내의리 426-2,101,0,128.510245,37.175178,2025-01-15
3610643200,의흥면 읍내리 674-7,101,0,128.736257,37.073041,2025-01-15
3610380100,효령면 거매리 348,101,0,128.616589,37.048778,2025-01-15
3610644800,의흥면 연계리 207-1,101,0,128.77134,37.058321,2025-01-15
3610389500,우보면 모산리 667,101,0,128.704667,37.052894,2025-01-15
3610646300,삼국유사면 양지리 917-1,101,0,128.855645,37.068734,2025-01-15
3610577600,군위읍 수서리 1543-3,101,0,128.567349,37.084161,2025-01-15
3610423600,효령면 장기리 산70,101,0,128.613404,37.042074,2025-01-15
3610445200,우보면 모산리 691-2,101,0,128.699336,37.055656,2025-01-15
3610461400,최소노드배치점,107,0,128.690443,36.937553,2025-01-15
3610485400,최소노드배치점,107,0,128.626629,37.033911,2025-01-15
3610592100,최소노드배치점,107,0,128.575388,37.096071,2025-01-15
3610594700,최소노드배치점,107,0,128.551568,37.117889,2025-01-15
3610672700,최소노드배치점,107,0,128.721072,37.023532,2025-01-15
3610112802,남천2교(남측),104,0,128.677751,36.972042,2025-01-15
3610130604,달산리188-1,101,0,128.67788,37.050462,2025-01-15
3610000406,동산리1579-3,101,0,128.665336,36.950765,2025-01-15
3610006512,군위국민체육센터,101,0,128.591503,37.138551,2025-01-15
3610005702,군위IC앞교차로,106,0,128.581521,37.102655,2025-01-15
3610087002,구미시-군위군,105,0,128.546059,37.098383,2025-01-15
3610130203,모산리663-4,101,0,128.703141,37.054664,2025-01-15
3610129902,지호리23-1,102,0,128.80501,37.068972,2025-01-15
3610009402,도산2교(동측),104,0,128.461111,37.13439,2025-01-15
3610009801,도산1교(북측),104,0,128.468413,37.136167,2025-01-15
3610136502,군위군-칠곡군,105,0,128.649544,36.962148,2025-01-15
3610006619,서부리5-3,101,0,128.586208,37.141967,2025-01-15
3610129502,화북리50,102,0,128.809625,37.022123,2025-01-15
3610112502,남천1교(동측),104,0,128.675309,36.95467,2025-01-15
3610002802,효령초등학교,101,0,128.605274,37.056885,2025-01-15
3610004712,백양삼거리,101,0,128.686155,37.092485,2025-01-15
3610131301,대북리240-3,102,0,128.580893,37.165677,2025-01-15
3610134802,중구리17-10,101,0,128.609637,37.052665,2025-01-15
3610140703,삼국유사터널(동측),104,0,128.725401,37.062006,2025-01-15
3610133404,수서리1660,101,0,128.574536,37.112318,2025-01-15
3610000302,남산리산128-8,101,0,128.647338,36.931268,2025-01-15
3610000904,부계삼거리,101,0,128.689737,36.997993,2025-01-15
3610005802,속성변화점,103,0,128.581953,37.103049,2025-01-15
3610004610,오천리564,101,0,128.628385,37.087681,2025-01-15
3610138604,서부리489-1,101,0,128.584009,37.14047,2025-01-15
3610001402,삼국유사면 화수리 692-2,101,0,128.770466,37.010881,2025-01-15
3610090402,서군위하이패스IC,106,1,128.497943,37.146684,2025-01-15
3610112903,대율교차로,101,0,128.67821,36.969284,2025-01-15
3610154000,군위교(남측),104,0,128.586833,37.142237,2025-01-15
3610159700,부계면 창평리 439-1,101,0,128.700267,36.992841,2025-01-15
3610600800,의흥면 파전리 185-5,101,0,128.760803,37.072381,2025-01-15
3610511700,소보면 사리리 364-4,101,0,128.488599,37.218908,2025-01-15
3610183900,군위읍 서부리 556,101,0,128.585007,37.13633,2025-01-15
3610186600,효령면 화계리 1373-17,101,0,128.668673,37.024814,2025-01-15
3610194600,효령면 불로리 657-122,101,0,128.58929,37.067244,2025-01-15
3610682700,최소노드배치점,107,0,128.631042,37.128226,2025-01-15
3610688700,최소노드배치점,107,0,128.635549,37.014464,2025-01-15
3610693000,최소노드배치점,107,0,128.525829,37.174525,2025-01-15
3610210400,우보면 나호리 970-5,101,0,128.648889,37.083992,2025-01-15
3610619900,의흥면 읍내리 784-1,101,0,128.743707,37.074355,2025-01-15
3610258000,군위읍 하곡리 718,101,0,128.60546,37.134768,2025-01-15
3610268100,효령면 고곡리 549-4,101,0,128.593372,37.013481,2025-01-15
3610542600,군위읍 수서리 1654-24,101,0,128.559654,37.114341,2025-01-15
3610542900,소보면 서경리 591-2,101,0,128.507188,37.137299,2025-01-15
3610623400,의흥면 연계리 631-3,101,0,128.768218,37.063624,2025-01-15
3610626800,산성면 화본리 1285,101,0,128.724436,37.023355,2025-01-15
3610296400,효령면 중구리 160-2,101,0,128.605318,37.056284,2025-01-15
3610304400,우보면 달산리 1782,101,0,128.677676,37.050499,2025-01-15
3610561300,소보면 보현리 720,101,0,128.450273,37.193293,2025-01-15
3610366500,군위읍 광현리 1089-1,101,0,128.630906,37.141428,2025-01-15
3610574400,소보면 내의리 996,101,0,128.502313,37.179244,2025-01-15
3610578700,군위읍 삽령리 200-1,101,0,128.554001,37.165057,2025-01-15
3610433000,우보면 이화리 1479-2,101,0,128.677602,37.095031,2025-01-15
3610661800,삼국유사면 화수리 698-4,101,0,128.769994,37.011173,2025-01-15
3610584400,소보면 봉황리 산128-5,101,0,128.531942,37.170828,2025-01-15
3610585100,최소노드배치점,107,0,128.582086,37.106522,2025-01-15
3610668700,최소노드배치점,107,0,128.831529,37.048535,2025-01-15
3610487800,최소노드배치점,107,0,128.622552,37.049271,2025-01-15
3610497400,최소노드배치점,107,0,128.689157,37.057491,2025-01-15
3610002206,화수리1275,101,0,128.771041,37.036537,2025-01-15
3610001305,화본사거리,101,0,128.714294,37.023172,2025-01-15
3610008207,달산삼거리,101,0,128.486162,37.168117,2025-01-15
3610007514,대북리산92-6,101,0,128.573463,37.153392,2025-01-15
3610006210,동부리678-5,101,0,128.587346,37.130061,2025-01-15
3610006703,중구사거리,101,0,128.590794,37.141887,2025-01-15
3610006707,중구사거리,101,0,128.59055,37.142076,2025-01-15
3610001711,삼국유사면사무소,101,0,128.815221,37.024907,2025-01-15
3610113501,가호교,101,0,128.684532,36.987673,2025-01-15
3610005201,군위군-의성군,105,0,128.724712,37.100289,2025-01-15
3610004612,오천리564,101,0,128.628417,37.087832,2025-01-15
3610140202,군위군-의성군,105,0,128.599572,37.180197,2025-01-15
3610006213,동부리875,101,0,128.585798,37.12481,2025-01-15
3610154700,우보교(동측),104,0,128.678214,37.09319,2025-01-15
3610155300,수서교(서측),104,0,128.708685,37.079955,2025-01-15
3610520200,군위읍 대흥리 산98,101,0,128.550535,37.179093,2025-01-15
3610184500,부계면 창평리 산12-9,101,0,128.686176,37.000344,2025-01-15
3610686200,최소노드배치점,107,0,128.50177,37.129202,2025-01-15
3610693800,최소노드배치점,107,0,128.65634,36.931891,2025-01-15
3610202300,우보면 달산리 864-4,101,0,128.669786,37.059421,2025-01-15
3610610700,의흥면 연계리 561-2,101,0,128.767324,37.064438,2025-01-15
3610618600,산성면 무암리 474-2,101,0,128.734875,37.000907,2025-01-15
3610290600,우보면 봉산리 680-3,101,0,128.648074,37.082164,2025-01-15
3610633500,삼국유사면 괴산리 산50-1,101,0,128.837365,37.016597,2025-01-15
3610559700,소보면 송원리 698-1,101,0,128.495378,37.156569,2025-01-15
3610361900,우보면 달산리 1790,101,0,128.678906,37.045453,2025-01-15
3610389800,우보면 이화리 1707-6,101,0,128.695564,37.084667,2025-01-15
3610392200,부계면 가호리 1025-7,101,0,128.685135,36.991183,2025-01-15
3610416200,부계면 신화리 675-1,101,0,128.666839,37.009083,2025-01-15
3610580500,군위읍 서부리 161-1,101,0,128.584567,37.132364,2025-01-15
3610444300,산성면 화본리 1152-1,101,0,128.714096,37.022668,2025-01-15
3610662200,의흥면 연계리 581-3,101,0,128.770963,37.064817,2025-01-15
3610586900,최소노드배치점,107,0,128.459418,37.199226,2025-01-15
3610488700,최소노드배치점,107,0,128.652778,36.951374,2025-01-15
3610670700,최소노드배치점,107,0,128.782558,37.029171,2025-01-15
3610594100,최소노드배치점,107,0,128.490215,37.165038,2025-01-15
3610002205,화수리1275,101,0,128.771051,37.036424,2025-01-15
3610007103,군위교교차로,101,0,128.582782,37.147113,2025-01-15
3610007505,정동1교,101,0,128.580484,37.147621,2025-01-15
3610007512,외량리906-2,101,0,128.563136,37.161382,2025-01-15
3610133704,수서리1660,101,0,128.574746,37.109751,2025-01-15
3610009501,도산2교(서측),104,0,128.460661,37.134522,2025-01-15
3610004703,백양삼거리,101,0,128.685736,37.092213,2025-01-15
3610139303,정리1157-1,101,0,128.586553,37.14694,2025-01-15
3610132101,삽령리31-3,101,0,128.55872,37.164382,2025-01-15
3610136203,고곡리1409-4,101,0,128.602635,36.995831,2025-01-15
3610000902,부계삼거리,101,0,128.690025,36.997873,2025-01-15
3610137501,군위서부LH천년나무1단지,102,0,128.586956,37.133009,2025-01-15
3610005604,군위IC앞,101,1,128.581931,37.102734,2025-01-15
3610145200,가호교(동측),104,0,128.685985,36.993728,2025-01-15
3610146800,제2석굴암교(북측),104,0,128.666649,36.951159,2025-01-15
3610153600,신화교(남측),104,0,128.666122,37.010187,2025-01-15
3610171800,우보면 봉산리 1441,101,0,128.64582,37.079555,2025-01-15
3610176700,군위읍 서부리 117-14,101,0,128.587548,37.133301,2025-01-15
3610181000,우보면 이화리 493-2,101,0,128.696583,37.084045,2025-01-15
3610512300,소보면 사리리 810-2,101,0,128.487709,37.216765,2025-01-15
3610686700,최소노드배치점,107,0,128.555224,37.158579,2025-01-15
3610687600,최소노드배치점,107,0,128.516923,37.133263,2025-01-15
3610687800,최소노드배치점,107,0,128.712158,36.987955,2025-01-15
3610696400,최소노드배치점,107,0,128.464695,37.16113,2025-01-15
3610529900,군위읍 수서리 505-3,101,0,128.576247,37.114447,2025-01-15
3610530200,소보면 내의리 1099-2,101,0,128.501722,37.178776,2025-01-15
3610530600,소보면 내의리 390-4,101,0,128.512402,37.179368,2025-01-15
3610222000,군위읍 동부리 41-7,101,0,128.597714,37.136997,2025-01-15
3610534600,소보면 서경리 590-2,101,0,128.506817,37.137655,2025-01-15
3610239300,효령면 고곡리 765-2,101,0,128.598079,37.003655,2025-01-15
3610241700,군위읍 서부리 5-3,101,0,128.585464,37.142006,2025-01-15
3610269000,우보면 문덕리 225-4,101,0,128.714741,37.037039,2025-01-15
3610275200,효령면 마시리 1138-1,101,0,128.652468,37.01263,2025-01-15
3610544600,소보면 봉황리 1219-5,101,0,128.506782,37.173065,2025-01-15
3610287500,효령면 불로리 657-119,101,0,128.590518,37.06694,2025-01-15
3610296800,부계면 창평리 276-1,101,0,128.704167,36.99062,2025-01-15
3610302200,효령면 화계리 602-4,101,0,128.663234,37.012842,2025-01-15
3610304200,부계면 창평리 1025-3,101,0,128.686534,36.999487,2025-01-15
3610632300,의흥면 금양리 945-2,101,0,128.764178,37.045536,2025-01-15
3610336600,효령면 금매리 1292-8,101,0,128.634519,37.032813,2025-01-15
3610338600,우보면 봉산리 112-1,101,0,128.654671,37.075406,2025-01-15
3610358100,우보면 이화리 1105-7,101,0,128.686134,37.097678,2025-01-15
3610642000,의흥면 파전리 681-2,101,0,128.753825,37.074126,2025-01-15
3610381600,산성면 화본리 1308,101,0,128.713395,37.020847,2025-01-15
3610382100,우보면 선곡리 산156-1,101,0,128.69178,37.102901,2025-01-15
3610575700,소보면 송원리 682-4,101,0,128.494932,37.15658,2025-01-15
3610647600,산성면 무암리 597-1,101,0,128.731986,37.004319,2025-01-15
3610515600,소보면 사리리 산72-1,101,0,128.482035,37.210678,2025-01-15
3610650700,삼국유사면 양지리 740-8,101,0,128.840405,37.058217,2025-01-15
3610654100,의흥면 연계리 150-1,101,0,128.771873,37.057736,2025-01-15
3610654300,삼국유사면 양지리 482-3,101,0,128.849902,37.066735,2025-01-15
3610417900,효령면 금매리 1279-30,101,0,128.624387,37.038616,2025-01-15
3610655400,의흥면 금양리 953-58,101,0,128.768329,37.037003,2025-01-15
3610580700,소보면 평호리 549,101,0,128.507672,37.133088,2025-01-15
3610426100,우보면 달산리 1815,101,0,128.66334,37.068782,2025-01-15
3610440000,군위읍 동부리 945-5,101,0,128.591536,37.1424,2025-01-15
3610442500,군위읍 동부리 99-1,101,0,128.590967,37.135862,2025-01-15
3610584800,군위읍 외량리 220-1,101,0,128.563088,37.166638,2025-01-15
3610469400,최소노드배치점,107,0,128.594843,37.062095,2025-01-15
3610477300,최소노드배치점,107,0,128.617346,37.01465,2025-01-15
3610492700,최소노드배치점,107,0,128.663906,37.021652,2025-01-15
3610495000,최소노드배치점,107,0,128.682168,37.035355,2025-01-15
3610130603,달산리188-1,101,0,128.677845,37.050358,2025-01-15
3610143800,갈뫼교(서측),104,0,128.608451,37.044667,2025-01-15
3610087001,구미시-군위군,105,0,128.54616,37.098455,2025-01-15
3610006613,대구지방법원의성지원군위군법원,101,0,128.586721,37.141789,2025-01-15
3610001005,부계교차로,101,0,128.684745,36.998884,2025-01-15
3610131004,용대리736,101,0,128.623556,37.129237,2025-01-15
3610006531,군위초등학교,101,0,128.586014,37.139146,2025-01-15
3610137302,서부리555-5,101,0,128.584911,37.133395,2025-01-15
3610140804,삼국유사터널,101,0,128.728742,37.060862,2025-01-15
3610129201,학성리산87-3,102,0,128.812414,37.060778,2025-01-15
3610007518,대북리758-1,101,0,128.576554,37.15373,2025-01-15
3610007522,외량리905-10,101,0,128.563085,37.161882,2025-01-15
3610090002,동군위IC교차로,106,0,128.683395,37.00051,2025-01-15
3610000601,가호교(북측),104,0,128.676665,36.965423,2025-01-15
3610002303,우보면 문덕리 17-5,101,0,128.717147,37.034216,2025-01-15
3610001717,화북3리마을회관,101,0,128.807283,37.022509,2025-01-15
3610004821,호포삼거리,101,0,128.67027,37.092732,2025-01-15
3610085202,군위터널(남측),104,0,128.44356,37.168019,2025-01-15
3610143200,금매교(남측),104,0,128.63474,37.026916,2025-01-15
3610598000,파전교(동측),104,0,128.759575,37.072961,2025-01-15
3610166100,우보면 문덕리 270-6,101,0,128.712127,37.042253,2025-01-15
3610520500,소보면 도산리 968-1,101,0,128.467609,37.134417,2025-01-15
3610604100,산성면 무암리 464-3,101,0,128.734802,37.000728,2025-01-15
3610606600,의흥면 읍내리 263-2,101,0,128.737824,37.074869,2025-01-15
3610196500,의흥면 수서리 663-15,101,0,128.709282,37.07752,2025-01-15
3610677300,최소노드배치점,107,0,128.889056,37.072034,2025-01-15
3610678100,최소노드배치점,107,0,128.641171,37.022207,2025-01-15
3610689600,최소노드배치점,107,0,128.724247,37.093279,2025-01-15
3610692200,최소노드배치점,107,0,128.637831,37.125933,2025-01-15
3610695900,최소노드배치점,107,0,128.479065,37.162727,2025-01-15
3610699600,최소노드배치점,107,0,128.854116,37.068494,2025-01-15
3610199900,군위읍 정리 1166,101,0,128.586644,37.144565,2025-01-15
3610527000,소보면 달산리 1019-11,101,0,128.476754,37.160063,2025-01-15
3610608500,산성면 백학리 591-2,101,0,128.722401,36.979828,2025-01-15
3610230300,우보면 달산리 392-5,101,0,128.682581,37.038086,2025-01-15
3610537700,소보면 서경리 760-4,101,0,128.50993,37.134806,2025-01-15
3610540300,군위읍 외량리 478-2,101,0,128.553317,37.156296,2025-01-15
3610272800,우보면 봉산리 1436-10,101,0,128.633287,37.082312,2025-01-15
3610543400,소보면 봉황리 1086-2,101,0,128.506065,37.16685,2025-01-15
3610297200,군위읍 용대리 75-2,101,0,128.627268,37.128422,2025-01-15
3610553600,소보면 산법리 128-3,101,0,128.537951,37.119927,2025-01-15
3610337800,우보면 달산리 1815,101,0,128.674343,37.054393,2025-01-15
3610637000,의흥면 원산리 1328-2,101,0,128.749188,37.065536,2025-01-15
3610370200,부계면 대율리 1170-17,101,0,128.674416,36.956143,2025-01-15
3610568500,소보면 산법리 637,101,0,128.529862,37.126226,2025-01-15
3610381900,우보면 달산리 1415-10,101,0,128.660346,37.070797,2025-01-15
3610645000,산성면 운산리 939,101,0,128.71633,37.013271,2025-01-15
3610391500,군위읍 정리 1140-4,101,0,128.586532,37.146196,2025-01-15
3610407000,부계면 남산리 1477-4,101,0,128.658777,36.937623,2025-01-15
3610412300,우보면 두북리 802,101,0,128.67735,37.109824,2025-01-15
3610651500,삼국유사면 가암리 287-2,101,0,128.863128,37.079195,2025-01-15
3610428100,우보면 문덕리 271-1,101,0,128.711744,37.043128,2025-01-15
3610450700,부계면 대율리 1381-5,101,0,128.674655,36.959779,2025-01-15
3610455300,삼국유사면 낙전리 553-1,101,0,128.842968,37.093766,2025-01-15
3610586600,최소노드배치점,107,0,128.580991,37.140362,2025-01-15
3610464600,최소노드배치점,107,0,128.679561,36.986077,2025-01-15
3610663900,최소노드배치점,107,0,128.813004,37.057184,2025-01-15
3610465400,최소노드배치점,107,0,128.642825,36.931677,2025-01-15
3610472100,최소노드배치점,107,0,128.59993,37.074292,2025-01-15
3610588900,최소노드배치점,107,0,128.584789,37.150624,2025-01-15
3610476900,최소노드배치점,107,0,128.593473,37.0173,2025-01-15
3610488800,최소노드배치점,107,0,128.640953,37.12461,2025-01-15
3610592900,최소노드배치점,107,0,128.525905,37.130015,2025-01-15
3610492600,최소노드배치점,107,0,128.663792,37.021709,2025-01-15
3610501700,최소노드배치점,107,0,128.682012,36.946989,2025-01-15
3610009102,군위군-의성군,105,0,128.446875,37.201032,2025-01-15
3610003301,이지교(남측),101,0,128.729199,37.071874,2025-01-15
3610009201,사리2교,101,0,128.484255,37.209562,2025-01-15
3610134302,무성교(서측),104,0,128.584177,37.090081,2025-01-15
3610138402,동부리948-1,102,0,128.590566,37.139624,2025-01-15
3610128301,용아교(남측),104,0,128.821736,37.038008,2025-01-15
3610130802,병수리87,102,0,128.627656,37.08459,2025-01-15
3610131802,군위종합운동장,102,0,128.574916,37.148807,2025-01-15
3610004811,우보삼거리,101,0,128.684145,37.096368,2025-01-15
3610002907,불로삼거리,101,1,128.594887,37.065057,2025-01-15
3610598700,삼산교(서측),104,0,128.727022,36.996455,2025-01-15
3610165700,효령면 거매리 480-69,101,0,128.612984,37.054368,2025-01-15
3610521900,소보면 서경리 646-3,101,0,128.505558,37.139244,2025-01-15
3610605800,의흥면 연계리 1181-12,101,0,128.767425,37.064189,2025-01-15
3610605900,의흥면 읍내리 250-3,101,0,128.737259,37.073243,2025-01-15
3610606700,산성면 무암리 584-1,101,0,128.731008,37.005363,2025-01-15
3610691400,최소노드배치점,107,0,128.620818,36.979141,2025-01-15
3610693200,최소노드배치점,107,0,128.601157,37.136798,2025-01-15
3610694600,최소노드배치점,107,0,128.578966,37.150969,2025-01-15
3610697400,최소노드배치점,107,0,128.619542,37.143393,2025-01-15
3610611700,삼국유사면 석산리 1100,101,0,128.86808,37.073534,2025-01-15
3610619800,의흥면 이지리 242-1,101,0,128.728761,37.070249,2025-01-15
3610620600,의흥면 금양리 115-3,101,0,128.766954,37.03896,2025-01-15
3610620900,의흥면 연계리 414-3,101,0,128.772984,37.068045,2025-01-15
3610268300,부계면 동산리 1677,101,0,128.686017,36.944411,2025-01-15
3610268700,우보면 모산리 690-6,101,0,128.700108,37.055571,2025-01-15
3610541000,소보면 달산리 381-2,101,0,128.478081,37.160583,2025-01-15
3610542200,소보면 내의리 1325,101,0,128.493579,37.172812,2025-01-15
3610285400,군위읍 용대리 733,101,0,128.621067,37.131187,2025-01-15
3610546900,군위읍 수서리 5-6,101,0,128.580438,37.116817,2025-01-15
3610311300,군위읍 광현리 369-1,101,0,128.640474,37.14816,2025-01-15
3610551000,소보면 위성리 872-14,101,0,128.483117,37.183755,2025-01-15
3610555900,소보면 내의리 426-2,101,0,128.511913,37.175429,2025-01-15
3610342600,효령면 성리 910-1,101,0,128.610605,37.08139,2025-01-15
3610345700,군위읍 서부리 16-1,101,0,128.585814,37.140928,2025-01-15
3610635300,의흥면 수서리 412-2,101,0,128.719254,37.073947,2025-01-15
3610562100,소보면 내의리 1290-1,101,0,128.492772,37.172024,2025-01-15
3610637300,삼국유사면 석산리 1096,101,0,128.872187,37.074802,2025-01-15
3610638000,의흥면 원산리 1321,101,0,128.75531,37.061918,2025-01-15
3610378800,군위읍 용대리 264-2,101,0,128.625192,37.135927,2025-01-15
3610405200,우보면 봉산리 산89-1,101,0,128.630594,37.082291,2025-01-15
3610416100,부계면 대율리 780-71,101,0,128.674402,36.958535,2025-01-15
3610434600,효령면 내리리 247,101,0,128.585296,37.059991,2025-01-15
3610661300,산성면 운산리 502-6,101,0,128.719655,37.00961,2025-01-15
3610664100,최소노드배치점,107,0,128.771103,37.009454,2025-01-15
3610665600,최소노드배치점,107,0,128.775248,37.016437,2025-01-15
3610476800,최소노드배치점,107,0,128.593607,37.017285,2025-01-15
3610590900,최소노드배치점,107,0,128.458214,37.159479,2025-01-15
3610481400,최소노드배치점,107,0,128.595002,37.168332,2025-01-15
3610488600,최소노드배치점,107,0,128.652647,36.951351,2025-01-15
3610593900,최소노드배치점,107,0,128.457586,37.18658,2025-01-15
3610594200,최소노드배치점,107,0,128.451051,37.198374,2025-01-15
3610596100,최소노드배치점,107,0,128.535036,37.121257,2025-01-15
3610006403,군위교교차로,101,0,128.581291,37.143633,2025-01-15
3610005501,속성변화점,103,0,128.582034,37.102337,2025-01-15
3610009401,도산2교(동측),104,0,128.461114,37.134498,2025-01-15
3610004201,수서리683,101,0,128.70535,37.079758,2025-01-15
3610008007,소보교(동측),104,0,128.493682,37.158142,2025-01-15
3610006532,군위초등학교,101,0,128.585884,37.139177,2025-01-15
3610112702,남천2교(북측),104,0,128.677023,36.972902,2025-01-15
3610131603,내량리9-1,101,0,128.57494,37.147116,2025-01-15
3610008301,구미시-군위군,105,0,128.437715,37.168683,2025-01-15
3610002211,연계리622-2,101,0,128.76882,37.062947,2025-01-15
3610006538,서부리555-5,101,0,128.585665,37.138244,2025-01-15
3610137004,선곡리892-8,101,0,128.689415,37.103487,2025-01-15
3610139401,정리248-1,101,0,128.588036,37.147422,2025-01-15
3610141603,이화리774-5,101,0,128.690898,37.08974,2025-01-15
3610128603,낙전리730-2,101,0,128.838153,37.098587,2025-01-15
3610136402,속성변화점,103,0,128.604487,36.994909,2025-01-15
3610086502,산법터널(북측),104,0,128.529103,37.117632,2025-01-15
3610002602,효령교(남측),101,0,128.603736,37.054992,2025-01-15
3610001502,고곡리1429-1,101,0,128.592864,37.013541,2025-01-15
3610145100,가호교(동측),104,0,128.685892,36.99365,2025-01-15
3610518300,평호교(서측),104,0,128.505029,37.131189,2025-01-15
3610512700,소보면 복성리 산5,101,0,128.487168,37.203926,2025-01-15
3610687400,최소노드배치점,107,0,128.70207,37.081137,2025-01-15
3610689200,최소노드배치점,107,0,128.716816,36.985105,2025-01-15
3610692100,최소노드배치점,107,0,128.65304,36.954667,2025-01-15
3610696800,최소노드배치점,107,0,128.553403,37.176358,2025-01-15
3610698200,최소노드배치점,107,0,128.680484,37.042089,2025-01-15
3610700300,최소노드배치점,107,0,128.56313,37.147595,2025-01-15
3610227600,군위읍 용대리 721,101,0,128.625728,37.128511,2025-01-15
3610538100,군위읍 금구리 648-3,101,0,128.58274,37.116949,2025-01-15
3610539000,소보면 위성리 산97-4,101,0,128.487322,37.185869,2025-01-15
3610557500,소보면 봉황리 1045-3,101,0,128.504101,37.168331,2025-01-15
3610361600,효령면 화계리 1133,101,0,128.65021,37.018181,2025-01-15
3610571600,소보면 봉황리 849-2,101,0,128.513292,37.166692,2025-01-15
3610515300,소보면 사리리 240-1,101,0,128.48625,37.214072,2025-01-15
3610656600,삼국유사면 화북리 산297-1,101,0,128.786927,37.029338,2025-01-15
3610657600,의흥면 수북리 1381-3,101,0,128.729833,37.074097,2025-01-15
3610662800,최소노드배치점,107,0,128.818457,37.039986,2025-01-15
3610475600,최소노드배치점,107,0,128.589139,37.157506,2025-01-15
3610516800,최소노드배치점,107,0,128.477855,37.204864,2025-01-15
3610489000,최소노드배치점,107,0,128.644761,37.123049,2025-01-15
3610496700,최소노드배치점,107,0,128.681497,37.051187,2025-01-15
3610130301,부계교차로,101,0,128.685088,36.99945,2025-01-15
3610003603,의흥면 읍내리 245-2,101,0,128.739969,37.073615,2025-01-15
3610008205,달산삼거리,101,0,128.486343,37.168022,2025-01-15
3610008803,화실교,101,0,128.481976,37.182793,2025-01-15
3610134404,불로리657-82,101,0,128.589036,37.067303,2025-01-15
3610004804,우보삼거리,101,0,128.68488,37.096852,2025-01-15
3610004711,백양삼거리,101,0,128.68621,37.092386,2025-01-15
3610134701,중구리319-9,102,0,128.601342,37.05527,2025-01-15
3610009001,보현리산76-7,101,0,128.463753,37.200519,2025-01-15
3610004812,이화리1007-4,101,0,128.689353,37.099124,2025-01-15
3610006702,중구사거리,101,0,128.590824,37.141963,2025-01-15
3610006705,중구사거리,101,0,128.590525,37.14185,2025-01-15
3610002210,연계리622-2,101,0,128.76892,37.063019,2025-01-15
3610006101,군위읍 금구리 591,101,0,128.584243,37.118325,2025-01-15
3610002502,중구삼거리,101,0,128.606169,37.053895,2025-01-15
3610008901,보현2리마을회관,101,0,128.447326,37.197338,2025-01-15
3610130903,노행리95-4,101,0,128.648134,37.112091,2025-01-15
3610130904,노행리95-4,101,0,128.648129,37.112174,2025-01-15
3610065605,화수교차로,101,0,128.773243,37.014215,2025-01-15
3610136902,이화리1230-2,101,0,128.68484,37.094888,2025-01-15
3610139101,동부리288-3,101,0,128.58989,37.143623,2025-01-15
3610001504,고곡리1429-1,101,1,128.592762,37.013671,2025-01-15
3610601300,의흥면 금양리 631-1,101,0,128.760851,37.051137,2025-01-15
3610602200,의흥면 연계리 427-7,101,0,128.777552,37.068752,2025-01-15
3610172100,우보면 이화리 800-1,101,0,128.686895,37.094444,2025-01-15
3610193600,우보면 봉산리 산56-1,101,0,128.648727,37.07851,2025-01-15
3610688000,최소노드배치점,107,0,128.631061,37.085676,2025-01-15
3610688500,최소노드배치점,107,0,128.654906,36.948466,2025-01-15
3610527600,소보면 달산리 667-4,101,0,128.46723,37.160167,2025-01-15
3610615700,삼국유사면 가암리 237-2,101,0,128.862704,37.077611,2025-01-15
3610617300,산성면 삼산리 산61-1,101,0,128.723667,36.986262,2025-01-15
3610243300,우보면 나호리 1292-103,101,0,128.64885,37.083635,2025-01-15
3610624700,삼국유사면 인곡리 산112-4,101,0,128.828886,37.045963,2025-01-15
3610625800,삼국유사면 양지리 83-3,101,0,128.853847,37.068332,2025-01-15
3610547500,소보면 위성리 1249-8,101,0,128.482865,37.181473,2025-01-15
3610304300,우보면 달산리 117-1,101,0,128.677643,37.050394,2025-01-15
3610632400,의흥면 금양리 산141,101,0,128.764044,37.045525,2025-01-15
3610557700,소보면 송원리 1045,101,0,128.502603,37.159204,2025-01-15
3610563500,소보면 달산리 334-2,101,0,128.475796,37.160046,2025-01-15
3610515100,소보면 보현리 668-1,101,0,128.474061,37.204353,2025-01-15
3610565500,소보면 달산리 276-2,101,0,128.479809,37.163886,2025-01-15
3610640800,산성면 무암리 1034,101,0,128.734199,37.001971,2025-01-15
3610370600,부계면 창평리 1545-4,101,0,128.697147,36.994578,2025-01-15
3610567100,군위읍 서부리 161-1,101,0,128.583228,37.132915,2025-01-15
3610646700,삼국유사면 양지리 925,101,0,128.849449,37.066412,2025-01-15
3610409000,우보면 두북리 39-4,101,0,128.681595,37.107383,2025-01-15
3610651700,의흥면 금양리 500-3,101,0,128.764253,37.044598,2025-01-15
3610417400,삼국유사면 낙전리 512-6,101,0,128.842336,37.094158,2025-01-15
3610657200,삼국유사면 학성리 112-1,101,0,128.8216,37.037468,2025-01-15
3610434900,부계면 창평리 1554-17,101,0,128.687785,36.998808,2025-01-15
3610455000,우보면 봉산리 838,101,0,128.647928,37.078713,2025-01-15
3610586100,최소노드배치점,107,0,128.574967,37.116145,2025-01-15
3610588400,최소노드배치점,107,0,128.582112,37.098229,2025-01-15
3610588600,최소노드배치점,107,0,128.582832,37.09422,2025-01-15
3610591300,최소노드배치점,107,0,128.573495,37.090835,2025-01-15
3610485600,최소노드배치점,107,0,128.619959,37.03785,2025-01-15
3610493500,최소노드배치점,107,0,128.707837,37.0158,2025-01-15
3610595400,최소노드배치점,107,0,128.450681,37.1874,2025-01-15
3610140001,서경리760-4,101,0,128.509133,37.134192,2025-01-15
3610004206,수서리683,101,0,128.705099,37.079761,2025-01-15
3610138401,동부리948-1,102,0,128.590574,37.139732,2025-01-15
3610006529,군위신문사,101,0,128.58787,37.136988,2025-01-15
3610138501,서부리497-3,102,0,128.58444,37.141358,2025-01-15
3610001122,거매리230-3,101,0,128.617874,37.045882,2025-01-15
3610005403,군위IC,106,0,128.578454,37.102113,2025-01-15
3610111809,대율리1378-1,101,0,128.673589,36.950825,2025-01-15
3610139901,낙전리산97-5,102,0,128.83107,37.110798,2025-01-15
3610000202,남산리산198-2,101,0,128.644114,36.928698,2025-01-15
3610007524,외량리905-10,101,0,128.562925,37.162061,2025-01-15
3610005008,선곡리880-1,101,0,128.691771,37.103015,2025-01-15
3610132202,삽령리261-3,102,0,128.552949,37.165257,2025-01-15
3610001401,삼국유사면 화수리 692-2,101,0,128.770503,37.010985,2025-01-15
3610006214,동부리875,101,1,128.585844,37.124951,2025-01-15
3610006542,동부사거리,101,0,128.591526,37.137095,2025-01-15
3610089602,동군위IC,106,1,128.68007,36.998131,2025-01-15
3610511400,사리교(남측),104,0,128.484552,37.210161,2025-01-15
3610598600,백학교(남측),104,0,128.723537,36.978382,2025-01-15
3610160400,우보면 나호리 731-3,101,0,128.661629,37.086786,2025-01-15
3610166300,우보면 모산리 544-1,101,0,128.70523,37.051836,2025-01-15
3610601900,삼국유사면 학성리 402-12,101,0,128.815878,37.023768,2025-01-15
3610521300,소보면 송원리 144,101,0,128.498037,37.158164,2025-01-15
3610522600,소보면 봉황리 1229,101,0,128.508306,37.173963,2025-01-15
3610512400,소보면 사리리 391-1,101,0,128.487581,37.216799,2025-01-15
3610680900,최소노드배치점,107,0,128.762896,37.037852,2025-01-15
3610526700,군위읍 수서리 산86-1,101,0,128.565926,37.112077,2025-01-15
3610211800,효령면 고곡리 1408-1,101,0,128.603225,36.995299,2025-01-15
3610529400,군위읍 대흥리 338-6,101,0,128.552897,37.177252,2025-01-15
3610538200,군위읍 금구리 653-1,101,0,128.58274,37.116841,2025-01-15
3610621800,삼국유사면 석산리 1060,101,0,128.876053,37.076559,2025-01-15
3610622200,산성면 무암리 1037-1,101,0,128.724002,37.008164,2025-01-15
3610276000,군위읍 동부리 951,101,0,128.590002,37.137011,2025-01-15
3610544300,소보면 도산리 1271,101,0,128.476381,37.138864,2025-01-15
3610625200,삼국유사면 학성리 414,101,0,128.815239,37.025337,2025-01-15
3610295100,우보면 달산리 1455-1,101,0,128.659684,37.071186,2025-01-15
3610308800,효령면 매곡리 1259,101,0,128.623114,36.977249,2025-01-15
3610631300,의흥면 읍내리 763-6,101,0,128.730542,37.076114,2025-01-15
3610633700,의흥면 금양리 89-2,101,0,128.766275,37.040029,2025-01-15
3610350300,효령면 매곡리 1264-2,101,0,128.612269,36.987288,2025-01-15
3610563700,소보면 송원리 144,101,0,128.496131,37.158162,2025-01-15
3610566300,군위읍 서부리 492-8,101,0,128.584819,37.140291,2025-01-15
3610388200,효령면 중구리 211-9,101,0,128.60263,37.057575,2025-01-15
3610576300,군위읍 정리 1176,101,0,128.579121,37.15093,2025-01-15
3610655300,의흥면 금양리 953-58,101,0,128.768304,37.036896,2025-01-15
3610430300,효령면 내리리 126-4,101,0,128.587047,37.060723,2025-01-15
3610657900,산성면 삼산리 1061-2,101,0,128.719761,36.983172,2025-01-15
3610660600,의흥면 수북리 775-1,101,0,128.725752,37.079151,2025-01-15
3610661200,삼국유사면 화북리 140-5,101,0,128.807804,37.02205,2025-01-15
3610666800,최소노드배치점,107,0,128.729555,37.057983,2025-01-15
3610483400,최소노드배치점,107,0,128.651693,36.931867,2025-01-15
3610668500,최소노드배치점,107,0,128.833127,37.051502,2025-01-15
3610491800,최소노드배치점,107,0,128.619954,37.085765,2025-01-15
3610495300,최소노드배치점,107,0,128.626617,37.137921,2025-01-15
3610135402,거매리32-1,102,0,128.628695,37.054521,2025-01-15
3610000404,동산리1579-3,101,0,128.665656,36.950754,2025-01-15
3610138903,서부리391-2,101,0,128.584739,37.138275,2025-01-15
3610006605,군위교교차로,101,0,128.582084,37.145301,2025-01-15
3610006404,군위교교차로,101,0,128.58116,37.143655,2025-01-15
3610004316,간동삼거리,101,0,128.601729,37.081478,2025-01-15
3610003101,동곡교(동측),104,0,128.844034,37.062271,2025-01-15
3610130303,부계교차로,101,0,128.684898,36.999458,2025-01-15
3610130304,부계교차로,101,0,128.684998,36.99953,2025-01-15
3610003404,가암삼거리,101,0,128.862188,37.071588,2025-01-15
3610135502,마시리1138-1,102,0,128.651823,37.010952,2025-01-15
3610088001,불로터널(남측),104,0,128.57444,37.070199,2025-01-15
3610135001,거매리487-5,102,0,128.61053,37.05349,2025-01-15
3610140502,군위삼국유사테마파크,101,0,128.721651,37.063418,2025-01-15
3610006706,중구사거리,101,0,128.59047,37.141953,2025-01-15
3610130501,창평리1557-1,101,0,128.685714,37.000006,2025-01-15
3610113503,가호교,101,0,128.684379,36.987611,2025-01-15
3610002903,효령삼거리,101,1,128.600803,37.058085,2025-01-15
3610089502,동군위IC,106,0,128.678272,37.000041,2025-01-15
3610142900,금매교(북측),104,0,128.63264,37.029426,2025-01-15
3610146300,동군위IC교(남측),104,0,128.680633,36.998038,2025-01-15
3610148000,신화교(동측),104,0,128.668967,37.006851,2025-01-15
3610175400,군위읍 용대리 산25-12,101,0,128.637262,37.126257,2025-01-15
3610175700,군위읍 용대리 산15-1,101,0,128.632011,37.12791,2025-01-15
3610178200,부계면 남산리 산102-2,101,0,128.653487,36.929526,2025-01-15
3610180700,효령면 금매리 396-2,101,0,128.636431,37.031023,2025-01-15
3610678000,최소노드배치점,107,0,128.646129,37.114998,2025-01-15
3610686600,최소노드배치점,107,0,128.685374,36.945481,2025-01-15
3610688900,최소노드배치점,107,0,128.791926,37.025462,2025-01-15
3610691200,최소노드배치점,107,0,128.548098,37.179896,2025-01-15
3610700100,최소노드배치점,107,0,128.663509,37.068806,2025-01-15
3610212300,효령면 성리 697-1,101,0,128.604341,37.081739,2025-01-15
3610615100,의흥면 연계리 164-9,101,0,128.772568,37.055233,2025-01-15
3610534300,소보면 위성리 1249-10,101,0,128.483957,37.179661,2025-01-15
3610535500,군위읍 수서리 1270-7,101,0,128.575852,37.098406,2025-01-15
3610242500,효령면 금매리 1005-2,101,0,128.628384,37.036253,2025-01-15
3610253100,부계면 남산리 산106-3,101,0,128.653415,36.931902,2025-01-15
3610264500,부계면 창평리 735-6,101,0,128.688669,36.998562,2025-01-15
3610539700,소보면 달산리 63-4,101,0,128.487324,37.167203,2025-01-15
3610621900,산성면 운산리 941,101,0,128.717826,37.010631,2025-01-15
3610288800,부계면 가호리 974-4,101,0,128.68507,36.993894,2025-01-15
3610629300,의흥면 매성리 805,101,0,128.77136,37.050357,2025-01-15
3610553800,소보면 달산리 1282,101,0,128.450997,37.166199,2025-01-15
3610633800,의흥면 금양리 86-3,101,0,128.766387,37.04009,2025-01-15
3610342300,부계면 창평리 1298-7,101,0,128.68287,37.001016,2025-01-15
3610571200,소보면 서경리 363,101,0,128.511163,37.132446,2025-01-15
3610388100,효령면 마시리 1138-57,101,0,128.639065,37.017829,2025-01-15
3610574100,군위읍 정리 935-8,101,0,128.580487,37.147401,2025-01-15
3610392300,부계면 가호리 1025-6,101,0,128.685269,36.99119,2025-01-15
3610648100,삼국유사면 화수리 971-4,101,0,128.771805,37.032014,2025-01-15
3610650100,삼국유사면 양지리 925,101,0,128.851287,37.067138,2025-01-15
3610419800,부계면 남산리 산168-6,101,0,128.655038,36.948252,2025-01-15
3610661900,삼국유사면 학성리 산66-6,101,0,128.821684,37.036606,2025-01-15
3610516400,최소노드배치점,107,0,128.479763,37.214203,2025-01-15
3610664800,최소노드배치점,107,0,128.771444,37.008212,2025-01-15
3610587500,최소노드배치점,107,0,128.573671,37.058907,2025-01-15
3610488500,최소노드배치점,107,0,128.651751,36.958034,2025-01-15
3610493600,최소노드배치점,107,0,128.704183,37.013572,2025-01-15
3610671500,최소노드배치점,107,0,128.743619,37.069644,2025-01-15
3610143600,교량(북측),104,0,128.659212,36.935989,2025-01-15
3610128504,정리930-1,101,0,128.579691,37.147503,2025-01-15
3610006514,김수환추기경생가,101,0,128.619786,37.133161,2025-01-15
3610006901,서경교(서측),104,0,128.50112,37.144335,2025-01-15
3610008005,소보교,101,0,128.492962,37.158152,2025-01-15
3610007509,외량리906-2,101,0,128.563258,37.161429,2025-01-15
3610141002,화수육교(남측),104,0,128.777435,37.021996,2025-01-15
3610133802,동산리산76-3,102,0,128.692872,36.936839,2025-01-15
3610004401,의흥면 수북리 867-3,101,0,128.720067,37.080445,2025-01-15
3610135604,마시리산131-3,101,0,128.621691,37.01324,2025-01-15
3610140807,삼국유사터널,101,0,128.728755,37.061062,2025-01-15
3610000201,남산리산198-2,101,0,128.644247,36.928712,2025-01-15
3610111102,남산리산104-1,101,0,128.655438,36.933597,2025-01-15
3610156200,화본교(서측),104,0,128.711623,37.023177,2025-01-15
3610179000,효령면 매곡리 117-1,101,0,128.621277,36.979036,2025-01-15
3610195300,군위읍 서부리 555-5,101,0,128.585187,37.13739,2025-01-15
3610679500,최소노드배치점,107,0,128.685507,36.945496,2025-01-15
3610692800,최소노드배치점,107,0,128.754156,37.062184,2025-01-15
3610694400,최소노드배치점,107,0,128.571252,37.150479,2025-01-15
3610699000,최소노드배치점,107,0,128.704081,36.990777,2025-01-15
3610608700,산성면 화본리 1272-6,101,0,128.740504,37.024016,2025-01-15
3610612300,산성면 삼산리 1094-2,101,0,128.725172,36.9917,2025-01-15
3610618000,산성면 운산리 939,101,0,128.716368,37.012497,2025-01-15
3610536800,소보면 달산리 1201-2,101,0,128.481713,37.16558,2025-01-15
3610537500,소보면 도산리 1289,101,0,128.485485,37.13892,2025-01-15
3610268400,우보면 달산리 357-1,101,0,128.680522,37.041684,2025-01-15
3610544800,소보면 봉황리 1232-3,101,0,128.504484,37.169845,2025-01-15
3610626400,삼국유사면 석산리 603-1,101,0,128.874729,37.075792,2025-01-15
3610290400,우보면 이화리 산185,101,0,128.69906,37.082802,2025-01-15
3610292500,삼국유사면 낙전리 919,101,0,128.845303,37.092781,2025-01-15
3610546400,소보면 내의리 996,101,0,128.504491,37.180053,2025-01-15
3610550500,소보면 송원리 695-1,101,0,128.496548,37.157004,2025-01-15
3610315400,효령면 금매리 1447-1,101,0,128.61585,37.043984,2025-01-15
3610633900,의흥면 매성리 686-1,101,0,128.77127,37.046396,2025-01-15
3610345300,군위읍 용대리 91-3,101,0,128.626242,37.128267,2025-01-15
3610345600,군위읍 서부리 17-11,101,0,128.585943,37.140896,2025-01-15
3610634300,의흥면 지호리 1320-2,101,0,128.778328,37.069062,2025-01-15
3610638500,삼국유사면 화북리 1168-1,101,0,128.798223,37.028671,2025-01-15
3610362800,효령면 거매리 552-9,101,0,128.620769,37.047479,2025-01-15
3610639400,의흥면 이지리 1606,101,0,128.731405,37.054386,2025-01-15
3610639800,의흥면 연계리 508-1,101,0,128.766701,37.065112,2025-01-15
3610373800,부계면 남산리 1558,101,0,128.651208,36.932791,2025-01-15
3610374400,우보면 모산리 482-104,101,0,128.705569,37.051246,2025-01-15
3610568800,소보면 송원리 1076-20,101,0,128.493844,37.156256,2025-01-15
3610389600,우보면 문덕리 28-2,101,0,128.71519,37.035909,2025-01-15
3610652800,삼국유사면 양지리 324-3,101,0,128.847006,37.064553,2025-01-15
3610429400,군위읍 동부리 288-3,101,0,128.590186,37.143054,2025-01-15
3610659100,산성면 삼산리 99-2,101,0,128.732251,36.998098,2025-01-15
3610450400,효령면 고곡리 548-1,101,0,128.593846,37.013538,2025-01-15
3610461900,최소노드배치점,107,0,128.629844,37.012161,2025-01-15
3610474900,최소노드배치점,107,0,128.672786,37.094327,2025-01-15
3610483800,최소노드배치점,107,0,128.644205,36.928405,2025-01-15
3610592000,최소노드배치점,107,0,128.575516,37.096037,2025-01-15
3610487900,최소노드배치점,107,0,128.622672,37.049221,2025-01-15
3610670000,최소노드배치점,107,0,128.747102,37.030131,2025-01-15
3610492800,최소노드배치점,107,0,128.606038,37.019104,2025-01-15
3610497300,최소노드배치점,107,0,128.68793,37.054534,2025-01-15
3610594400,최소노드배치점,107,0,128.555654,37.116409,2025-01-15
3610133501,수서리1660,101,0,128.572833,37.109651,2025-01-15
3610090202,군위영천휴게소,104,0,128.728896,36.972422,2025-01-15
3610004308,무성리1221,101,0,128.586477,37.091292,2025-01-15
3610000502,가호교(남측),104,0,128.676241,36.965087,2025-01-15
3610002101,화수교(동측),104,0,128.775054,37.027082,2025-01-15
3610113203,양지말교차로,101,0,128.682677,36.988824,2025-01-15
3610001109,화계리산1-6,101,0,128.643314,37.019381,2025-01-15
3610006001,군위읍 금구리 616,101,0,128.583932,37.116938,2025-01-15
3610007513,대북리산92-6,101,0,128.573563,37.153468,2025-01-15
3610134201,무성교(동측),104,0,128.586174,37.090989,2025-01-15
3610132801,서군교(서측),104,0,128.580729,37.116817,2025-01-15
3610133201,수서리1660,101,0,128.576542,37.112436,2025-01-15
3610141102,화수육교(북측),104,0,128.77738,37.022525,2025-01-15
3610598900,삼산교(동측),104,0,128.727397,36.99669,2025-01-15
3610111101,남산리산104-1,101,0,128.655505,36.933504,2025-01-15
3610137801,군위일보,101,0,128.586497,37.131192,2025-01-15
3610006224,동부리666-5,101,0,128.588001,37.131634,2025-01-15
3610601800,의흥면 수북리 918-2,101,0,128.721403,37.080224,2025-01-15
3610603600,의흥면 파전리 518-3,101,0,128.757607,37.073767,2025-01-15
3610674700,최소노드배치점,107,0,128.638876,37.105095,2025-01-15
3610687000,최소노드배치점,107,0,128.487581,37.193933,2025-01-15
3610690800,최소노드배치점,107,0,128.564739,37.158735,2025-01-15
3610691300,최소노드배치점,107,0,128.724656,37.084413,2025-01-15
3610692400,최소노드배치점,107,0,128.65185,36.929764,2025-01-15
3610199200,우보면 모산리 489-31,101,0,128.705075,37.052233,2025-01-15
3610202400,삼국유사면 낙전리 산105-19,101,0,128.826242,37.101296,2025-01-15
3610212100,효령면 성리 926,101,0,128.605447,37.081997,2025-01-15
3610611500,의흥면 연계리 801-5,101,0,128.770807,37.059468,2025-01-15
3610214800,효령면 금매리 745-1,101,0,128.626641,37.037289,2025-01-15
3610215400,우보면 미성리 742-3,101,0,128.690589,37.080526,2025-01-15
3610230400,군위읍 광현리 1111-1,101,0,128.628439,37.139593,2025-01-15
3610616900,의흥면 연계리 518-3,101,0,128.766765,37.064806,2025-01-15
3610236900,우보면 문덕리 464-26,101,0,128.708482,37.047843,2025-01-15
3610237100,군위읍 동부리 964-1,101,0,128.588818,37.137051,2025-01-15
3610538800,군위읍 서부리 531-8,101,0,128.584075,37.14287,2025-01-15
3610301800,부계면 창평리 1345-11,101,0,128.684145,36.998722,2025-01-15
3610305500,효령면 중구리 136-4,101,0,128.605864,37.054384,2025-01-15
3610311400,우보면 봉산리 821-1,101,0,128.646946,37.081227,2025-01-15
3610552300,군위읍 삽령리 193-1,101,0,128.553244,37.165142,2025-01-15
3610553300,군위읍 내량리 484-1,101,0,128.570838,37.150167,2025-01-15
3610555700,소보면 복성리 1090,101,0,128.488343,37.202224,2025-01-15
3610329200,부계면 대율리 1357-7,101,0,128.674693,36.961852,2025-01-15
3610633000,산성면 삼산리 산61-3,101,0,128.723519,36.986447,2025-01-15
3610341900,부계면 남산리 882-1,101,0,128.658756,36.932339,2025-01-15
3610634600,산성면 백학리 1343,101,0,128.724161,36.977622,2025-01-15
3610636400,산성면 봉림리 801-5,101,0,128.735889,36.996559,2025-01-15
3610563100,소보면 도산리 1271,101,0,128.472417,37.137573,2025-01-15
3610366400,군위읍 서부리 572,101,0,128.584842,37.1353,2025-01-15
3610565100,소보면 봉황리 298-1,101,0,128.527816,37.174123,2025-01-15
3610568900,소보면 송원리 1076-20,101,0,128.493888,37.156154,2025-01-15
3610578600,군위읍 삽령리 332-3,101,0,128.554004,37.165165,2025-01-15
3610413300,부계면 남산리 860-2,101,0,128.656228,36.931985,2025-01-15
3610422600,부계면 춘산리 산106-2,101,0,128.677813,36.968949,2025-01-15
3610423300,부계면 대율리 780-71,101,0,128.674491,36.958811,2025-01-15
3610451400,효령면 성리 610-3,101,0,128.607387,37.081973,2025-01-15
3610585300,최소노드배치점,107,0,128.582578,37.109982,2025-01-15
3610664200,최소노드배치점,107,0,128.771058,37.009352,2025-01-15
3610480100,최소노드배치점,107,0,128.6929,36.989324,2025-01-15
3610590800,최소노드배치점,107,0,128.458159,37.15938,2025-01-15
3610591400,최소노드배치점,107,0,128.568082,37.085569,2025-01-15
3610595100,최소노드배치점,107,0,128.514362,37.131739,2025-01-15
3610671700,최소노드배치점,107,0,128.858089,37.086208,2025-01-15
3610006606,군위교교차로,101,0,128.581664,37.145842,2025-01-15
3610007601,동천교(남측),103,0,128.58307,37.147589,2025-01-15
3610004204,수서리683,101,0,128.705218,37.079593,2025-01-15
3610129801,원산리1313-49,102,0,128.7382,37.071987,2025-01-15
3610089801,속성변화점,103,0,128.682148,36.999592,2025-01-15
3610129202,학성리산87-3,102,0,128.812313,37.06085,2025-01-15
3610132103,삽령리31-3,101,0,128.558484,37.164366,2025-01-15
3610132104,삽령리31-3,101,0,128.558597,37.164441,2025-01-15
3610128601,낙전리730-2,101,0,128.838213,37.098716,2025-01-15
3610000802,봉림삼거리,101,0,128.735662,36.99609,2025-01-15
3610090401,서군위하이패스IC,106,0,128.498021,37.146773,2025-01-15
3610146700,제2석굴암교(북측),104,0,128.666733,36.951075,2025-01-15
3610599300,망대교(동측),104,0,128.830845,37.020749,2025-01-15
3610168000,효령면 매곡리 389,101,0,128.618891,36.980875,2025-01-15
3610604300,산성면 삼산리 1065-4,101,0,128.730113,36.997506,2025-01-15
3610524800,군위읍 외량리 353-2,101,0,128.56141,37.162782,2025-01-15
3610193800,우보면 이화리 766-7,101,0,128.68906,37.090752,2025-01-15
3610691600,최소노드배치점,107,0,128.688603,37.003729,2025-01-15
3610208500,우보면 미성리 456-2,101,0,128.691178,37.073466,2025-01-15
3610613800,산성면 화전리 922-1,101,0,128.722371,37.041165,2025-01-15
3610532100,소보면 위성리 1249-4,101,0,128.483185,37.183958,2025-01-15
3610614800,산성면 삼산리 1069-1,101,0,128.724347,36.989411,2025-01-15
3610229300,효령면 화계리 604-28,101,0,128.661824,37.013849,2025-01-15
3610619200,의흥면 읍내리 452-4,101,0,128.732218,37.077442,2025-01-15
3610627400,삼국유사면 화수리 1279,101,0,128.773865,37.027734,2025-01-15
3610548600,군위읍 서부리 255-12,101,0,128.583747,37.136869,2025-01-15
3610549400,소보면 위성리 1191-1,101,0,128.454589,37.186325,2025-01-15
3610629700,의흥면 연계리 422-6,101,0,128.776003,37.068567,2025-01-15
3610551400,소보면 달산리 1175-8,101,0,128.449264,37.16661,2025-01-15
3610551900,소보면 서경리 607-1,101,0,128.507469,37.136875,2025-01-15
3610343000,군위읍 용대리 산64,101,0,128.623754,37.127344,2025-01-15
3610347200,효령면 금매리 1484-1,101,0,128.622984,37.0406,2025-01-15
3610636600,삼국유사면 석산리 521-1,101,0,128.877821,37.075866,2025-01-15
3610561600,소보면 봉황리 산34-21,101,0,128.504413,37.169231,2025-01-15
3610369000,우보면 이화리 519-5,101,0,128.692603,37.086177,2025-01-15
3610412100,군위읍 용대리 733,101,0,128.620366,37.131869,2025-01-15
3610432400,군위읍 서부리 555-5,101,0,128.585361,37.137456,2025-01-15
3610437500,부계면 창평리 산66-3,101,0,128.711449,36.98831,2025-01-15
3610585200,최소노드배치점,107,0,128.582712,37.109969,2025-01-15
3610586000,최소노드배치점,107,0,128.575101,37.116226,2025-01-15
3610665000,최소노드배치점,107,0,128.771942,37.011269,2025-01-15
3610471000,최소노드배치점,107,0,128.595776,37.084537,2025-01-15
3610493200,최소노드배치점,107,0,128.708755,37.019459,2025-01-15
3610089701,동군위IC,106,0,128.680822,36.998574,2025-01-15
3610131502,내량리20-1,101,0,128.577411,37.147256,2025-01-15
3610137401,서부리114-2,101,0,128.58684,37.133308,2025-01-15
3610008801,화실교,101,0,128.482097,37.182887,2025-01-15
3610128801,서부리573-1,102,0,128.5797,37.144194,2025-01-15
3610002803,효령초등학교,101,0,128.605126,37.056841,2025-01-15
3610138202,동부리964-1,102,0,128.587834,37.135644,2025-01-15
3610005007,선곡리880-1,101,0,128.691925,37.102942,2025-01-15
3610129602,화북리467-1,102,0,128.796939,37.01651,2025-01-15
3610006217,군위팔공신문,101,1,128.588663,37.1332,2025-01-15
3610087702,군위JC,106,1,128.569329,37.062063,2025-01-15
3610155700,제2수서교(서측),104,0,128.707646,37.078291,2025-01-15
3610155900,제2수서교(동측),104,0,128.707892,37.078146,2025-01-15
3610511600,소보면 보현리 668-1,101,0,128.47508,37.204526,2025-01-15
3610166200,우보면 모산리 1220-1,101,0,128.705354,37.051878,2025-01-15
3610673100,최소노드배치점,107,0,128.828403,37.045591,2025-01-15
3610681900,최소노드배치점,107,0,128.564622,37.15868,2025-01-15
3610686400,최소노드배치점,107,0,128.461616,37.185391,2025-01-15
3610694800,최소노드배치점,107,0,128.492176,37.161822,2025-01-15
3610513100,소보면 사리리 803-1,101,0,128.483505,37.208299,2025-01-15
3610614400,의흥면 읍내리 762-2,101,0,128.727953,37.078688,2025-01-15
3610533600,소보면 서경리 760-4,101,0,128.510113,37.133367,2025-01-15
3610238700,부계면 창평리 292-5,101,0,128.70675,36.989198,2025-01-15
3610287900,효령면 거매리 579-66,101,0,128.609581,37.04189,2025-01-15
3610626200,산성면 운산리 506-1,101,0,128.716432,37.012079,2025-01-15
3610631400,의흥면 읍내리 763-6,101,0,128.730673,37.076085,2025-01-15
3610317400,효령면 노행리 774-2,101,0,128.635945,37.100243,2025-01-15
3610329100,효령면 거매리 209,101,0,128.616535,37.044769,2025-01-15
3610575800,소보면 산법리 253-4,101,0,128.530612,37.123905,2025-01-15
3610397100,부계면 남산리 산125-1,101,0,128.649005,36.929887,2025-01-15
3610403700,부계면 춘산리 976-18,101,0,128.676417,36.979217,2025-01-15
3610418500,군위읍 동부리 426-2,101,0,128.588484,37.136926,2025-01-15
3610425800,부계면 창평리 1548,101,0,128.691562,37.006939,2025-01-15
3610425900,부계면 창평리 811,101,0,128.691465,37.007014,2025-01-15
3610432900,우보면 미성리 708-4,101,0,128.688297,37.079113,2025-01-15
3610439600,부계면 동산리 1663-3,101,0,128.66322,36.9494,2025-01-15
3610660000,산성면 무암리 656-4,101,0,128.731418,37.005033,2025-01-15
3610442900,군위읍 용대리 401,101,0,128.615796,37.132593,2025-01-15
3610587100,최소노드배치점,107,0,128.579002,37.106289,2025-01-15
3610483600,최소노드배치점,107,0,128.647949,36.930136,2025-01-15
3610593500,최소노드배치점,107,0,128.470641,37.182903,2025-01-15
3610594800,최소노드배치점,107,0,128.489531,37.196268,2025-01-15
3610141302,신화수교(북측),104,0,128.774456,37.028127,2025-01-15
3610004604,오천교,101,0,128.624355,37.088521,2025-01-15
3610137602,서부리558,101,0,128.585449,37.132648,2025-01-15
3610136303,고곡리1008,101,0,128.604546,36.994069,2025-01-15
3610009204,사리2교,101,0,128.484142,37.209633,2025-01-15
3610133302,수서리421-18,102,0,128.576536,37.111437,2025-01-15
3610006003,군위읍 금구리 616,101,0,128.583777,37.116857,2025-01-15
3610133904,무성리1072-2,101,0,128.583779,37.089864,2025-01-15
3610086602,산법터널(남측),104,0,128.530555,37.114231,2025-01-15
3610130703,봉산리1441,101,0,128.645107,37.080037,2025-01-15
3610132504,수서리428-1,101,0,128.5741,37.113446,2025-01-15
3610006411,사직교,101,0,128.581941,37.132474,2025-01-15
3610150500,미성교(남측),104,0,128.691477,37.082036,2025-01-15
3610163100,효령면 고곡리 909-4,101,0,128.599672,36.998997,2025-01-15
3610519800,군위읍 수서리 1359-2,101,0,128.574451,37.093659,2025-01-15
3610175000,부계면 창평리 740-3,101,0,128.691841,36.997166,2025-01-15
3610675900,최소노드배치점,107,0,128.568592,37.085575,2025-01-15
3610678900,최소노드배치점,107,0,128.670215,37.112376,2025-01-15
3610209400,우보면 모산리 691-2,101,0,128.698377,37.055631,2025-01-15
3610224600,효령면 노행리 1313,101,0,128.634976,37.095593,2025-01-15
3610532500,소보면 신계리 108-1,101,0,128.501844,37.144021,2025-01-15
3610241200,우보면 두북리 827,101,0,128.666602,37.112856,2025-01-15
3610257500,부계면 신화리 1428-1,101,0,128.663966,37.012233,2025-01-15
3610624400,산성면 운산리 611-3,101,0,128.716482,37.012984,2025-01-15
3610285600,우보면 봉산리 산56-1,101,0,128.648835,37.078276,2025-01-15
3610545200,군위읍 내량리 1339,101,0,128.568469,37.148978,2025-01-15
3610627200,삼국유사면 화수리 318-11,101,0,128.774347,37.015452,2025-01-15
3610546100,소보면 신계리 440-10,101,0,128.499767,37.1429,2025-01-15
3610548300,군위읍 외량리 759-2,101,0,128.553149,37.152506,2025-01-15
3610305900,우보면 모산리 482-70,101,0,128.705919,37.050465,2025-01-15
3610548900,군위읍 외량리 651-4,101,0,128.552276,37.150261,2025-01-15
3610630500,의흥면 읍내리 477-5,101,0,128.73427,37.076434,2025-01-15
3610340200,산성면 화본리 936-2,101,0,128.715633,37.022941,2025-01-15
3610347600,부계면 대율리 1266-11,101,0,128.673256,36.952279,2025-01-15
3610562800,소보면 봉황리 117-6,101,0,128.528778,37.173878,2025-01-15
3610366100,우보면 모산리 1032-1,101,0,128.697871,37.05545,2025-01-15
3610640500,의흥면 파전리 산54,101,0,128.764087,37.06925,2025-01-15
3610643600,삼국유사면 화북리 156-5,101,0,128.80608,37.023166,2025-01-15
3610395000,효령면 장군리 1076-9,101,0,128.59024,37.020854,2025-01-15
3610405500,군위읍 동부리 229-1,101,0,128.59178,37.142684,2025-01-15
3610468600,최소노드배치점,107,0,128.676499,36.97576,2025-01-15
3610472400,최소노드배치점,107,0,128.596685,37.068206,2025-01-15
3610478900,최소노드배치점,107,0,128.586043,37.15527,2025-01-15
3610485800,최소노드배치점,107,0,128.641413,37.020081,2025-01-15
3610489200,최소노드배치점,107,0,128.646945,37.120628,2025-01-15
3610132301,삽령리332-3,102,0,128.554093,37.162925,2025-01-15
3610135801,속성변화점,103,0,128.620578,37.01488,2025-01-15
3610006405,서부리364-10,101,0,128.581396,37.137093,2025-01-15
3610007508,정동1교,101,0,128.580342,37.1476,2025-01-15
3610136101,고곡리1408-210,102,0,128.596467,37.012311,2025-01-15
3610007711,정리503,101,0,128.586398,37.153241,2025-01-15
3610005401,군위휴게소,104,0,128.591553,37.16285,2025-01-15
3610005402,군위휴게소,104,0,128.596531,37.171801,2025-01-15
3610001611,장군3리마을회관,101,0,128.594269,37.02093,2025-01-15
3610001624,차황면 장위리 산 43-8,101,0,128.595271,37.025826,2025-01-15
3610007716,군위읍 오곡리 813,101,0,128.590988,37.167302,2025-01-15
3610001610,장군3리마을회관,101,0,128.594291,37.021037,2025-01-15
3610001615,장기리1051-1,101,0,128.608019,37.04343,2025-01-15
3610008701,군위군-의성군,105,0,128.597529,37.180002,2025-01-15
3610001625,차황면 장위리 산 43-8,101,0,128.595138,37.025841,2025-01-15
3610001626,효령면 장기리 1051-1,101,0,128.596536,37.032388,2025-01-15
3610001620,자연사박물관,101,0,128.594492,37.022726,2025-01-15
3610001612,장군3리마을회관,101,0,128.594136,37.02095,2025-01-15
3610001627,효령면 장기리 1051-1,101,0,128.596402,37.032395,2025-01-15
3610007714,봉양면 구미리 산 7-3,101,0,128.587356,37.154653,2025-01-15
3610007712,봉양면 구미리 777-1,101,0,128.590885,37.160371,2025-01-15
3610141901,역북동 570-4,101,0,128.593686,37.023146,2025-01-15
3610001614,장기리1051-1,101,0,128.608101,37.043523,2025-01-15
3610008702,군위군-의성군,105,0,128.597396,37.18002,2025-01-15
3610001622,효령면 장군리 산 5-5,101,0,128.595019,37.024653,2025-01-15
3610001629,일직면 광연리 602-1,101,0,128.596545,37.034218,2025-01-15
3610007721,군위읍 오곡리 932,101,0,128.59703,37.178545,2025-01-15
3610141902,역북동 570-4,101,0,128.593628,37.023049,2025-01-15
3610001628,일직면 광연리 602-1,101,0,128.59668,37.034212,2025-01-15
3610007708,정리503,101,0,128.58652,37.153195,2025-01-15
3610001621,자연사박물관,101,0,128.594515,37.022836,2025-01-15
3610007709,정리503,101,0,128.586286,37.152812,2025-01-15
3610001632,군위읍 정리 503,101,0,128.605757,37.041354,2025-01-15
3610007715,봉양면 구미리 산 7-3,101,0,128.587233,37.154697,2025-01-15
3610141801,신북읍 유포리 산 5-32,102,0,128.592791,37.023529,2025-01-15
3610001618,자연사박물관,101,0,128.594643,37.022797,2025-01-15
3610001616,장기리1051-1,101,0,128.60791,37.043493,2025-01-15
3610001623,효령면 장군리 산 5-5,101,0,128.594886,37.024671,2025-01-15
3610001633,군위읍 정리 503,101,0,128.605694,37.041449,2025-01-15
3610001619,자연사박물관,101,0,128.594621,37.022689,2025-01-15
3610001631,일직면 망호리 838,101,0,128.599652,37.038257,2025-01-15
3610141802,신북읍 유포리 산 5-32,102,0,128.592721,37.023436,2025-01-15
3610001617,장기리1051-1,101,1,128.607989,37.043582,2025-01-15
3610007713,봉양면 구미리 777-1,101,0,128.590761,37.160408,2025-01-15
3610142001,효령면 장군리 1072,102,0,128.595597,37.022541,2025-01-15
3610007710,정리503,101,0,128.586165,37.15286,2025-01-15
3610001613,장군3리마을회관,101,0,128.594159,37.021056,2025-01-15
3610001630,일직면 망호리 838,101,0,128.599759,37.038192,2025-01-15
3610007718,산청읍 모고리 산 15-3,103,0,128.593148,37.17098,2025-01-15
3610007717,군위읍 오곡리 813,101,0,128.590858,37.167324,2025-01-15
3610007719,산청읍 모고리 산 15-3,103,0,128.593036,37.171038,2025-01-15
3610007722,봉양면 문흥리 768-3,103,0,128.595791,37.174658,2025-01-15
3610007720,군위읍 오곡리 932,101,0,128.597161,37.178524,2025-01-15
3610007723,봉양면 문흥리 768-3,103,0,128.595665,37.174696,2025-01-15
